issue,npu_id=0,curr_cycle=0,node_id=0,node_name=COMP_NODE_FWD_iter0_b0_attention_compute
issue,npu_id=0,curr_cycle=0,node_id=200,node_name=COMM_RECV_NODE_BCKWD_iter0_b0_dp0pp0tp0
issue,npu_id=1,curr_cycle=0,node_id=402,node_name=COMM_RECV_NODE_FWD_iter0_b0_dp0pp1tp0
issue,npu_id=2,curr_cycle=0,node_id=804,node_name=COMP_NODE_FWD_iter0_b0_attention_compute
issue,npu_id=2,curr_cycle=0,node_id=1004,node_name=COMM_RECV_NODE_BCKWD_iter0_b0_dp1pp0tp0
issue,npu_id=3,curr_cycle=0,node_id=1206,node_name=COMM_RECV_NODE_FWD_iter0_b0_dp1pp1tp0
issue,npu_id=0,curr_cycle=5033,node_id=225,node_name=COMM_RECV_NODE_BCKWD_iter0_b1_dp0pp0tp0
issue,npu_id=1,curr_cycle=5033,node_id=403,node_name=COMP_NODE_FWD_iter0_b0_attention_compute
issue,npu_id=1,curr_cycle=5033,node_id=427,node_name=COMM_RECV_NODE_FWD_iter0_b1_dp0pp1tp0
issue,npu_id=2,curr_cycle=5033,node_id=1029,node_name=COMM_RECV_NODE_BCKWD_iter0_b1_dp1pp0tp0
issue,npu_id=3,curr_cycle=5033,node_id=1207,node_name=COMP_NODE_FWD_iter0_b0_attention_compute
issue,npu_id=3,curr_cycle=5033,node_id=1231,node_name=COMM_RECV_NODE_FWD_iter0_b1_dp1pp1tp0
callback,npu_id=0,curr_cycle=5033,node_id=200,node_name=COMM_RECV_NODE_BCKWD_iter0_b0_dp0pp0tp0
callback,npu_id=1,curr_cycle=5033,node_id=402,node_name=COMM_RECV_NODE_FWD_iter0_b0_dp0pp1tp0
callback,npu_id=2,curr_cycle=5033,node_id=1004,node_name=COMM_RECV_NODE_BCKWD_iter0_b0_dp1pp0tp0
callback,npu_id=3,curr_cycle=5033,node_id=1206,node_name=COMM_RECV_NODE_FWD_iter0_b0_dp1pp1tp0
issue,npu_id=0,curr_cycle=10066,node_id=250,node_name=COMM_RECV_NODE_BCKWD_iter0_b2_dp0pp0tp0
issue,npu_id=1,curr_cycle=10066,node_id=452,node_name=COMM_RECV_NODE_FWD_iter0_b2_dp0pp1tp0
issue,npu_id=2,curr_cycle=10066,node_id=1054,node_name=COMM_RECV_NODE_BCKWD_iter0_b2_dp1pp0tp0
issue,npu_id=3,curr_cycle=10066,node_id=1256,node_name=COMM_RECV_NODE_FWD_iter0_b2_dp1pp1tp0
callback,npu_id=0,curr_cycle=10066,node_id=225,node_name=COMM_RECV_NODE_BCKWD_iter0_b1_dp0pp0tp0
callback,npu_id=1,curr_cycle=10066,node_id=427,node_name=COMM_RECV_NODE_FWD_iter0_b1_dp0pp1tp0
callback,npu_id=2,curr_cycle=10066,node_id=1029,node_name=COMM_RECV_NODE_BCKWD_iter0_b1_dp1pp0tp0
callback,npu_id=3,curr_cycle=10066,node_id=1231,node_name=COMM_RECV_NODE_FWD_iter0_b1_dp1pp1tp0
issue,npu_id=0,curr_cycle=15099,node_id=275,node_name=COMM_RECV_NODE_BCKWD_iter0_b3_dp0pp0tp0
issue,npu_id=1,curr_cycle=15099,node_id=477,node_name=COMM_RECV_NODE_FWD_iter0_b3_dp0pp1tp0
issue,npu_id=2,curr_cycle=15099,node_id=1079,node_name=COMM_RECV_NODE_BCKWD_iter0_b3_dp1pp0tp0
issue,npu_id=3,curr_cycle=15099,node_id=1281,node_name=COMM_RECV_NODE_FWD_iter0_b3_dp1pp1tp0
callback,npu_id=0,curr_cycle=15099,node_id=250,node_name=COMM_RECV_NODE_BCKWD_iter0_b2_dp0pp0tp0
callback,npu_id=1,curr_cycle=15099,node_id=452,node_name=COMM_RECV_NODE_FWD_iter0_b2_dp0pp1tp0
callback,npu_id=2,curr_cycle=15099,node_id=1054,node_name=COMM_RECV_NODE_BCKWD_iter0_b2_dp1pp0tp0
callback,npu_id=3,curr_cycle=15099,node_id=1256,node_name=COMM_RECV_NODE_FWD_iter0_b2_dp1pp1tp0
issue,npu_id=0,curr_cycle=20132,node_id=300,node_name=COMM_RECV_NODE_BCKWD_iter0_b4_dp0pp0tp0
issue,npu_id=1,curr_cycle=20132,node_id=502,node_name=COMM_RECV_NODE_FWD_iter0_b4_dp0pp1tp0
issue,npu_id=2,curr_cycle=20132,node_id=1104,node_name=COMM_RECV_NODE_BCKWD_iter0_b4_dp1pp0tp0
issue,npu_id=3,curr_cycle=20132,node_id=1306,node_name=COMM_RECV_NODE_FWD_iter0_b4_dp1pp1tp0
callback,npu_id=0,curr_cycle=20132,node_id=275,node_name=COMM_RECV_NODE_BCKWD_iter0_b3_dp0pp0tp0
callback,npu_id=1,curr_cycle=20132,node_id=477,node_name=COMM_RECV_NODE_FWD_iter0_b3_dp0pp1tp0
callback,npu_id=2,curr_cycle=20132,node_id=1079,node_name=COMM_RECV_NODE_BCKWD_iter0_b3_dp1pp0tp0
callback,npu_id=3,curr_cycle=20132,node_id=1281,node_name=COMM_RECV_NODE_FWD_iter0_b3_dp1pp1tp0
issue,npu_id=0,curr_cycle=25165,node_id=325,node_name=COMM_RECV_NODE_BCKWD_iter0_b5_dp0pp0tp0
issue,npu_id=1,curr_cycle=25165,node_id=527,node_name=COMM_RECV_NODE_FWD_iter0_b5_dp0pp1tp0
issue,npu_id=2,curr_cycle=25165,node_id=1129,node_name=COMM_RECV_NODE_BCKWD_iter0_b5_dp1pp0tp0
issue,npu_id=3,curr_cycle=25165,node_id=1331,node_name=COMM_RECV_NODE_FWD_iter0_b5_dp1pp1tp0
callback,npu_id=0,curr_cycle=25165,node_id=300,node_name=COMM_RECV_NODE_BCKWD_iter0_b4_dp0pp0tp0
callback,npu_id=1,curr_cycle=25165,node_id=502,node_name=COMM_RECV_NODE_FWD_iter0_b4_dp0pp1tp0
callback,npu_id=2,curr_cycle=25165,node_id=1104,node_name=COMM_RECV_NODE_BCKWD_iter0_b4_dp1pp0tp0
callback,npu_id=3,curr_cycle=25165,node_id=1306,node_name=COMM_RECV_NODE_FWD_iter0_b4_dp1pp1tp0
issue,npu_id=0,curr_cycle=30198,node_id=350,node_name=COMM_RECV_NODE_BCKWD_iter0_b6_dp0pp0tp0
issue,npu_id=1,curr_cycle=30198,node_id=552,node_name=COMM_RECV_NODE_FWD_iter0_b6_dp0pp1tp0
issue,npu_id=2,curr_cycle=30198,node_id=1154,node_name=COMM_RECV_NODE_BCKWD_iter0_b6_dp1pp0tp0
issue,npu_id=3,curr_cycle=30198,node_id=1356,node_name=COMM_RECV_NODE_FWD_iter0_b6_dp1pp1tp0
callback,npu_id=0,curr_cycle=30198,node_id=325,node_name=COMM_RECV_NODE_BCKWD_iter0_b5_dp0pp0tp0
callback,npu_id=1,curr_cycle=30198,node_id=527,node_name=COMM_RECV_NODE_FWD_iter0_b5_dp0pp1tp0
callback,npu_id=2,curr_cycle=30198,node_id=1129,node_name=COMM_RECV_NODE_BCKWD_iter0_b5_dp1pp0tp0
callback,npu_id=3,curr_cycle=30198,node_id=1331,node_name=COMM_RECV_NODE_FWD_iter0_b5_dp1pp1tp0
issue,npu_id=0,curr_cycle=35231,node_id=375,node_name=COMM_RECV_NODE_BCKWD_iter0_b7_dp0pp0tp0
issue,npu_id=1,curr_cycle=35231,node_id=577,node_name=COMM_RECV_NODE_FWD_iter0_b7_dp0pp1tp0
issue,npu_id=2,curr_cycle=35231,node_id=1179,node_name=COMM_RECV_NODE_BCKWD_iter0_b7_dp1pp0tp0
issue,npu_id=3,curr_cycle=35231,node_id=1381,node_name=COMM_RECV_NODE_FWD_iter0_b7_dp1pp1tp0
callback,npu_id=0,curr_cycle=35231,node_id=350,node_name=COMM_RECV_NODE_BCKWD_iter0_b6_dp0pp0tp0
callback,npu_id=1,curr_cycle=35231,node_id=552,node_name=COMM_RECV_NODE_FWD_iter0_b6_dp0pp1tp0
callback,npu_id=2,curr_cycle=35231,node_id=1154,node_name=COMM_RECV_NODE_BCKWD_iter0_b6_dp1pp0tp0
callback,npu_id=3,curr_cycle=35231,node_id=1356,node_name=COMM_RECV_NODE_FWD_iter0_b6_dp1pp1tp0
callback,npu_id=0,curr_cycle=40264,node_id=375,node_name=COMM_RECV_NODE_BCKWD_iter0_b7_dp0pp0tp0
callback,npu_id=1,curr_cycle=40264,node_id=577,node_name=COMM_RECV_NODE_FWD_iter0_b7_dp0pp1tp0
callback,npu_id=2,curr_cycle=40264,node_id=1179,node_name=COMM_RECV_NODE_BCKWD_iter0_b7_dp1pp0tp0
callback,npu_id=3,curr_cycle=40264,node_id=1381,node_name=COMM_RECV_NODE_FWD_iter0_b7_dp1pp1tp0
issue,npu_id=0,curr_cycle=14431090114,node_id=1,node_name=COMP_NODE_FWD_iter0_b0_ffwd_compute
issue,npu_id=2,curr_cycle=14431090114,node_id=805,node_name=COMP_NODE_FWD_iter0_b0_ffwd_compute
callback,npu_id=0,curr_cycle=14431090114,node_id=0,node_name=COMP_NODE_FWD_iter0_b0_attention_compute
callback,npu_id=2,curr_cycle=14431090114,node_id=804,node_name=COMP_NODE_FWD_iter0_b0_attention_compute
issue,npu_id=1,curr_cycle=14431095147,node_id=404,node_name=COMP_NODE_FWD_iter0_b0_ffwd_compute
issue,npu_id=3,curr_cycle=14431095147,node_id=1208,node_name=COMP_NODE_FWD_iter0_b0_ffwd_compute
callback,npu_id=1,curr_cycle=14431095147,node_id=403,node_name=COMP_NODE_FWD_iter0_b0_attention_compute
callback,npu_id=3,curr_cycle=14431095147,node_id=1207,node_name=COMP_NODE_FWD_iter0_b0_attention_compute
issue,npu_id=0,curr_cycle=41918880808,node_id=2,node_name=COMP_NODE_FWD_iter0_b0_attention_compute
issue,npu_id=2,curr_cycle=41918880808,node_id=806,node_name=COMP_NODE_FWD_iter0_b0_attention_compute
callback,npu_id=0,curr_cycle=41918880808,node_id=1,node_name=COMP_NODE_FWD_iter0_b0_ffwd_compute
callback,npu_id=2,curr_cycle=41918880808,node_id=805,node_name=COMP_NODE_FWD_iter0_b0_ffwd_compute
issue,npu_id=1,curr_cycle=41918885841,node_id=405,node_name=COMP_NODE_FWD_iter0_b0_attention_compute
issue,npu_id=3,curr_cycle=41918885841,node_id=1209,node_name=COMP_NODE_FWD_iter0_b0_attention_compute
callback,npu_id=1,curr_cycle=41918885841,node_id=404,node_name=COMP_NODE_FWD_iter0_b0_ffwd_compute
callback,npu_id=3,curr_cycle=41918885841,node_id=1208,node_name=COMP_NODE_FWD_iter0_b0_ffwd_compute
issue,npu_id=0,curr_cycle=56349970922,node_id=3,node_name=COMP_NODE_FWD_iter0_b0_ffwd_compute
issue,npu_id=2,curr_cycle=56349970922,node_id=807,node_name=COMP_NODE_FWD_iter0_b0_ffwd_compute
callback,npu_id=0,curr_cycle=56349970922,node_id=2,node_name=COMP_NODE_FWD_iter0_b0_attention_compute
callback,npu_id=2,curr_cycle=56349970922,node_id=806,node_name=COMP_NODE_FWD_iter0_b0_attention_compute
issue,npu_id=1,curr_cycle=56349975955,node_id=406,node_name=COMP_NODE_FWD_iter0_b0_ffwd_compute
issue,npu_id=3,curr_cycle=56349975955,node_id=1210,node_name=COMP_NODE_FWD_iter0_b0_ffwd_compute
callback,npu_id=1,curr_cycle=56349975955,node_id=405,node_name=COMP_NODE_FWD_iter0_b0_attention_compute
callback,npu_id=3,curr_cycle=56349975955,node_id=1209,node_name=COMP_NODE_FWD_iter0_b0_attention_compute
issue,npu_id=0,curr_cycle=83837761616,node_id=4,node_name=COMP_NODE_FWD_iter0_b0_attention_compute
issue,npu_id=2,curr_cycle=83837761616,node_id=808,node_name=COMP_NODE_FWD_iter0_b0_attention_compute
callback,npu_id=0,curr_cycle=83837761616,node_id=3,node_name=COMP_NODE_FWD_iter0_b0_ffwd_compute
callback,npu_id=2,curr_cycle=83837761616,node_id=807,node_name=COMP_NODE_FWD_iter0_b0_ffwd_compute
issue,npu_id=1,curr_cycle=83837766649,node_id=407,node_name=COMP_NODE_FWD_iter0_b0_attention_compute
issue,npu_id=3,curr_cycle=83837766649,node_id=1211,node_name=COMP_NODE_FWD_iter0_b0_attention_compute
callback,npu_id=1,curr_cycle=83837766649,node_id=406,node_name=COMP_NODE_FWD_iter0_b0_ffwd_compute
callback,npu_id=3,curr_cycle=83837766649,node_id=1210,node_name=COMP_NODE_FWD_iter0_b0_ffwd_compute
issue,npu_id=0,curr_cycle=98268851730,node_id=5,node_name=COMP_NODE_FWD_iter0_b0_ffwd_compute
issue,npu_id=2,curr_cycle=98268851730,node_id=809,node_name=COMP_NODE_FWD_iter0_b0_ffwd_compute
callback,npu_id=0,curr_cycle=98268851730,node_id=4,node_name=COMP_NODE_FWD_iter0_b0_attention_compute
callback,npu_id=2,curr_cycle=98268851730,node_id=808,node_name=COMP_NODE_FWD_iter0_b0_attention_compute
issue,npu_id=1,curr_cycle=98268856763,node_id=408,node_name=COMP_NODE_FWD_iter0_b0_ffwd_compute
issue,npu_id=3,curr_cycle=98268856763,node_id=1212,node_name=COMP_NODE_FWD_iter0_b0_ffwd_compute
callback,npu_id=1,curr_cycle=98268856763,node_id=407,node_name=COMP_NODE_FWD_iter0_b0_attention_compute
callback,npu_id=3,curr_cycle=98268856763,node_id=1211,node_name=COMP_NODE_FWD_iter0_b0_attention_compute
issue,npu_id=0,curr_cycle=125756642424,node_id=6,node_name=COMP_NODE_FWD_iter0_b0_attention_compute
issue,npu_id=2,curr_cycle=125756642424,node_id=810,node_name=COMP_NODE_FWD_iter0_b0_attention_compute
callback,npu_id=0,curr_cycle=125756642424,node_id=5,node_name=COMP_NODE_FWD_iter0_b0_ffwd_compute
callback,npu_id=2,curr_cycle=125756642424,node_id=809,node_name=COMP_NODE_FWD_iter0_b0_ffwd_compute
issue,npu_id=1,curr_cycle=125756647457,node_id=409,node_name=COMP_NODE_FWD_iter0_b0_attention_compute
issue,npu_id=3,curr_cycle=125756647457,node_id=1213,node_name=COMP_NODE_FWD_iter0_b0_attention_compute
callback,npu_id=1,curr_cycle=125756647457,node_id=408,node_name=COMP_NODE_FWD_iter0_b0_ffwd_compute
callback,npu_id=3,curr_cycle=125756647457,node_id=1212,node_name=COMP_NODE_FWD_iter0_b0_ffwd_compute
issue,npu_id=0,curr_cycle=140187732538,node_id=7,node_name=COMP_NODE_FWD_iter0_b0_ffwd_compute
issue,npu_id=2,curr_cycle=140187732538,node_id=811,node_name=COMP_NODE_FWD_iter0_b0_ffwd_compute
callback,npu_id=0,curr_cycle=140187732538,node_id=6,node_name=COMP_NODE_FWD_iter0_b0_attention_compute
callback,npu_id=2,curr_cycle=140187732538,node_id=810,node_name=COMP_NODE_FWD_iter0_b0_attention_compute
issue,npu_id=1,curr_cycle=140187737571,node_id=410,node_name=COMP_NODE_FWD_iter0_b0_ffwd_compute
issue,npu_id=3,curr_cycle=140187737571,node_id=1214,node_name=COMP_NODE_FWD_iter0_b0_ffwd_compute
callback,npu_id=1,curr_cycle=140187737571,node_id=409,node_name=COMP_NODE_FWD_iter0_b0_attention_compute
callback,npu_id=3,curr_cycle=140187737571,node_id=1213,node_name=COMP_NODE_FWD_iter0_b0_attention_compute
issue,npu_id=0,curr_cycle=167675523232,node_id=8,node_name=COMP_NODE_FWD_iter0_b0_attention_compute
issue,npu_id=2,curr_cycle=167675523232,node_id=812,node_name=COMP_NODE_FWD_iter0_b0_attention_compute
callback,npu_id=0,curr_cycle=167675523232,node_id=7,node_name=COMP_NODE_FWD_iter0_b0_ffwd_compute
callback,npu_id=2,curr_cycle=167675523232,node_id=811,node_name=COMP_NODE_FWD_iter0_b0_ffwd_compute
issue,npu_id=1,curr_cycle=167675528265,node_id=411,node_name=COMP_NODE_FWD_iter0_b0_attention_compute
issue,npu_id=3,curr_cycle=167675528265,node_id=1215,node_name=COMP_NODE_FWD_iter0_b0_attention_compute
callback,npu_id=1,curr_cycle=167675528265,node_id=410,node_name=COMP_NODE_FWD_iter0_b0_ffwd_compute
callback,npu_id=3,curr_cycle=167675528265,node_id=1214,node_name=COMP_NODE_FWD_iter0_b0_ffwd_compute
issue,npu_id=0,curr_cycle=182106613346,node_id=9,node_name=COMP_NODE_FWD_iter0_b0_ffwd_compute
issue,npu_id=2,curr_cycle=182106613346,node_id=813,node_name=COMP_NODE_FWD_iter0_b0_ffwd_compute
callback,npu_id=0,curr_cycle=182106613346,node_id=8,node_name=COMP_NODE_FWD_iter0_b0_attention_compute
callback,npu_id=2,curr_cycle=182106613346,node_id=812,node_name=COMP_NODE_FWD_iter0_b0_attention_compute
issue,npu_id=1,curr_cycle=182106618379,node_id=412,node_name=COMP_NODE_FWD_iter0_b0_ffwd_compute
issue,npu_id=3,curr_cycle=182106618379,node_id=1216,node_name=COMP_NODE_FWD_iter0_b0_ffwd_compute
callback,npu_id=1,curr_cycle=182106618379,node_id=411,node_name=COMP_NODE_FWD_iter0_b0_attention_compute
callback,npu_id=3,curr_cycle=182106618379,node_id=1215,node_name=COMP_NODE_FWD_iter0_b0_attention_compute
issue,npu_id=0,curr_cycle=209594404040,node_id=10,node_name=COMP_NODE_FWD_iter0_b0_attention_compute
issue,npu_id=2,curr_cycle=209594404040,node_id=814,node_name=COMP_NODE_FWD_iter0_b0_attention_compute
callback,npu_id=0,curr_cycle=209594404040,node_id=9,node_name=COMP_NODE_FWD_iter0_b0_ffwd_compute
callback,npu_id=2,curr_cycle=209594404040,node_id=813,node_name=COMP_NODE_FWD_iter0_b0_ffwd_compute
issue,npu_id=1,curr_cycle=209594409073,node_id=413,node_name=COMP_NODE_FWD_iter0_b0_attention_compute
issue,npu_id=3,curr_cycle=209594409073,node_id=1217,node_name=COMP_NODE_FWD_iter0_b0_attention_compute
callback,npu_id=1,curr_cycle=209594409073,node_id=412,node_name=COMP_NODE_FWD_iter0_b0_ffwd_compute
callback,npu_id=3,curr_cycle=209594409073,node_id=1216,node_name=COMP_NODE_FWD_iter0_b0_ffwd_compute
issue,npu_id=0,curr_cycle=224025494154,node_id=11,node_name=COMP_NODE_FWD_iter0_b0_ffwd_compute
issue,npu_id=2,curr_cycle=224025494154,node_id=815,node_name=COMP_NODE_FWD_iter0_b0_ffwd_compute
callback,npu_id=0,curr_cycle=224025494154,node_id=10,node_name=COMP_NODE_FWD_iter0_b0_attention_compute
callback,npu_id=2,curr_cycle=224025494154,node_id=814,node_name=COMP_NODE_FWD_iter0_b0_attention_compute
issue,npu_id=1,curr_cycle=224025499187,node_id=414,node_name=COMP_NODE_FWD_iter0_b0_ffwd_compute
issue,npu_id=3,curr_cycle=224025499187,node_id=1218,node_name=COMP_NODE_FWD_iter0_b0_ffwd_compute
callback,npu_id=1,curr_cycle=224025499187,node_id=413,node_name=COMP_NODE_FWD_iter0_b0_attention_compute
callback,npu_id=3,curr_cycle=224025499187,node_id=1217,node_name=COMP_NODE_FWD_iter0_b0_attention_compute
issue,npu_id=0,curr_cycle=251513284848,node_id=12,node_name=COMP_NODE_FWD_iter0_b0_attention_compute
issue,npu_id=2,curr_cycle=251513284848,node_id=816,node_name=COMP_NODE_FWD_iter0_b0_attention_compute
callback,npu_id=0,curr_cycle=251513284848,node_id=11,node_name=COMP_NODE_FWD_iter0_b0_ffwd_compute
callback,npu_id=2,curr_cycle=251513284848,node_id=815,node_name=COMP_NODE_FWD_iter0_b0_ffwd_compute
issue,npu_id=1,curr_cycle=251513289881,node_id=415,node_name=COMP_NODE_FWD_iter0_b0_attention_compute
issue,npu_id=3,curr_cycle=251513289881,node_id=1219,node_name=COMP_NODE_FWD_iter0_b0_attention_compute
callback,npu_id=1,curr_cycle=251513289881,node_id=414,node_name=COMP_NODE_FWD_iter0_b0_ffwd_compute
callback,npu_id=3,curr_cycle=251513289881,node_id=1218,node_name=COMP_NODE_FWD_iter0_b0_ffwd_compute
issue,npu_id=0,curr_cycle=265944374962,node_id=13,node_name=COMP_NODE_FWD_iter0_b0_ffwd_compute
issue,npu_id=2,curr_cycle=265944374962,node_id=817,node_name=COMP_NODE_FWD_iter0_b0_ffwd_compute
callback,npu_id=0,curr_cycle=265944374962,node_id=12,node_name=COMP_NODE_FWD_iter0_b0_attention_compute
callback,npu_id=2,curr_cycle=265944374962,node_id=816,node_name=COMP_NODE_FWD_iter0_b0_attention_compute
issue,npu_id=1,curr_cycle=265944379995,node_id=416,node_name=COMP_NODE_FWD_iter0_b0_ffwd_compute
issue,npu_id=3,curr_cycle=265944379995,node_id=1220,node_name=COMP_NODE_FWD_iter0_b0_ffwd_compute
callback,npu_id=1,curr_cycle=265944379995,node_id=415,node_name=COMP_NODE_FWD_iter0_b0_attention_compute
callback,npu_id=3,curr_cycle=265944379995,node_id=1219,node_name=COMP_NODE_FWD_iter0_b0_attention_compute
issue,npu_id=0,curr_cycle=293432165656,node_id=14,node_name=COMP_NODE_FWD_iter0_b0_attention_compute
issue,npu_id=2,curr_cycle=293432165656,node_id=818,node_name=COMP_NODE_FWD_iter0_b0_attention_compute
callback,npu_id=0,curr_cycle=293432165656,node_id=13,node_name=COMP_NODE_FWD_iter0_b0_ffwd_compute
callback,npu_id=2,curr_cycle=293432165656,node_id=817,node_name=COMP_NODE_FWD_iter0_b0_ffwd_compute
issue,npu_id=1,curr_cycle=293432170689,node_id=417,node_name=COMP_NODE_FWD_iter0_b0_attention_compute
issue,npu_id=3,curr_cycle=293432170689,node_id=1221,node_name=COMP_NODE_FWD_iter0_b0_attention_compute
callback,npu_id=1,curr_cycle=293432170689,node_id=416,node_name=COMP_NODE_FWD_iter0_b0_ffwd_compute
callback,npu_id=3,curr_cycle=293432170689,node_id=1220,node_name=COMP_NODE_FWD_iter0_b0_ffwd_compute
issue,npu_id=0,curr_cycle=307863255770,node_id=15,node_name=COMP_NODE_FWD_iter0_b0_ffwd_compute
issue,npu_id=2,curr_cycle=307863255770,node_id=819,node_name=COMP_NODE_FWD_iter0_b0_ffwd_compute
callback,npu_id=0,curr_cycle=307863255770,node_id=14,node_name=COMP_NODE_FWD_iter0_b0_attention_compute
callback,npu_id=2,curr_cycle=307863255770,node_id=818,node_name=COMP_NODE_FWD_iter0_b0_attention_compute
issue,npu_id=1,curr_cycle=307863260803,node_id=418,node_name=COMP_NODE_FWD_iter0_b0_ffwd_compute
issue,npu_id=3,curr_cycle=307863260803,node_id=1222,node_name=COMP_NODE_FWD_iter0_b0_ffwd_compute
callback,npu_id=1,curr_cycle=307863260803,node_id=417,node_name=COMP_NODE_FWD_iter0_b0_attention_compute
callback,npu_id=3,curr_cycle=307863260803,node_id=1221,node_name=COMP_NODE_FWD_iter0_b0_attention_compute
issue,npu_id=0,curr_cycle=335351046464,node_id=16,node_name=COMP_NODE_FWD_iter0_b0_attention_compute
issue,npu_id=2,curr_cycle=335351046464,node_id=820,node_name=COMP_NODE_FWD_iter0_b0_attention_compute
callback,npu_id=0,curr_cycle=335351046464,node_id=15,node_name=COMP_NODE_FWD_iter0_b0_ffwd_compute
callback,npu_id=2,curr_cycle=335351046464,node_id=819,node_name=COMP_NODE_FWD_iter0_b0_ffwd_compute
issue,npu_id=1,curr_cycle=335351051497,node_id=419,node_name=COMP_NODE_FWD_iter0_b0_attention_compute
issue,npu_id=3,curr_cycle=335351051497,node_id=1223,node_name=COMP_NODE_FWD_iter0_b0_attention_compute
callback,npu_id=1,curr_cycle=335351051497,node_id=418,node_name=COMP_NODE_FWD_iter0_b0_ffwd_compute
callback,npu_id=3,curr_cycle=335351051497,node_id=1222,node_name=COMP_NODE_FWD_iter0_b0_ffwd_compute
issue,npu_id=0,curr_cycle=349782136578,node_id=17,node_name=COMP_NODE_FWD_iter0_b0_ffwd_compute
issue,npu_id=2,curr_cycle=349782136578,node_id=821,node_name=COMP_NODE_FWD_iter0_b0_ffwd_compute
callback,npu_id=0,curr_cycle=349782136578,node_id=16,node_name=COMP_NODE_FWD_iter0_b0_attention_compute
callback,npu_id=2,curr_cycle=349782136578,node_id=820,node_name=COMP_NODE_FWD_iter0_b0_attention_compute
issue,npu_id=1,curr_cycle=349782141611,node_id=420,node_name=COMP_NODE_FWD_iter0_b0_ffwd_compute
issue,npu_id=3,curr_cycle=349782141611,node_id=1224,node_name=COMP_NODE_FWD_iter0_b0_ffwd_compute
callback,npu_id=1,curr_cycle=349782141611,node_id=419,node_name=COMP_NODE_FWD_iter0_b0_attention_compute
callback,npu_id=3,curr_cycle=349782141611,node_id=1223,node_name=COMP_NODE_FWD_iter0_b0_attention_compute
issue,npu_id=0,curr_cycle=377269927272,node_id=18,node_name=COMP_NODE_FWD_iter0_b0_attention_compute
issue,npu_id=2,curr_cycle=377269927272,node_id=822,node_name=COMP_NODE_FWD_iter0_b0_attention_compute
callback,npu_id=0,curr_cycle=377269927272,node_id=17,node_name=COMP_NODE_FWD_iter0_b0_ffwd_compute
callback,npu_id=2,curr_cycle=377269927272,node_id=821,node_name=COMP_NODE_FWD_iter0_b0_ffwd_compute
issue,npu_id=1,curr_cycle=377269932305,node_id=421,node_name=COMP_NODE_FWD_iter0_b0_attention_compute
issue,npu_id=3,curr_cycle=377269932305,node_id=1225,node_name=COMP_NODE_FWD_iter0_b0_attention_compute
callback,npu_id=1,curr_cycle=377269932305,node_id=420,node_name=COMP_NODE_FWD_iter0_b0_ffwd_compute
callback,npu_id=3,curr_cycle=377269932305,node_id=1224,node_name=COMP_NODE_FWD_iter0_b0_ffwd_compute
issue,npu_id=0,curr_cycle=391701017386,node_id=19,node_name=COMP_NODE_FWD_iter0_b0_ffwd_compute
issue,npu_id=2,curr_cycle=391701017386,node_id=823,node_name=COMP_NODE_FWD_iter0_b0_ffwd_compute
callback,npu_id=0,curr_cycle=391701017386,node_id=18,node_name=COMP_NODE_FWD_iter0_b0_attention_compute
callback,npu_id=2,curr_cycle=391701017386,node_id=822,node_name=COMP_NODE_FWD_iter0_b0_attention_compute
issue,npu_id=1,curr_cycle=391701022419,node_id=422,node_name=COMP_NODE_FWD_iter0_b0_ffwd_compute
issue,npu_id=3,curr_cycle=391701022419,node_id=1226,node_name=COMP_NODE_FWD_iter0_b0_ffwd_compute
callback,npu_id=1,curr_cycle=391701022419,node_id=421,node_name=COMP_NODE_FWD_iter0_b0_attention_compute
callback,npu_id=3,curr_cycle=391701022419,node_id=1225,node_name=COMP_NODE_FWD_iter0_b0_attention_compute
issue,npu_id=0,curr_cycle=419188808080,node_id=20,node_name=COMP_NODE_FWD_iter0_b0_attention_compute
issue,npu_id=2,curr_cycle=419188808080,node_id=824,node_name=COMP_NODE_FWD_iter0_b0_attention_compute
callback,npu_id=0,curr_cycle=419188808080,node_id=19,node_name=COMP_NODE_FWD_iter0_b0_ffwd_compute
callback,npu_id=2,curr_cycle=419188808080,node_id=823,node_name=COMP_NODE_FWD_iter0_b0_ffwd_compute
issue,npu_id=1,curr_cycle=419188813113,node_id=423,node_name=COMP_NODE_FWD_iter0_b0_attention_compute
issue,npu_id=3,curr_cycle=419188813113,node_id=1227,node_name=COMP_NODE_FWD_iter0_b0_attention_compute
callback,npu_id=1,curr_cycle=419188813113,node_id=422,node_name=COMP_NODE_FWD_iter0_b0_ffwd_compute
callback,npu_id=3,curr_cycle=419188813113,node_id=1226,node_name=COMP_NODE_FWD_iter0_b0_ffwd_compute
issue,npu_id=0,curr_cycle=433619898194,node_id=21,node_name=COMP_NODE_FWD_iter0_b0_ffwd_compute
issue,npu_id=2,curr_cycle=433619898194,node_id=825,node_name=COMP_NODE_FWD_iter0_b0_ffwd_compute
callback,npu_id=0,curr_cycle=433619898194,node_id=20,node_name=COMP_NODE_FWD_iter0_b0_attention_compute
callback,npu_id=2,curr_cycle=433619898194,node_id=824,node_name=COMP_NODE_FWD_iter0_b0_attention_compute
issue,npu_id=1,curr_cycle=433619903227,node_id=424,node_name=COMP_NODE_FWD_iter0_b0_ffwd_compute
issue,npu_id=3,curr_cycle=433619903227,node_id=1228,node_name=COMP_NODE_FWD_iter0_b0_ffwd_compute
callback,npu_id=1,curr_cycle=433619903227,node_id=423,node_name=COMP_NODE_FWD_iter0_b0_attention_compute
callback,npu_id=3,curr_cycle=433619903227,node_id=1227,node_name=COMP_NODE_FWD_iter0_b0_attention_compute
issue,npu_id=0,curr_cycle=461107688888,node_id=22,node_name=COMP_NODE_FWD_iter0_b0_attention_compute
issue,npu_id=2,curr_cycle=461107688888,node_id=826,node_name=COMP_NODE_FWD_iter0_b0_attention_compute
callback,npu_id=0,curr_cycle=461107688888,node_id=21,node_name=COMP_NODE_FWD_iter0_b0_ffwd_compute
callback,npu_id=2,curr_cycle=461107688888,node_id=825,node_name=COMP_NODE_FWD_iter0_b0_ffwd_compute
issue,npu_id=1,curr_cycle=461107693921,node_id=425,node_name=COMP_NODE_FWD_iter0_b0_attention_compute
issue,npu_id=3,curr_cycle=461107693921,node_id=1229,node_name=COMP_NODE_FWD_iter0_b0_attention_compute
callback,npu_id=1,curr_cycle=461107693921,node_id=424,node_name=COMP_NODE_FWD_iter0_b0_ffwd_compute
callback,npu_id=3,curr_cycle=461107693921,node_id=1228,node_name=COMP_NODE_FWD_iter0_b0_ffwd_compute
issue,npu_id=0,curr_cycle=475538779002,node_id=23,node_name=COMP_NODE_FWD_iter0_b0_ffwd_compute
issue,npu_id=2,curr_cycle=475538779002,node_id=827,node_name=COMP_NODE_FWD_iter0_b0_ffwd_compute
callback,npu_id=0,curr_cycle=475538779002,node_id=22,node_name=COMP_NODE_FWD_iter0_b0_attention_compute
callback,npu_id=2,curr_cycle=475538779002,node_id=826,node_name=COMP_NODE_FWD_iter0_b0_attention_compute
issue,npu_id=1,curr_cycle=475538784035,node_id=426,node_name=COMP_NODE_FWD_iter0_b0_ffwd_compute
issue,npu_id=3,curr_cycle=475538784035,node_id=1230,node_name=COMP_NODE_FWD_iter0_b0_ffwd_compute
callback,npu_id=1,curr_cycle=475538784035,node_id=425,node_name=COMP_NODE_FWD_iter0_b0_attention_compute
callback,npu_id=3,curr_cycle=475538784035,node_id=1229,node_name=COMP_NODE_FWD_iter0_b0_attention_compute
issue,npu_id=0,curr_cycle=503026569696,node_id=24,node_name=COMM_SEND_NODE_FWD_iter0_b0_dp0pp0tp0
issue,npu_id=0,curr_cycle=503026569696,node_id=25,node_name=COMP_NODE_FWD_iter0_b1_attention_compute
issue,npu_id=2,curr_cycle=503026569696,node_id=828,node_name=COMM_SEND_NODE_FWD_iter0_b0_dp1pp0tp0
issue,npu_id=2,curr_cycle=503026569696,node_id=829,node_name=COMP_NODE_FWD_iter0_b1_attention_compute
callback,npu_id=0,curr_cycle=503026569696,node_id=23,node_name=COMP_NODE_FWD_iter0_b0_ffwd_compute
callback,npu_id=2,curr_cycle=503026569696,node_id=827,node_name=COMP_NODE_FWD_iter0_b0_ffwd_compute
issue,npu_id=1,curr_cycle=503026574729,node_id=428,node_name=COMP_NODE_FWD_iter0_b1_attention_compute
issue,npu_id=3,curr_cycle=503026574729,node_id=1232,node_name=COMP_NODE_FWD_iter0_b1_attention_compute
callback,npu_id=0,curr_cycle=503026574729,node_id=24,node_name=COMM_SEND_NODE_FWD_iter0_b0_dp0pp0tp0
callback,npu_id=1,curr_cycle=503026574729,node_id=426,node_name=COMP_NODE_FWD_iter0_b0_ffwd_compute
callback,npu_id=2,curr_cycle=503026574729,node_id=828,node_name=COMM_SEND_NODE_FWD_iter0_b0_dp1pp0tp0
callback,npu_id=3,curr_cycle=503026574729,node_id=1230,node_name=COMP_NODE_FWD_iter0_b0_ffwd_compute
issue,npu_id=0,curr_cycle=517457659810,node_id=26,node_name=COMP_NODE_FWD_iter0_b1_ffwd_compute
issue,npu_id=2,curr_cycle=517457659810,node_id=830,node_name=COMP_NODE_FWD_iter0_b1_ffwd_compute
callback,npu_id=0,curr_cycle=517457659810,node_id=25,node_name=COMP_NODE_FWD_iter0_b1_attention_compute
callback,npu_id=2,curr_cycle=517457659810,node_id=829,node_name=COMP_NODE_FWD_iter0_b1_attention_compute
issue,npu_id=1,curr_cycle=517457664843,node_id=429,node_name=COMP_NODE_FWD_iter0_b1_ffwd_compute
issue,npu_id=3,curr_cycle=517457664843,node_id=1233,node_name=COMP_NODE_FWD_iter0_b1_ffwd_compute
callback,npu_id=1,curr_cycle=517457664843,node_id=428,node_name=COMP_NODE_FWD_iter0_b1_attention_compute
callback,npu_id=3,curr_cycle=517457664843,node_id=1232,node_name=COMP_NODE_FWD_iter0_b1_attention_compute
issue,npu_id=0,curr_cycle=544945450504,node_id=27,node_name=COMP_NODE_FWD_iter0_b1_attention_compute
issue,npu_id=2,curr_cycle=544945450504,node_id=831,node_name=COMP_NODE_FWD_iter0_b1_attention_compute
callback,npu_id=0,curr_cycle=544945450504,node_id=26,node_name=COMP_NODE_FWD_iter0_b1_ffwd_compute
callback,npu_id=2,curr_cycle=544945450504,node_id=830,node_name=COMP_NODE_FWD_iter0_b1_ffwd_compute
issue,npu_id=1,curr_cycle=544945455537,node_id=430,node_name=COMP_NODE_FWD_iter0_b1_attention_compute
issue,npu_id=3,curr_cycle=544945455537,node_id=1234,node_name=COMP_NODE_FWD_iter0_b1_attention_compute
callback,npu_id=1,curr_cycle=544945455537,node_id=429,node_name=COMP_NODE_FWD_iter0_b1_ffwd_compute
callback,npu_id=3,curr_cycle=544945455537,node_id=1233,node_name=COMP_NODE_FWD_iter0_b1_ffwd_compute
issue,npu_id=0,curr_cycle=559376540618,node_id=28,node_name=COMP_NODE_FWD_iter0_b1_ffwd_compute
issue,npu_id=2,curr_cycle=559376540618,node_id=832,node_name=COMP_NODE_FWD_iter0_b1_ffwd_compute
callback,npu_id=0,curr_cycle=559376540618,node_id=27,node_name=COMP_NODE_FWD_iter0_b1_attention_compute
callback,npu_id=2,curr_cycle=559376540618,node_id=831,node_name=COMP_NODE_FWD_iter0_b1_attention_compute
issue,npu_id=1,curr_cycle=559376545651,node_id=431,node_name=COMP_NODE_FWD_iter0_b1_ffwd_compute
issue,npu_id=3,curr_cycle=559376545651,node_id=1235,node_name=COMP_NODE_FWD_iter0_b1_ffwd_compute
callback,npu_id=1,curr_cycle=559376545651,node_id=430,node_name=COMP_NODE_FWD_iter0_b1_attention_compute
callback,npu_id=3,curr_cycle=559376545651,node_id=1234,node_name=COMP_NODE_FWD_iter0_b1_attention_compute
issue,npu_id=0,curr_cycle=586864331312,node_id=29,node_name=COMP_NODE_FWD_iter0_b1_attention_compute
issue,npu_id=2,curr_cycle=586864331312,node_id=833,node_name=COMP_NODE_FWD_iter0_b1_attention_compute
callback,npu_id=0,curr_cycle=586864331312,node_id=28,node_name=COMP_NODE_FWD_iter0_b1_ffwd_compute
callback,npu_id=2,curr_cycle=586864331312,node_id=832,node_name=COMP_NODE_FWD_iter0_b1_ffwd_compute
issue,npu_id=1,curr_cycle=586864336345,node_id=432,node_name=COMP_NODE_FWD_iter0_b1_attention_compute
issue,npu_id=3,curr_cycle=586864336345,node_id=1236,node_name=COMP_NODE_FWD_iter0_b1_attention_compute
callback,npu_id=1,curr_cycle=586864336345,node_id=431,node_name=COMP_NODE_FWD_iter0_b1_ffwd_compute
callback,npu_id=3,curr_cycle=586864336345,node_id=1235,node_name=COMP_NODE_FWD_iter0_b1_ffwd_compute
issue,npu_id=0,curr_cycle=601295421426,node_id=30,node_name=COMP_NODE_FWD_iter0_b1_ffwd_compute
issue,npu_id=2,curr_cycle=601295421426,node_id=834,node_name=COMP_NODE_FWD_iter0_b1_ffwd_compute
callback,npu_id=0,curr_cycle=601295421426,node_id=29,node_name=COMP_NODE_FWD_iter0_b1_attention_compute
callback,npu_id=2,curr_cycle=601295421426,node_id=833,node_name=COMP_NODE_FWD_iter0_b1_attention_compute
issue,npu_id=1,curr_cycle=601295426459,node_id=433,node_name=COMP_NODE_FWD_iter0_b1_ffwd_compute
issue,npu_id=3,curr_cycle=601295426459,node_id=1237,node_name=COMP_NODE_FWD_iter0_b1_ffwd_compute
callback,npu_id=1,curr_cycle=601295426459,node_id=432,node_name=COMP_NODE_FWD_iter0_b1_attention_compute
callback,npu_id=3,curr_cycle=601295426459,node_id=1236,node_name=COMP_NODE_FWD_iter0_b1_attention_compute
issue,npu_id=0,curr_cycle=628783212120,node_id=31,node_name=COMP_NODE_FWD_iter0_b1_attention_compute
issue,npu_id=2,curr_cycle=628783212120,node_id=835,node_name=COMP_NODE_FWD_iter0_b1_attention_compute
callback,npu_id=0,curr_cycle=628783212120,node_id=30,node_name=COMP_NODE_FWD_iter0_b1_ffwd_compute
callback,npu_id=2,curr_cycle=628783212120,node_id=834,node_name=COMP_NODE_FWD_iter0_b1_ffwd_compute
issue,npu_id=1,curr_cycle=628783217153,node_id=434,node_name=COMP_NODE_FWD_iter0_b1_attention_compute
issue,npu_id=3,curr_cycle=628783217153,node_id=1238,node_name=COMP_NODE_FWD_iter0_b1_attention_compute
callback,npu_id=1,curr_cycle=628783217153,node_id=433,node_name=COMP_NODE_FWD_iter0_b1_ffwd_compute
callback,npu_id=3,curr_cycle=628783217153,node_id=1237,node_name=COMP_NODE_FWD_iter0_b1_ffwd_compute
issue,npu_id=0,curr_cycle=643214302234,node_id=32,node_name=COMP_NODE_FWD_iter0_b1_ffwd_compute
issue,npu_id=2,curr_cycle=643214302234,node_id=836,node_name=COMP_NODE_FWD_iter0_b1_ffwd_compute
callback,npu_id=0,curr_cycle=643214302234,node_id=31,node_name=COMP_NODE_FWD_iter0_b1_attention_compute
callback,npu_id=2,curr_cycle=643214302234,node_id=835,node_name=COMP_NODE_FWD_iter0_b1_attention_compute
issue,npu_id=1,curr_cycle=643214307267,node_id=435,node_name=COMP_NODE_FWD_iter0_b1_ffwd_compute
issue,npu_id=3,curr_cycle=643214307267,node_id=1239,node_name=COMP_NODE_FWD_iter0_b1_ffwd_compute
callback,npu_id=1,curr_cycle=643214307267,node_id=434,node_name=COMP_NODE_FWD_iter0_b1_attention_compute
callback,npu_id=3,curr_cycle=643214307267,node_id=1238,node_name=COMP_NODE_FWD_iter0_b1_attention_compute
issue,npu_id=0,curr_cycle=670702092928,node_id=33,node_name=COMP_NODE_FWD_iter0_b1_attention_compute
issue,npu_id=2,curr_cycle=670702092928,node_id=837,node_name=COMP_NODE_FWD_iter0_b1_attention_compute
callback,npu_id=0,curr_cycle=670702092928,node_id=32,node_name=COMP_NODE_FWD_iter0_b1_ffwd_compute
callback,npu_id=2,curr_cycle=670702092928,node_id=836,node_name=COMP_NODE_FWD_iter0_b1_ffwd_compute
issue,npu_id=1,curr_cycle=670702097961,node_id=436,node_name=COMP_NODE_FWD_iter0_b1_attention_compute
issue,npu_id=3,curr_cycle=670702097961,node_id=1240,node_name=COMP_NODE_FWD_iter0_b1_attention_compute
callback,npu_id=1,curr_cycle=670702097961,node_id=435,node_name=COMP_NODE_FWD_iter0_b1_ffwd_compute
callback,npu_id=3,curr_cycle=670702097961,node_id=1239,node_name=COMP_NODE_FWD_iter0_b1_ffwd_compute
issue,npu_id=0,curr_cycle=685133183042,node_id=34,node_name=COMP_NODE_FWD_iter0_b1_ffwd_compute
issue,npu_id=2,curr_cycle=685133183042,node_id=838,node_name=COMP_NODE_FWD_iter0_b1_ffwd_compute
callback,npu_id=0,curr_cycle=685133183042,node_id=33,node_name=COMP_NODE_FWD_iter0_b1_attention_compute
callback,npu_id=2,curr_cycle=685133183042,node_id=837,node_name=COMP_NODE_FWD_iter0_b1_attention_compute
issue,npu_id=1,curr_cycle=685133188075,node_id=437,node_name=COMP_NODE_FWD_iter0_b1_ffwd_compute
issue,npu_id=3,curr_cycle=685133188075,node_id=1241,node_name=COMP_NODE_FWD_iter0_b1_ffwd_compute
callback,npu_id=1,curr_cycle=685133188075,node_id=436,node_name=COMP_NODE_FWD_iter0_b1_attention_compute
callback,npu_id=3,curr_cycle=685133188075,node_id=1240,node_name=COMP_NODE_FWD_iter0_b1_attention_compute
issue,npu_id=0,curr_cycle=712620973736,node_id=35,node_name=COMP_NODE_FWD_iter0_b1_attention_compute
issue,npu_id=2,curr_cycle=712620973736,node_id=839,node_name=COMP_NODE_FWD_iter0_b1_attention_compute
callback,npu_id=0,curr_cycle=712620973736,node_id=34,node_name=COMP_NODE_FWD_iter0_b1_ffwd_compute
callback,npu_id=2,curr_cycle=712620973736,node_id=838,node_name=COMP_NODE_FWD_iter0_b1_ffwd_compute
issue,npu_id=1,curr_cycle=712620978769,node_id=438,node_name=COMP_NODE_FWD_iter0_b1_attention_compute
issue,npu_id=3,curr_cycle=712620978769,node_id=1242,node_name=COMP_NODE_FWD_iter0_b1_attention_compute
callback,npu_id=1,curr_cycle=712620978769,node_id=437,node_name=COMP_NODE_FWD_iter0_b1_ffwd_compute
callback,npu_id=3,curr_cycle=712620978769,node_id=1241,node_name=COMP_NODE_FWD_iter0_b1_ffwd_compute
issue,npu_id=0,curr_cycle=727052063850,node_id=36,node_name=COMP_NODE_FWD_iter0_b1_ffwd_compute
issue,npu_id=2,curr_cycle=727052063850,node_id=840,node_name=COMP_NODE_FWD_iter0_b1_ffwd_compute
callback,npu_id=0,curr_cycle=727052063850,node_id=35,node_name=COMP_NODE_FWD_iter0_b1_attention_compute
callback,npu_id=2,curr_cycle=727052063850,node_id=839,node_name=COMP_NODE_FWD_iter0_b1_attention_compute
issue,npu_id=1,curr_cycle=727052068883,node_id=439,node_name=COMP_NODE_FWD_iter0_b1_ffwd_compute
issue,npu_id=3,curr_cycle=727052068883,node_id=1243,node_name=COMP_NODE_FWD_iter0_b1_ffwd_compute
callback,npu_id=1,curr_cycle=727052068883,node_id=438,node_name=COMP_NODE_FWD_iter0_b1_attention_compute
callback,npu_id=3,curr_cycle=727052068883,node_id=1242,node_name=COMP_NODE_FWD_iter0_b1_attention_compute
issue,npu_id=0,curr_cycle=754539854544,node_id=37,node_name=COMP_NODE_FWD_iter0_b1_attention_compute
issue,npu_id=2,curr_cycle=754539854544,node_id=841,node_name=COMP_NODE_FWD_iter0_b1_attention_compute
callback,npu_id=0,curr_cycle=754539854544,node_id=36,node_name=COMP_NODE_FWD_iter0_b1_ffwd_compute
callback,npu_id=2,curr_cycle=754539854544,node_id=840,node_name=COMP_NODE_FWD_iter0_b1_ffwd_compute
issue,npu_id=1,curr_cycle=754539859577,node_id=440,node_name=COMP_NODE_FWD_iter0_b1_attention_compute
issue,npu_id=3,curr_cycle=754539859577,node_id=1244,node_name=COMP_NODE_FWD_iter0_b1_attention_compute
callback,npu_id=1,curr_cycle=754539859577,node_id=439,node_name=COMP_NODE_FWD_iter0_b1_ffwd_compute
callback,npu_id=3,curr_cycle=754539859577,node_id=1243,node_name=COMP_NODE_FWD_iter0_b1_ffwd_compute
issue,npu_id=0,curr_cycle=768970944658,node_id=38,node_name=COMP_NODE_FWD_iter0_b1_ffwd_compute
issue,npu_id=2,curr_cycle=768970944658,node_id=842,node_name=COMP_NODE_FWD_iter0_b1_ffwd_compute
callback,npu_id=0,curr_cycle=768970944658,node_id=37,node_name=COMP_NODE_FWD_iter0_b1_attention_compute
callback,npu_id=2,curr_cycle=768970944658,node_id=841,node_name=COMP_NODE_FWD_iter0_b1_attention_compute
issue,npu_id=1,curr_cycle=768970949691,node_id=441,node_name=COMP_NODE_FWD_iter0_b1_ffwd_compute
issue,npu_id=3,curr_cycle=768970949691,node_id=1245,node_name=COMP_NODE_FWD_iter0_b1_ffwd_compute
callback,npu_id=1,curr_cycle=768970949691,node_id=440,node_name=COMP_NODE_FWD_iter0_b1_attention_compute
callback,npu_id=3,curr_cycle=768970949691,node_id=1244,node_name=COMP_NODE_FWD_iter0_b1_attention_compute
issue,npu_id=0,curr_cycle=796458735352,node_id=39,node_name=COMP_NODE_FWD_iter0_b1_attention_compute
issue,npu_id=2,curr_cycle=796458735352,node_id=843,node_name=COMP_NODE_FWD_iter0_b1_attention_compute
callback,npu_id=0,curr_cycle=796458735352,node_id=38,node_name=COMP_NODE_FWD_iter0_b1_ffwd_compute
callback,npu_id=2,curr_cycle=796458735352,node_id=842,node_name=COMP_NODE_FWD_iter0_b1_ffwd_compute
issue,npu_id=1,curr_cycle=796458740385,node_id=442,node_name=COMP_NODE_FWD_iter0_b1_attention_compute
issue,npu_id=3,curr_cycle=796458740385,node_id=1246,node_name=COMP_NODE_FWD_iter0_b1_attention_compute
callback,npu_id=1,curr_cycle=796458740385,node_id=441,node_name=COMP_NODE_FWD_iter0_b1_ffwd_compute
callback,npu_id=3,curr_cycle=796458740385,node_id=1245,node_name=COMP_NODE_FWD_iter0_b1_ffwd_compute
issue,npu_id=0,curr_cycle=810889825466,node_id=40,node_name=COMP_NODE_FWD_iter0_b1_ffwd_compute
issue,npu_id=2,curr_cycle=810889825466,node_id=844,node_name=COMP_NODE_FWD_iter0_b1_ffwd_compute
callback,npu_id=0,curr_cycle=810889825466,node_id=39,node_name=COMP_NODE_FWD_iter0_b1_attention_compute
callback,npu_id=2,curr_cycle=810889825466,node_id=843,node_name=COMP_NODE_FWD_iter0_b1_attention_compute
issue,npu_id=1,curr_cycle=810889830499,node_id=443,node_name=COMP_NODE_FWD_iter0_b1_ffwd_compute
issue,npu_id=3,curr_cycle=810889830499,node_id=1247,node_name=COMP_NODE_FWD_iter0_b1_ffwd_compute
callback,npu_id=1,curr_cycle=810889830499,node_id=442,node_name=COMP_NODE_FWD_iter0_b1_attention_compute
callback,npu_id=3,curr_cycle=810889830499,node_id=1246,node_name=COMP_NODE_FWD_iter0_b1_attention_compute
issue,npu_id=0,curr_cycle=838377616160,node_id=41,node_name=COMP_NODE_FWD_iter0_b1_attention_compute
issue,npu_id=2,curr_cycle=838377616160,node_id=845,node_name=COMP_NODE_FWD_iter0_b1_attention_compute
callback,npu_id=0,curr_cycle=838377616160,node_id=40,node_name=COMP_NODE_FWD_iter0_b1_ffwd_compute
callback,npu_id=2,curr_cycle=838377616160,node_id=844,node_name=COMP_NODE_FWD_iter0_b1_ffwd_compute
issue,npu_id=1,curr_cycle=838377621193,node_id=444,node_name=COMP_NODE_FWD_iter0_b1_attention_compute
issue,npu_id=3,curr_cycle=838377621193,node_id=1248,node_name=COMP_NODE_FWD_iter0_b1_attention_compute
callback,npu_id=1,curr_cycle=838377621193,node_id=443,node_name=COMP_NODE_FWD_iter0_b1_ffwd_compute
callback,npu_id=3,curr_cycle=838377621193,node_id=1247,node_name=COMP_NODE_FWD_iter0_b1_ffwd_compute
issue,npu_id=0,curr_cycle=852808706274,node_id=42,node_name=COMP_NODE_FWD_iter0_b1_ffwd_compute
issue,npu_id=2,curr_cycle=852808706274,node_id=846,node_name=COMP_NODE_FWD_iter0_b1_ffwd_compute
callback,npu_id=0,curr_cycle=852808706274,node_id=41,node_name=COMP_NODE_FWD_iter0_b1_attention_compute
callback,npu_id=2,curr_cycle=852808706274,node_id=845,node_name=COMP_NODE_FWD_iter0_b1_attention_compute
issue,npu_id=1,curr_cycle=852808711307,node_id=445,node_name=COMP_NODE_FWD_iter0_b1_ffwd_compute
issue,npu_id=3,curr_cycle=852808711307,node_id=1249,node_name=COMP_NODE_FWD_iter0_b1_ffwd_compute
callback,npu_id=1,curr_cycle=852808711307,node_id=444,node_name=COMP_NODE_FWD_iter0_b1_attention_compute
callback,npu_id=3,curr_cycle=852808711307,node_id=1248,node_name=COMP_NODE_FWD_iter0_b1_attention_compute
issue,npu_id=0,curr_cycle=880296496968,node_id=43,node_name=COMP_NODE_FWD_iter0_b1_attention_compute
issue,npu_id=2,curr_cycle=880296496968,node_id=847,node_name=COMP_NODE_FWD_iter0_b1_attention_compute
callback,npu_id=0,curr_cycle=880296496968,node_id=42,node_name=COMP_NODE_FWD_iter0_b1_ffwd_compute
callback,npu_id=2,curr_cycle=880296496968,node_id=846,node_name=COMP_NODE_FWD_iter0_b1_ffwd_compute
issue,npu_id=1,curr_cycle=880296502001,node_id=446,node_name=COMP_NODE_FWD_iter0_b1_attention_compute
issue,npu_id=3,curr_cycle=880296502001,node_id=1250,node_name=COMP_NODE_FWD_iter0_b1_attention_compute
callback,npu_id=1,curr_cycle=880296502001,node_id=445,node_name=COMP_NODE_FWD_iter0_b1_ffwd_compute
callback,npu_id=3,curr_cycle=880296502001,node_id=1249,node_name=COMP_NODE_FWD_iter0_b1_ffwd_compute
issue,npu_id=0,curr_cycle=894727587082,node_id=44,node_name=COMP_NODE_FWD_iter0_b1_ffwd_compute
issue,npu_id=2,curr_cycle=894727587082,node_id=848,node_name=COMP_NODE_FWD_iter0_b1_ffwd_compute
callback,npu_id=0,curr_cycle=894727587082,node_id=43,node_name=COMP_NODE_FWD_iter0_b1_attention_compute
callback,npu_id=2,curr_cycle=894727587082,node_id=847,node_name=COMP_NODE_FWD_iter0_b1_attention_compute
issue,npu_id=1,curr_cycle=894727592115,node_id=447,node_name=COMP_NODE_FWD_iter0_b1_ffwd_compute
issue,npu_id=3,curr_cycle=894727592115,node_id=1251,node_name=COMP_NODE_FWD_iter0_b1_ffwd_compute
callback,npu_id=1,curr_cycle=894727592115,node_id=446,node_name=COMP_NODE_FWD_iter0_b1_attention_compute
callback,npu_id=3,curr_cycle=894727592115,node_id=1250,node_name=COMP_NODE_FWD_iter0_b1_attention_compute
issue,npu_id=0,curr_cycle=922215377776,node_id=45,node_name=COMP_NODE_FWD_iter0_b1_attention_compute
issue,npu_id=2,curr_cycle=922215377776,node_id=849,node_name=COMP_NODE_FWD_iter0_b1_attention_compute
callback,npu_id=0,curr_cycle=922215377776,node_id=44,node_name=COMP_NODE_FWD_iter0_b1_ffwd_compute
callback,npu_id=2,curr_cycle=922215377776,node_id=848,node_name=COMP_NODE_FWD_iter0_b1_ffwd_compute
issue,npu_id=1,curr_cycle=922215382809,node_id=448,node_name=COMP_NODE_FWD_iter0_b1_attention_compute
issue,npu_id=3,curr_cycle=922215382809,node_id=1252,node_name=COMP_NODE_FWD_iter0_b1_attention_compute
callback,npu_id=1,curr_cycle=922215382809,node_id=447,node_name=COMP_NODE_FWD_iter0_b1_ffwd_compute
callback,npu_id=3,curr_cycle=922215382809,node_id=1251,node_name=COMP_NODE_FWD_iter0_b1_ffwd_compute
issue,npu_id=0,curr_cycle=936646467890,node_id=46,node_name=COMP_NODE_FWD_iter0_b1_ffwd_compute
issue,npu_id=2,curr_cycle=936646467890,node_id=850,node_name=COMP_NODE_FWD_iter0_b1_ffwd_compute
callback,npu_id=0,curr_cycle=936646467890,node_id=45,node_name=COMP_NODE_FWD_iter0_b1_attention_compute
callback,npu_id=2,curr_cycle=936646467890,node_id=849,node_name=COMP_NODE_FWD_iter0_b1_attention_compute
issue,npu_id=1,curr_cycle=936646472923,node_id=449,node_name=COMP_NODE_FWD_iter0_b1_ffwd_compute
issue,npu_id=3,curr_cycle=936646472923,node_id=1253,node_name=COMP_NODE_FWD_iter0_b1_ffwd_compute
callback,npu_id=1,curr_cycle=936646472923,node_id=448,node_name=COMP_NODE_FWD_iter0_b1_attention_compute
callback,npu_id=3,curr_cycle=936646472923,node_id=1252,node_name=COMP_NODE_FWD_iter0_b1_attention_compute
issue,npu_id=0,curr_cycle=964134258584,node_id=47,node_name=COMP_NODE_FWD_iter0_b1_attention_compute
issue,npu_id=2,curr_cycle=964134258584,node_id=851,node_name=COMP_NODE_FWD_iter0_b1_attention_compute
callback,npu_id=0,curr_cycle=964134258584,node_id=46,node_name=COMP_NODE_FWD_iter0_b1_ffwd_compute
callback,npu_id=2,curr_cycle=964134258584,node_id=850,node_name=COMP_NODE_FWD_iter0_b1_ffwd_compute
issue,npu_id=1,curr_cycle=964134263617,node_id=450,node_name=COMP_NODE_FWD_iter0_b1_attention_compute
issue,npu_id=3,curr_cycle=964134263617,node_id=1254,node_name=COMP_NODE_FWD_iter0_b1_attention_compute
callback,npu_id=1,curr_cycle=964134263617,node_id=449,node_name=COMP_NODE_FWD_iter0_b1_ffwd_compute
callback,npu_id=3,curr_cycle=964134263617,node_id=1253,node_name=COMP_NODE_FWD_iter0_b1_ffwd_compute
issue,npu_id=0,curr_cycle=978565348698,node_id=48,node_name=COMP_NODE_FWD_iter0_b1_ffwd_compute
issue,npu_id=2,curr_cycle=978565348698,node_id=852,node_name=COMP_NODE_FWD_iter0_b1_ffwd_compute
callback,npu_id=0,curr_cycle=978565348698,node_id=47,node_name=COMP_NODE_FWD_iter0_b1_attention_compute
callback,npu_id=2,curr_cycle=978565348698,node_id=851,node_name=COMP_NODE_FWD_iter0_b1_attention_compute
issue,npu_id=1,curr_cycle=978565353731,node_id=451,node_name=COMP_NODE_FWD_iter0_b1_ffwd_compute
issue,npu_id=3,curr_cycle=978565353731,node_id=1255,node_name=COMP_NODE_FWD_iter0_b1_ffwd_compute
callback,npu_id=1,curr_cycle=978565353731,node_id=450,node_name=COMP_NODE_FWD_iter0_b1_attention_compute
callback,npu_id=3,curr_cycle=978565353731,node_id=1254,node_name=COMP_NODE_FWD_iter0_b1_attention_compute
issue,npu_id=0,curr_cycle=1006053139392,node_id=49,node_name=COMM_SEND_NODE_FWD_iter0_b1_dp0pp0tp0
issue,npu_id=0,curr_cycle=1006053139392,node_id=50,node_name=COMP_NODE_FWD_iter0_b2_attention_compute
issue,npu_id=2,curr_cycle=1006053139392,node_id=853,node_name=COMM_SEND_NODE_FWD_iter0_b1_dp1pp0tp0
issue,npu_id=2,curr_cycle=1006053139392,node_id=854,node_name=COMP_NODE_FWD_iter0_b2_attention_compute
callback,npu_id=0,curr_cycle=1006053139392,node_id=48,node_name=COMP_NODE_FWD_iter0_b1_ffwd_compute
callback,npu_id=2,curr_cycle=1006053139392,node_id=852,node_name=COMP_NODE_FWD_iter0_b1_ffwd_compute
issue,npu_id=1,curr_cycle=1006053144425,node_id=453,node_name=COMP_NODE_FWD_iter0_b2_attention_compute
issue,npu_id=3,curr_cycle=1006053144425,node_id=1257,node_name=COMP_NODE_FWD_iter0_b2_attention_compute
callback,npu_id=0,curr_cycle=1006053144425,node_id=49,node_name=COMM_SEND_NODE_FWD_iter0_b1_dp0pp0tp0
callback,npu_id=1,curr_cycle=1006053144425,node_id=451,node_name=COMP_NODE_FWD_iter0_b1_ffwd_compute
callback,npu_id=2,curr_cycle=1006053144425,node_id=853,node_name=COMM_SEND_NODE_FWD_iter0_b1_dp1pp0tp0
callback,npu_id=3,curr_cycle=1006053144425,node_id=1255,node_name=COMP_NODE_FWD_iter0_b1_ffwd_compute
issue,npu_id=0,curr_cycle=1020484229506,node_id=51,node_name=COMP_NODE_FWD_iter0_b2_ffwd_compute
issue,npu_id=2,curr_cycle=1020484229506,node_id=855,node_name=COMP_NODE_FWD_iter0_b2_ffwd_compute
callback,npu_id=0,curr_cycle=1020484229506,node_id=50,node_name=COMP_NODE_FWD_iter0_b2_attention_compute
callback,npu_id=2,curr_cycle=1020484229506,node_id=854,node_name=COMP_NODE_FWD_iter0_b2_attention_compute
issue,npu_id=1,curr_cycle=1020484234539,node_id=454,node_name=COMP_NODE_FWD_iter0_b2_ffwd_compute
issue,npu_id=3,curr_cycle=1020484234539,node_id=1258,node_name=COMP_NODE_FWD_iter0_b2_ffwd_compute
callback,npu_id=1,curr_cycle=1020484234539,node_id=453,node_name=COMP_NODE_FWD_iter0_b2_attention_compute
callback,npu_id=3,curr_cycle=1020484234539,node_id=1257,node_name=COMP_NODE_FWD_iter0_b2_attention_compute
issue,npu_id=0,curr_cycle=1047972020200,node_id=52,node_name=COMP_NODE_FWD_iter0_b2_attention_compute
issue,npu_id=2,curr_cycle=1047972020200,node_id=856,node_name=COMP_NODE_FWD_iter0_b2_attention_compute
callback,npu_id=0,curr_cycle=1047972020200,node_id=51,node_name=COMP_NODE_FWD_iter0_b2_ffwd_compute
callback,npu_id=2,curr_cycle=1047972020200,node_id=855,node_name=COMP_NODE_FWD_iter0_b2_ffwd_compute
issue,npu_id=1,curr_cycle=1047972025233,node_id=455,node_name=COMP_NODE_FWD_iter0_b2_attention_compute
issue,npu_id=3,curr_cycle=1047972025233,node_id=1259,node_name=COMP_NODE_FWD_iter0_b2_attention_compute
callback,npu_id=1,curr_cycle=1047972025233,node_id=454,node_name=COMP_NODE_FWD_iter0_b2_ffwd_compute
callback,npu_id=3,curr_cycle=1047972025233,node_id=1258,node_name=COMP_NODE_FWD_iter0_b2_ffwd_compute
issue,npu_id=0,curr_cycle=1062403110314,node_id=53,node_name=COMP_NODE_FWD_iter0_b2_ffwd_compute
issue,npu_id=2,curr_cycle=1062403110314,node_id=857,node_name=COMP_NODE_FWD_iter0_b2_ffwd_compute
callback,npu_id=0,curr_cycle=1062403110314,node_id=52,node_name=COMP_NODE_FWD_iter0_b2_attention_compute
callback,npu_id=2,curr_cycle=1062403110314,node_id=856,node_name=COMP_NODE_FWD_iter0_b2_attention_compute
issue,npu_id=1,curr_cycle=1062403115347,node_id=456,node_name=COMP_NODE_FWD_iter0_b2_ffwd_compute
issue,npu_id=3,curr_cycle=1062403115347,node_id=1260,node_name=COMP_NODE_FWD_iter0_b2_ffwd_compute
callback,npu_id=1,curr_cycle=1062403115347,node_id=455,node_name=COMP_NODE_FWD_iter0_b2_attention_compute
callback,npu_id=3,curr_cycle=1062403115347,node_id=1259,node_name=COMP_NODE_FWD_iter0_b2_attention_compute
issue,npu_id=0,curr_cycle=1089890901008,node_id=54,node_name=COMP_NODE_FWD_iter0_b2_attention_compute
issue,npu_id=2,curr_cycle=1089890901008,node_id=858,node_name=COMP_NODE_FWD_iter0_b2_attention_compute
callback,npu_id=0,curr_cycle=1089890901008,node_id=53,node_name=COMP_NODE_FWD_iter0_b2_ffwd_compute
callback,npu_id=2,curr_cycle=1089890901008,node_id=857,node_name=COMP_NODE_FWD_iter0_b2_ffwd_compute
issue,npu_id=1,curr_cycle=1089890906041,node_id=457,node_name=COMP_NODE_FWD_iter0_b2_attention_compute
issue,npu_id=3,curr_cycle=1089890906041,node_id=1261,node_name=COMP_NODE_FWD_iter0_b2_attention_compute
callback,npu_id=1,curr_cycle=1089890906041,node_id=456,node_name=COMP_NODE_FWD_iter0_b2_ffwd_compute
callback,npu_id=3,curr_cycle=1089890906041,node_id=1260,node_name=COMP_NODE_FWD_iter0_b2_ffwd_compute
issue,npu_id=0,curr_cycle=1104321991122,node_id=55,node_name=COMP_NODE_FWD_iter0_b2_ffwd_compute
issue,npu_id=2,curr_cycle=1104321991122,node_id=859,node_name=COMP_NODE_FWD_iter0_b2_ffwd_compute
callback,npu_id=0,curr_cycle=1104321991122,node_id=54,node_name=COMP_NODE_FWD_iter0_b2_attention_compute
callback,npu_id=2,curr_cycle=1104321991122,node_id=858,node_name=COMP_NODE_FWD_iter0_b2_attention_compute
issue,npu_id=1,curr_cycle=1104321996155,node_id=458,node_name=COMP_NODE_FWD_iter0_b2_ffwd_compute
issue,npu_id=3,curr_cycle=1104321996155,node_id=1262,node_name=COMP_NODE_FWD_iter0_b2_ffwd_compute
callback,npu_id=1,curr_cycle=1104321996155,node_id=457,node_name=COMP_NODE_FWD_iter0_b2_attention_compute
callback,npu_id=3,curr_cycle=1104321996155,node_id=1261,node_name=COMP_NODE_FWD_iter0_b2_attention_compute
issue,npu_id=0,curr_cycle=1131809781816,node_id=56,node_name=COMP_NODE_FWD_iter0_b2_attention_compute
issue,npu_id=2,curr_cycle=1131809781816,node_id=860,node_name=COMP_NODE_FWD_iter0_b2_attention_compute
callback,npu_id=0,curr_cycle=1131809781816,node_id=55,node_name=COMP_NODE_FWD_iter0_b2_ffwd_compute
callback,npu_id=2,curr_cycle=1131809781816,node_id=859,node_name=COMP_NODE_FWD_iter0_b2_ffwd_compute
issue,npu_id=1,curr_cycle=1131809786849,node_id=459,node_name=COMP_NODE_FWD_iter0_b2_attention_compute
issue,npu_id=3,curr_cycle=1131809786849,node_id=1263,node_name=COMP_NODE_FWD_iter0_b2_attention_compute
callback,npu_id=1,curr_cycle=1131809786849,node_id=458,node_name=COMP_NODE_FWD_iter0_b2_ffwd_compute
callback,npu_id=3,curr_cycle=1131809786849,node_id=1262,node_name=COMP_NODE_FWD_iter0_b2_ffwd_compute
issue,npu_id=0,curr_cycle=1146240871930,node_id=57,node_name=COMP_NODE_FWD_iter0_b2_ffwd_compute
issue,npu_id=2,curr_cycle=1146240871930,node_id=861,node_name=COMP_NODE_FWD_iter0_b2_ffwd_compute
callback,npu_id=0,curr_cycle=1146240871930,node_id=56,node_name=COMP_NODE_FWD_iter0_b2_attention_compute
callback,npu_id=2,curr_cycle=1146240871930,node_id=860,node_name=COMP_NODE_FWD_iter0_b2_attention_compute
issue,npu_id=1,curr_cycle=1146240876963,node_id=460,node_name=COMP_NODE_FWD_iter0_b2_ffwd_compute
issue,npu_id=3,curr_cycle=1146240876963,node_id=1264,node_name=COMP_NODE_FWD_iter0_b2_ffwd_compute
callback,npu_id=1,curr_cycle=1146240876963,node_id=459,node_name=COMP_NODE_FWD_iter0_b2_attention_compute
callback,npu_id=3,curr_cycle=1146240876963,node_id=1263,node_name=COMP_NODE_FWD_iter0_b2_attention_compute
issue,npu_id=0,curr_cycle=1173728662624,node_id=58,node_name=COMP_NODE_FWD_iter0_b2_attention_compute
issue,npu_id=2,curr_cycle=1173728662624,node_id=862,node_name=COMP_NODE_FWD_iter0_b2_attention_compute
callback,npu_id=0,curr_cycle=1173728662624,node_id=57,node_name=COMP_NODE_FWD_iter0_b2_ffwd_compute
callback,npu_id=2,curr_cycle=1173728662624,node_id=861,node_name=COMP_NODE_FWD_iter0_b2_ffwd_compute
issue,npu_id=1,curr_cycle=1173728667657,node_id=461,node_name=COMP_NODE_FWD_iter0_b2_attention_compute
issue,npu_id=3,curr_cycle=1173728667657,node_id=1265,node_name=COMP_NODE_FWD_iter0_b2_attention_compute
callback,npu_id=1,curr_cycle=1173728667657,node_id=460,node_name=COMP_NODE_FWD_iter0_b2_ffwd_compute
callback,npu_id=3,curr_cycle=1173728667657,node_id=1264,node_name=COMP_NODE_FWD_iter0_b2_ffwd_compute
issue,npu_id=0,curr_cycle=1188159752738,node_id=59,node_name=COMP_NODE_FWD_iter0_b2_ffwd_compute
issue,npu_id=2,curr_cycle=1188159752738,node_id=863,node_name=COMP_NODE_FWD_iter0_b2_ffwd_compute
callback,npu_id=0,curr_cycle=1188159752738,node_id=58,node_name=COMP_NODE_FWD_iter0_b2_attention_compute
callback,npu_id=2,curr_cycle=1188159752738,node_id=862,node_name=COMP_NODE_FWD_iter0_b2_attention_compute
issue,npu_id=1,curr_cycle=1188159757771,node_id=462,node_name=COMP_NODE_FWD_iter0_b2_ffwd_compute
issue,npu_id=3,curr_cycle=1188159757771,node_id=1266,node_name=COMP_NODE_FWD_iter0_b2_ffwd_compute
callback,npu_id=1,curr_cycle=1188159757771,node_id=461,node_name=COMP_NODE_FWD_iter0_b2_attention_compute
callback,npu_id=3,curr_cycle=1188159757771,node_id=1265,node_name=COMP_NODE_FWD_iter0_b2_attention_compute
issue,npu_id=0,curr_cycle=1215647543432,node_id=60,node_name=COMP_NODE_FWD_iter0_b2_attention_compute
issue,npu_id=2,curr_cycle=1215647543432,node_id=864,node_name=COMP_NODE_FWD_iter0_b2_attention_compute
callback,npu_id=0,curr_cycle=1215647543432,node_id=59,node_name=COMP_NODE_FWD_iter0_b2_ffwd_compute
callback,npu_id=2,curr_cycle=1215647543432,node_id=863,node_name=COMP_NODE_FWD_iter0_b2_ffwd_compute
issue,npu_id=1,curr_cycle=1215647548465,node_id=463,node_name=COMP_NODE_FWD_iter0_b2_attention_compute
issue,npu_id=3,curr_cycle=1215647548465,node_id=1267,node_name=COMP_NODE_FWD_iter0_b2_attention_compute
callback,npu_id=1,curr_cycle=1215647548465,node_id=462,node_name=COMP_NODE_FWD_iter0_b2_ffwd_compute
callback,npu_id=3,curr_cycle=1215647548465,node_id=1266,node_name=COMP_NODE_FWD_iter0_b2_ffwd_compute
issue,npu_id=0,curr_cycle=1230078633546,node_id=61,node_name=COMP_NODE_FWD_iter0_b2_ffwd_compute
issue,npu_id=2,curr_cycle=1230078633546,node_id=865,node_name=COMP_NODE_FWD_iter0_b2_ffwd_compute
callback,npu_id=0,curr_cycle=1230078633546,node_id=60,node_name=COMP_NODE_FWD_iter0_b2_attention_compute
callback,npu_id=2,curr_cycle=1230078633546,node_id=864,node_name=COMP_NODE_FWD_iter0_b2_attention_compute
issue,npu_id=1,curr_cycle=1230078638579,node_id=464,node_name=COMP_NODE_FWD_iter0_b2_ffwd_compute
issue,npu_id=3,curr_cycle=1230078638579,node_id=1268,node_name=COMP_NODE_FWD_iter0_b2_ffwd_compute
callback,npu_id=1,curr_cycle=1230078638579,node_id=463,node_name=COMP_NODE_FWD_iter0_b2_attention_compute
callback,npu_id=3,curr_cycle=1230078638579,node_id=1267,node_name=COMP_NODE_FWD_iter0_b2_attention_compute
issue,npu_id=0,curr_cycle=1257566424240,node_id=62,node_name=COMP_NODE_FWD_iter0_b2_attention_compute
issue,npu_id=2,curr_cycle=1257566424240,node_id=866,node_name=COMP_NODE_FWD_iter0_b2_attention_compute
callback,npu_id=0,curr_cycle=1257566424240,node_id=61,node_name=COMP_NODE_FWD_iter0_b2_ffwd_compute
callback,npu_id=2,curr_cycle=1257566424240,node_id=865,node_name=COMP_NODE_FWD_iter0_b2_ffwd_compute
issue,npu_id=1,curr_cycle=1257566429273,node_id=465,node_name=COMP_NODE_FWD_iter0_b2_attention_compute
issue,npu_id=3,curr_cycle=1257566429273,node_id=1269,node_name=COMP_NODE_FWD_iter0_b2_attention_compute
callback,npu_id=1,curr_cycle=1257566429273,node_id=464,node_name=COMP_NODE_FWD_iter0_b2_ffwd_compute
callback,npu_id=3,curr_cycle=1257566429273,node_id=1268,node_name=COMP_NODE_FWD_iter0_b2_ffwd_compute
issue,npu_id=0,curr_cycle=1271997514354,node_id=63,node_name=COMP_NODE_FWD_iter0_b2_ffwd_compute
issue,npu_id=2,curr_cycle=1271997514354,node_id=867,node_name=COMP_NODE_FWD_iter0_b2_ffwd_compute
callback,npu_id=0,curr_cycle=1271997514354,node_id=62,node_name=COMP_NODE_FWD_iter0_b2_attention_compute
callback,npu_id=2,curr_cycle=1271997514354,node_id=866,node_name=COMP_NODE_FWD_iter0_b2_attention_compute
issue,npu_id=1,curr_cycle=1271997519387,node_id=466,node_name=COMP_NODE_FWD_iter0_b2_ffwd_compute
issue,npu_id=3,curr_cycle=1271997519387,node_id=1270,node_name=COMP_NODE_FWD_iter0_b2_ffwd_compute
callback,npu_id=1,curr_cycle=1271997519387,node_id=465,node_name=COMP_NODE_FWD_iter0_b2_attention_compute
callback,npu_id=3,curr_cycle=1271997519387,node_id=1269,node_name=COMP_NODE_FWD_iter0_b2_attention_compute
issue,npu_id=0,curr_cycle=1299485305048,node_id=64,node_name=COMP_NODE_FWD_iter0_b2_attention_compute
issue,npu_id=2,curr_cycle=1299485305048,node_id=868,node_name=COMP_NODE_FWD_iter0_b2_attention_compute
callback,npu_id=0,curr_cycle=1299485305048,node_id=63,node_name=COMP_NODE_FWD_iter0_b2_ffwd_compute
callback,npu_id=2,curr_cycle=1299485305048,node_id=867,node_name=COMP_NODE_FWD_iter0_b2_ffwd_compute
issue,npu_id=1,curr_cycle=1299485310081,node_id=467,node_name=COMP_NODE_FWD_iter0_b2_attention_compute
issue,npu_id=3,curr_cycle=1299485310081,node_id=1271,node_name=COMP_NODE_FWD_iter0_b2_attention_compute
callback,npu_id=1,curr_cycle=1299485310081,node_id=466,node_name=COMP_NODE_FWD_iter0_b2_ffwd_compute
callback,npu_id=3,curr_cycle=1299485310081,node_id=1270,node_name=COMP_NODE_FWD_iter0_b2_ffwd_compute
issue,npu_id=0,curr_cycle=1313916395162,node_id=65,node_name=COMP_NODE_FWD_iter0_b2_ffwd_compute
issue,npu_id=2,curr_cycle=1313916395162,node_id=869,node_name=COMP_NODE_FWD_iter0_b2_ffwd_compute
callback,npu_id=0,curr_cycle=1313916395162,node_id=64,node_name=COMP_NODE_FWD_iter0_b2_attention_compute
callback,npu_id=2,curr_cycle=1313916395162,node_id=868,node_name=COMP_NODE_FWD_iter0_b2_attention_compute
issue,npu_id=1,curr_cycle=1313916400195,node_id=468,node_name=COMP_NODE_FWD_iter0_b2_ffwd_compute
issue,npu_id=3,curr_cycle=1313916400195,node_id=1272,node_name=COMP_NODE_FWD_iter0_b2_ffwd_compute
callback,npu_id=1,curr_cycle=1313916400195,node_id=467,node_name=COMP_NODE_FWD_iter0_b2_attention_compute
callback,npu_id=3,curr_cycle=1313916400195,node_id=1271,node_name=COMP_NODE_FWD_iter0_b2_attention_compute
issue,npu_id=0,curr_cycle=1341404185856,node_id=66,node_name=COMP_NODE_FWD_iter0_b2_attention_compute
issue,npu_id=2,curr_cycle=1341404185856,node_id=870,node_name=COMP_NODE_FWD_iter0_b2_attention_compute
callback,npu_id=0,curr_cycle=1341404185856,node_id=65,node_name=COMP_NODE_FWD_iter0_b2_ffwd_compute
callback,npu_id=2,curr_cycle=1341404185856,node_id=869,node_name=COMP_NODE_FWD_iter0_b2_ffwd_compute
issue,npu_id=1,curr_cycle=1341404190889,node_id=469,node_name=COMP_NODE_FWD_iter0_b2_attention_compute
issue,npu_id=3,curr_cycle=1341404190889,node_id=1273,node_name=COMP_NODE_FWD_iter0_b2_attention_compute
callback,npu_id=1,curr_cycle=1341404190889,node_id=468,node_name=COMP_NODE_FWD_iter0_b2_ffwd_compute
callback,npu_id=3,curr_cycle=1341404190889,node_id=1272,node_name=COMP_NODE_FWD_iter0_b2_ffwd_compute
issue,npu_id=0,curr_cycle=1355835275970,node_id=67,node_name=COMP_NODE_FWD_iter0_b2_ffwd_compute
issue,npu_id=2,curr_cycle=1355835275970,node_id=871,node_name=COMP_NODE_FWD_iter0_b2_ffwd_compute
callback,npu_id=0,curr_cycle=1355835275970,node_id=66,node_name=COMP_NODE_FWD_iter0_b2_attention_compute
callback,npu_id=2,curr_cycle=1355835275970,node_id=870,node_name=COMP_NODE_FWD_iter0_b2_attention_compute
issue,npu_id=1,curr_cycle=1355835281003,node_id=470,node_name=COMP_NODE_FWD_iter0_b2_ffwd_compute
issue,npu_id=3,curr_cycle=1355835281003,node_id=1274,node_name=COMP_NODE_FWD_iter0_b2_ffwd_compute
callback,npu_id=1,curr_cycle=1355835281003,node_id=469,node_name=COMP_NODE_FWD_iter0_b2_attention_compute
callback,npu_id=3,curr_cycle=1355835281003,node_id=1273,node_name=COMP_NODE_FWD_iter0_b2_attention_compute
issue,npu_id=0,curr_cycle=1383323066664,node_id=68,node_name=COMP_NODE_FWD_iter0_b2_attention_compute
issue,npu_id=2,curr_cycle=1383323066664,node_id=872,node_name=COMP_NODE_FWD_iter0_b2_attention_compute
callback,npu_id=0,curr_cycle=1383323066664,node_id=67,node_name=COMP_NODE_FWD_iter0_b2_ffwd_compute
callback,npu_id=2,curr_cycle=1383323066664,node_id=871,node_name=COMP_NODE_FWD_iter0_b2_ffwd_compute
issue,npu_id=1,curr_cycle=1383323071697,node_id=471,node_name=COMP_NODE_FWD_iter0_b2_attention_compute
issue,npu_id=3,curr_cycle=1383323071697,node_id=1275,node_name=COMP_NODE_FWD_iter0_b2_attention_compute
callback,npu_id=1,curr_cycle=1383323071697,node_id=470,node_name=COMP_NODE_FWD_iter0_b2_ffwd_compute
callback,npu_id=3,curr_cycle=1383323071697,node_id=1274,node_name=COMP_NODE_FWD_iter0_b2_ffwd_compute
issue,npu_id=0,curr_cycle=1397754156778,node_id=69,node_name=COMP_NODE_FWD_iter0_b2_ffwd_compute
issue,npu_id=2,curr_cycle=1397754156778,node_id=873,node_name=COMP_NODE_FWD_iter0_b2_ffwd_compute
callback,npu_id=0,curr_cycle=1397754156778,node_id=68,node_name=COMP_NODE_FWD_iter0_b2_attention_compute
callback,npu_id=2,curr_cycle=1397754156778,node_id=872,node_name=COMP_NODE_FWD_iter0_b2_attention_compute
issue,npu_id=1,curr_cycle=1397754161811,node_id=472,node_name=COMP_NODE_FWD_iter0_b2_ffwd_compute
issue,npu_id=3,curr_cycle=1397754161811,node_id=1276,node_name=COMP_NODE_FWD_iter0_b2_ffwd_compute
callback,npu_id=1,curr_cycle=1397754161811,node_id=471,node_name=COMP_NODE_FWD_iter0_b2_attention_compute
callback,npu_id=3,curr_cycle=1397754161811,node_id=1275,node_name=COMP_NODE_FWD_iter0_b2_attention_compute
issue,npu_id=0,curr_cycle=1425241947472,node_id=70,node_name=COMP_NODE_FWD_iter0_b2_attention_compute
issue,npu_id=2,curr_cycle=1425241947472,node_id=874,node_name=COMP_NODE_FWD_iter0_b2_attention_compute
callback,npu_id=0,curr_cycle=1425241947472,node_id=69,node_name=COMP_NODE_FWD_iter0_b2_ffwd_compute
callback,npu_id=2,curr_cycle=1425241947472,node_id=873,node_name=COMP_NODE_FWD_iter0_b2_ffwd_compute
issue,npu_id=1,curr_cycle=1425241952505,node_id=473,node_name=COMP_NODE_FWD_iter0_b2_attention_compute
issue,npu_id=3,curr_cycle=1425241952505,node_id=1277,node_name=COMP_NODE_FWD_iter0_b2_attention_compute
callback,npu_id=1,curr_cycle=1425241952505,node_id=472,node_name=COMP_NODE_FWD_iter0_b2_ffwd_compute
callback,npu_id=3,curr_cycle=1425241952505,node_id=1276,node_name=COMP_NODE_FWD_iter0_b2_ffwd_compute
issue,npu_id=0,curr_cycle=1439673037586,node_id=71,node_name=COMP_NODE_FWD_iter0_b2_ffwd_compute
issue,npu_id=2,curr_cycle=1439673037586,node_id=875,node_name=COMP_NODE_FWD_iter0_b2_ffwd_compute
callback,npu_id=0,curr_cycle=1439673037586,node_id=70,node_name=COMP_NODE_FWD_iter0_b2_attention_compute
callback,npu_id=2,curr_cycle=1439673037586,node_id=874,node_name=COMP_NODE_FWD_iter0_b2_attention_compute
issue,npu_id=1,curr_cycle=1439673042619,node_id=474,node_name=COMP_NODE_FWD_iter0_b2_ffwd_compute
issue,npu_id=3,curr_cycle=1439673042619,node_id=1278,node_name=COMP_NODE_FWD_iter0_b2_ffwd_compute
callback,npu_id=1,curr_cycle=1439673042619,node_id=473,node_name=COMP_NODE_FWD_iter0_b2_attention_compute
callback,npu_id=3,curr_cycle=1439673042619,node_id=1277,node_name=COMP_NODE_FWD_iter0_b2_attention_compute
issue,npu_id=0,curr_cycle=1467160828280,node_id=72,node_name=COMP_NODE_FWD_iter0_b2_attention_compute
issue,npu_id=2,curr_cycle=1467160828280,node_id=876,node_name=COMP_NODE_FWD_iter0_b2_attention_compute
callback,npu_id=0,curr_cycle=1467160828280,node_id=71,node_name=COMP_NODE_FWD_iter0_b2_ffwd_compute
callback,npu_id=2,curr_cycle=1467160828280,node_id=875,node_name=COMP_NODE_FWD_iter0_b2_ffwd_compute
issue,npu_id=1,curr_cycle=1467160833313,node_id=475,node_name=COMP_NODE_FWD_iter0_b2_attention_compute
issue,npu_id=3,curr_cycle=1467160833313,node_id=1279,node_name=COMP_NODE_FWD_iter0_b2_attention_compute
callback,npu_id=1,curr_cycle=1467160833313,node_id=474,node_name=COMP_NODE_FWD_iter0_b2_ffwd_compute
callback,npu_id=3,curr_cycle=1467160833313,node_id=1278,node_name=COMP_NODE_FWD_iter0_b2_ffwd_compute
issue,npu_id=0,curr_cycle=1481591918394,node_id=73,node_name=COMP_NODE_FWD_iter0_b2_ffwd_compute
issue,npu_id=2,curr_cycle=1481591918394,node_id=877,node_name=COMP_NODE_FWD_iter0_b2_ffwd_compute
callback,npu_id=0,curr_cycle=1481591918394,node_id=72,node_name=COMP_NODE_FWD_iter0_b2_attention_compute
callback,npu_id=2,curr_cycle=1481591918394,node_id=876,node_name=COMP_NODE_FWD_iter0_b2_attention_compute
issue,npu_id=1,curr_cycle=1481591923427,node_id=476,node_name=COMP_NODE_FWD_iter0_b2_ffwd_compute
issue,npu_id=3,curr_cycle=1481591923427,node_id=1280,node_name=COMP_NODE_FWD_iter0_b2_ffwd_compute
callback,npu_id=1,curr_cycle=1481591923427,node_id=475,node_name=COMP_NODE_FWD_iter0_b2_attention_compute
callback,npu_id=3,curr_cycle=1481591923427,node_id=1279,node_name=COMP_NODE_FWD_iter0_b2_attention_compute
issue,npu_id=0,curr_cycle=1509079709088,node_id=74,node_name=COMM_SEND_NODE_FWD_iter0_b2_dp0pp0tp0
issue,npu_id=0,curr_cycle=1509079709088,node_id=75,node_name=COMP_NODE_FWD_iter0_b3_attention_compute
issue,npu_id=2,curr_cycle=1509079709088,node_id=878,node_name=COMM_SEND_NODE_FWD_iter0_b2_dp1pp0tp0
issue,npu_id=2,curr_cycle=1509079709088,node_id=879,node_name=COMP_NODE_FWD_iter0_b3_attention_compute
callback,npu_id=0,curr_cycle=1509079709088,node_id=73,node_name=COMP_NODE_FWD_iter0_b2_ffwd_compute
callback,npu_id=2,curr_cycle=1509079709088,node_id=877,node_name=COMP_NODE_FWD_iter0_b2_ffwd_compute
issue,npu_id=1,curr_cycle=1509079714121,node_id=478,node_name=COMP_NODE_FWD_iter0_b3_attention_compute
issue,npu_id=3,curr_cycle=1509079714121,node_id=1282,node_name=COMP_NODE_FWD_iter0_b3_attention_compute
callback,npu_id=0,curr_cycle=1509079714121,node_id=74,node_name=COMM_SEND_NODE_FWD_iter0_b2_dp0pp0tp0
callback,npu_id=1,curr_cycle=1509079714121,node_id=476,node_name=COMP_NODE_FWD_iter0_b2_ffwd_compute
callback,npu_id=2,curr_cycle=1509079714121,node_id=878,node_name=COMM_SEND_NODE_FWD_iter0_b2_dp1pp0tp0
callback,npu_id=3,curr_cycle=1509079714121,node_id=1280,node_name=COMP_NODE_FWD_iter0_b2_ffwd_compute
issue,npu_id=0,curr_cycle=1523510799202,node_id=76,node_name=COMP_NODE_FWD_iter0_b3_ffwd_compute
issue,npu_id=2,curr_cycle=1523510799202,node_id=880,node_name=COMP_NODE_FWD_iter0_b3_ffwd_compute
callback,npu_id=0,curr_cycle=1523510799202,node_id=75,node_name=COMP_NODE_FWD_iter0_b3_attention_compute
callback,npu_id=2,curr_cycle=1523510799202,node_id=879,node_name=COMP_NODE_FWD_iter0_b3_attention_compute
issue,npu_id=1,curr_cycle=1523510804235,node_id=479,node_name=COMP_NODE_FWD_iter0_b3_ffwd_compute
issue,npu_id=3,curr_cycle=1523510804235,node_id=1283,node_name=COMP_NODE_FWD_iter0_b3_ffwd_compute
callback,npu_id=1,curr_cycle=1523510804235,node_id=478,node_name=COMP_NODE_FWD_iter0_b3_attention_compute
callback,npu_id=3,curr_cycle=1523510804235,node_id=1282,node_name=COMP_NODE_FWD_iter0_b3_attention_compute
issue,npu_id=0,curr_cycle=1550998589896,node_id=77,node_name=COMP_NODE_FWD_iter0_b3_attention_compute
issue,npu_id=2,curr_cycle=1550998589896,node_id=881,node_name=COMP_NODE_FWD_iter0_b3_attention_compute
callback,npu_id=0,curr_cycle=1550998589896,node_id=76,node_name=COMP_NODE_FWD_iter0_b3_ffwd_compute
callback,npu_id=2,curr_cycle=1550998589896,node_id=880,node_name=COMP_NODE_FWD_iter0_b3_ffwd_compute
issue,npu_id=1,curr_cycle=1550998594929,node_id=480,node_name=COMP_NODE_FWD_iter0_b3_attention_compute
issue,npu_id=3,curr_cycle=1550998594929,node_id=1284,node_name=COMP_NODE_FWD_iter0_b3_attention_compute
callback,npu_id=1,curr_cycle=1550998594929,node_id=479,node_name=COMP_NODE_FWD_iter0_b3_ffwd_compute
callback,npu_id=3,curr_cycle=1550998594929,node_id=1283,node_name=COMP_NODE_FWD_iter0_b3_ffwd_compute
issue,npu_id=0,curr_cycle=1565429680010,node_id=78,node_name=COMP_NODE_FWD_iter0_b3_ffwd_compute
issue,npu_id=2,curr_cycle=1565429680010,node_id=882,node_name=COMP_NODE_FWD_iter0_b3_ffwd_compute
callback,npu_id=0,curr_cycle=1565429680010,node_id=77,node_name=COMP_NODE_FWD_iter0_b3_attention_compute
callback,npu_id=2,curr_cycle=1565429680010,node_id=881,node_name=COMP_NODE_FWD_iter0_b3_attention_compute
issue,npu_id=1,curr_cycle=1565429685043,node_id=481,node_name=COMP_NODE_FWD_iter0_b3_ffwd_compute
issue,npu_id=3,curr_cycle=1565429685043,node_id=1285,node_name=COMP_NODE_FWD_iter0_b3_ffwd_compute
callback,npu_id=1,curr_cycle=1565429685043,node_id=480,node_name=COMP_NODE_FWD_iter0_b3_attention_compute
callback,npu_id=3,curr_cycle=1565429685043,node_id=1284,node_name=COMP_NODE_FWD_iter0_b3_attention_compute
issue,npu_id=0,curr_cycle=1592917470704,node_id=79,node_name=COMP_NODE_FWD_iter0_b3_attention_compute
issue,npu_id=2,curr_cycle=1592917470704,node_id=883,node_name=COMP_NODE_FWD_iter0_b3_attention_compute
callback,npu_id=0,curr_cycle=1592917470704,node_id=78,node_name=COMP_NODE_FWD_iter0_b3_ffwd_compute
callback,npu_id=2,curr_cycle=1592917470704,node_id=882,node_name=COMP_NODE_FWD_iter0_b3_ffwd_compute
issue,npu_id=1,curr_cycle=1592917475737,node_id=482,node_name=COMP_NODE_FWD_iter0_b3_attention_compute
issue,npu_id=3,curr_cycle=1592917475737,node_id=1286,node_name=COMP_NODE_FWD_iter0_b3_attention_compute
callback,npu_id=1,curr_cycle=1592917475737,node_id=481,node_name=COMP_NODE_FWD_iter0_b3_ffwd_compute
callback,npu_id=3,curr_cycle=1592917475737,node_id=1285,node_name=COMP_NODE_FWD_iter0_b3_ffwd_compute
issue,npu_id=0,curr_cycle=1607348560818,node_id=80,node_name=COMP_NODE_FWD_iter0_b3_ffwd_compute
issue,npu_id=2,curr_cycle=1607348560818,node_id=884,node_name=COMP_NODE_FWD_iter0_b3_ffwd_compute
callback,npu_id=0,curr_cycle=1607348560818,node_id=79,node_name=COMP_NODE_FWD_iter0_b3_attention_compute
callback,npu_id=2,curr_cycle=1607348560818,node_id=883,node_name=COMP_NODE_FWD_iter0_b3_attention_compute
issue,npu_id=1,curr_cycle=1607348565851,node_id=483,node_name=COMP_NODE_FWD_iter0_b3_ffwd_compute
issue,npu_id=3,curr_cycle=1607348565851,node_id=1287,node_name=COMP_NODE_FWD_iter0_b3_ffwd_compute
callback,npu_id=1,curr_cycle=1607348565851,node_id=482,node_name=COMP_NODE_FWD_iter0_b3_attention_compute
callback,npu_id=3,curr_cycle=1607348565851,node_id=1286,node_name=COMP_NODE_FWD_iter0_b3_attention_compute
issue,npu_id=0,curr_cycle=1634836351512,node_id=81,node_name=COMP_NODE_FWD_iter0_b3_attention_compute
issue,npu_id=2,curr_cycle=1634836351512,node_id=885,node_name=COMP_NODE_FWD_iter0_b3_attention_compute
callback,npu_id=0,curr_cycle=1634836351512,node_id=80,node_name=COMP_NODE_FWD_iter0_b3_ffwd_compute
callback,npu_id=2,curr_cycle=1634836351512,node_id=884,node_name=COMP_NODE_FWD_iter0_b3_ffwd_compute
issue,npu_id=1,curr_cycle=1634836356545,node_id=484,node_name=COMP_NODE_FWD_iter0_b3_attention_compute
issue,npu_id=3,curr_cycle=1634836356545,node_id=1288,node_name=COMP_NODE_FWD_iter0_b3_attention_compute
callback,npu_id=1,curr_cycle=1634836356545,node_id=483,node_name=COMP_NODE_FWD_iter0_b3_ffwd_compute
callback,npu_id=3,curr_cycle=1634836356545,node_id=1287,node_name=COMP_NODE_FWD_iter0_b3_ffwd_compute
issue,npu_id=0,curr_cycle=1649267441626,node_id=82,node_name=COMP_NODE_FWD_iter0_b3_ffwd_compute
issue,npu_id=2,curr_cycle=1649267441626,node_id=886,node_name=COMP_NODE_FWD_iter0_b3_ffwd_compute
callback,npu_id=0,curr_cycle=1649267441626,node_id=81,node_name=COMP_NODE_FWD_iter0_b3_attention_compute
callback,npu_id=2,curr_cycle=1649267441626,node_id=885,node_name=COMP_NODE_FWD_iter0_b3_attention_compute
issue,npu_id=1,curr_cycle=1649267446659,node_id=485,node_name=COMP_NODE_FWD_iter0_b3_ffwd_compute
issue,npu_id=3,curr_cycle=1649267446659,node_id=1289,node_name=COMP_NODE_FWD_iter0_b3_ffwd_compute
callback,npu_id=1,curr_cycle=1649267446659,node_id=484,node_name=COMP_NODE_FWD_iter0_b3_attention_compute
callback,npu_id=3,curr_cycle=1649267446659,node_id=1288,node_name=COMP_NODE_FWD_iter0_b3_attention_compute
issue,npu_id=0,curr_cycle=1676755232320,node_id=83,node_name=COMP_NODE_FWD_iter0_b3_attention_compute
issue,npu_id=2,curr_cycle=1676755232320,node_id=887,node_name=COMP_NODE_FWD_iter0_b3_attention_compute
callback,npu_id=0,curr_cycle=1676755232320,node_id=82,node_name=COMP_NODE_FWD_iter0_b3_ffwd_compute
callback,npu_id=2,curr_cycle=1676755232320,node_id=886,node_name=COMP_NODE_FWD_iter0_b3_ffwd_compute
issue,npu_id=1,curr_cycle=1676755237353,node_id=486,node_name=COMP_NODE_FWD_iter0_b3_attention_compute
issue,npu_id=3,curr_cycle=1676755237353,node_id=1290,node_name=COMP_NODE_FWD_iter0_b3_attention_compute
callback,npu_id=1,curr_cycle=1676755237353,node_id=485,node_name=COMP_NODE_FWD_iter0_b3_ffwd_compute
callback,npu_id=3,curr_cycle=1676755237353,node_id=1289,node_name=COMP_NODE_FWD_iter0_b3_ffwd_compute
issue,npu_id=0,curr_cycle=1691186322434,node_id=84,node_name=COMP_NODE_FWD_iter0_b3_ffwd_compute
issue,npu_id=2,curr_cycle=1691186322434,node_id=888,node_name=COMP_NODE_FWD_iter0_b3_ffwd_compute
callback,npu_id=0,curr_cycle=1691186322434,node_id=83,node_name=COMP_NODE_FWD_iter0_b3_attention_compute
callback,npu_id=2,curr_cycle=1691186322434,node_id=887,node_name=COMP_NODE_FWD_iter0_b3_attention_compute
issue,npu_id=1,curr_cycle=1691186327467,node_id=487,node_name=COMP_NODE_FWD_iter0_b3_ffwd_compute
issue,npu_id=3,curr_cycle=1691186327467,node_id=1291,node_name=COMP_NODE_FWD_iter0_b3_ffwd_compute
callback,npu_id=1,curr_cycle=1691186327467,node_id=486,node_name=COMP_NODE_FWD_iter0_b3_attention_compute
callback,npu_id=3,curr_cycle=1691186327467,node_id=1290,node_name=COMP_NODE_FWD_iter0_b3_attention_compute
issue,npu_id=0,curr_cycle=1718674113128,node_id=85,node_name=COMP_NODE_FWD_iter0_b3_attention_compute
issue,npu_id=2,curr_cycle=1718674113128,node_id=889,node_name=COMP_NODE_FWD_iter0_b3_attention_compute
callback,npu_id=0,curr_cycle=1718674113128,node_id=84,node_name=COMP_NODE_FWD_iter0_b3_ffwd_compute
callback,npu_id=2,curr_cycle=1718674113128,node_id=888,node_name=COMP_NODE_FWD_iter0_b3_ffwd_compute
issue,npu_id=1,curr_cycle=1718674118161,node_id=488,node_name=COMP_NODE_FWD_iter0_b3_attention_compute
issue,npu_id=3,curr_cycle=1718674118161,node_id=1292,node_name=COMP_NODE_FWD_iter0_b3_attention_compute
callback,npu_id=1,curr_cycle=1718674118161,node_id=487,node_name=COMP_NODE_FWD_iter0_b3_ffwd_compute
callback,npu_id=3,curr_cycle=1718674118161,node_id=1291,node_name=COMP_NODE_FWD_iter0_b3_ffwd_compute
issue,npu_id=0,curr_cycle=1733105203242,node_id=86,node_name=COMP_NODE_FWD_iter0_b3_ffwd_compute
issue,npu_id=2,curr_cycle=1733105203242,node_id=890,node_name=COMP_NODE_FWD_iter0_b3_ffwd_compute
callback,npu_id=0,curr_cycle=1733105203242,node_id=85,node_name=COMP_NODE_FWD_iter0_b3_attention_compute
callback,npu_id=2,curr_cycle=1733105203242,node_id=889,node_name=COMP_NODE_FWD_iter0_b3_attention_compute
issue,npu_id=1,curr_cycle=1733105208275,node_id=489,node_name=COMP_NODE_FWD_iter0_b3_ffwd_compute
issue,npu_id=3,curr_cycle=1733105208275,node_id=1293,node_name=COMP_NODE_FWD_iter0_b3_ffwd_compute
callback,npu_id=1,curr_cycle=1733105208275,node_id=488,node_name=COMP_NODE_FWD_iter0_b3_attention_compute
callback,npu_id=3,curr_cycle=1733105208275,node_id=1292,node_name=COMP_NODE_FWD_iter0_b3_attention_compute
issue,npu_id=0,curr_cycle=1760592993936,node_id=87,node_name=COMP_NODE_FWD_iter0_b3_attention_compute
issue,npu_id=2,curr_cycle=1760592993936,node_id=891,node_name=COMP_NODE_FWD_iter0_b3_attention_compute
callback,npu_id=0,curr_cycle=1760592993936,node_id=86,node_name=COMP_NODE_FWD_iter0_b3_ffwd_compute
callback,npu_id=2,curr_cycle=1760592993936,node_id=890,node_name=COMP_NODE_FWD_iter0_b3_ffwd_compute
issue,npu_id=1,curr_cycle=1760592998969,node_id=490,node_name=COMP_NODE_FWD_iter0_b3_attention_compute
issue,npu_id=3,curr_cycle=1760592998969,node_id=1294,node_name=COMP_NODE_FWD_iter0_b3_attention_compute
callback,npu_id=1,curr_cycle=1760592998969,node_id=489,node_name=COMP_NODE_FWD_iter0_b3_ffwd_compute
callback,npu_id=3,curr_cycle=1760592998969,node_id=1293,node_name=COMP_NODE_FWD_iter0_b3_ffwd_compute
issue,npu_id=0,curr_cycle=1775024084050,node_id=88,node_name=COMP_NODE_FWD_iter0_b3_ffwd_compute
issue,npu_id=2,curr_cycle=1775024084050,node_id=892,node_name=COMP_NODE_FWD_iter0_b3_ffwd_compute
callback,npu_id=0,curr_cycle=1775024084050,node_id=87,node_name=COMP_NODE_FWD_iter0_b3_attention_compute
callback,npu_id=2,curr_cycle=1775024084050,node_id=891,node_name=COMP_NODE_FWD_iter0_b3_attention_compute
issue,npu_id=1,curr_cycle=1775024089083,node_id=491,node_name=COMP_NODE_FWD_iter0_b3_ffwd_compute
issue,npu_id=3,curr_cycle=1775024089083,node_id=1295,node_name=COMP_NODE_FWD_iter0_b3_ffwd_compute
callback,npu_id=1,curr_cycle=1775024089083,node_id=490,node_name=COMP_NODE_FWD_iter0_b3_attention_compute
callback,npu_id=3,curr_cycle=1775024089083,node_id=1294,node_name=COMP_NODE_FWD_iter0_b3_attention_compute
issue,npu_id=0,curr_cycle=1802511874744,node_id=89,node_name=COMP_NODE_FWD_iter0_b3_attention_compute
issue,npu_id=2,curr_cycle=1802511874744,node_id=893,node_name=COMP_NODE_FWD_iter0_b3_attention_compute
callback,npu_id=0,curr_cycle=1802511874744,node_id=88,node_name=COMP_NODE_FWD_iter0_b3_ffwd_compute
callback,npu_id=2,curr_cycle=1802511874744,node_id=892,node_name=COMP_NODE_FWD_iter0_b3_ffwd_compute
issue,npu_id=1,curr_cycle=1802511879777,node_id=492,node_name=COMP_NODE_FWD_iter0_b3_attention_compute
issue,npu_id=3,curr_cycle=1802511879777,node_id=1296,node_name=COMP_NODE_FWD_iter0_b3_attention_compute
callback,npu_id=1,curr_cycle=1802511879777,node_id=491,node_name=COMP_NODE_FWD_iter0_b3_ffwd_compute
callback,npu_id=3,curr_cycle=1802511879777,node_id=1295,node_name=COMP_NODE_FWD_iter0_b3_ffwd_compute
issue,npu_id=0,curr_cycle=1816942964858,node_id=90,node_name=COMP_NODE_FWD_iter0_b3_ffwd_compute
issue,npu_id=2,curr_cycle=1816942964858,node_id=894,node_name=COMP_NODE_FWD_iter0_b3_ffwd_compute
callback,npu_id=0,curr_cycle=1816942964858,node_id=89,node_name=COMP_NODE_FWD_iter0_b3_attention_compute
callback,npu_id=2,curr_cycle=1816942964858,node_id=893,node_name=COMP_NODE_FWD_iter0_b3_attention_compute
issue,npu_id=1,curr_cycle=1816942969891,node_id=493,node_name=COMP_NODE_FWD_iter0_b3_ffwd_compute
issue,npu_id=3,curr_cycle=1816942969891,node_id=1297,node_name=COMP_NODE_FWD_iter0_b3_ffwd_compute
callback,npu_id=1,curr_cycle=1816942969891,node_id=492,node_name=COMP_NODE_FWD_iter0_b3_attention_compute
callback,npu_id=3,curr_cycle=1816942969891,node_id=1296,node_name=COMP_NODE_FWD_iter0_b3_attention_compute
issue,npu_id=0,curr_cycle=1844430755552,node_id=91,node_name=COMP_NODE_FWD_iter0_b3_attention_compute
issue,npu_id=2,curr_cycle=1844430755552,node_id=895,node_name=COMP_NODE_FWD_iter0_b3_attention_compute
callback,npu_id=0,curr_cycle=1844430755552,node_id=90,node_name=COMP_NODE_FWD_iter0_b3_ffwd_compute
callback,npu_id=2,curr_cycle=1844430755552,node_id=894,node_name=COMP_NODE_FWD_iter0_b3_ffwd_compute
issue,npu_id=1,curr_cycle=1844430760585,node_id=494,node_name=COMP_NODE_FWD_iter0_b3_attention_compute
issue,npu_id=3,curr_cycle=1844430760585,node_id=1298,node_name=COMP_NODE_FWD_iter0_b3_attention_compute
callback,npu_id=1,curr_cycle=1844430760585,node_id=493,node_name=COMP_NODE_FWD_iter0_b3_ffwd_compute
callback,npu_id=3,curr_cycle=1844430760585,node_id=1297,node_name=COMP_NODE_FWD_iter0_b3_ffwd_compute
issue,npu_id=0,curr_cycle=1858861845666,node_id=92,node_name=COMP_NODE_FWD_iter0_b3_ffwd_compute
issue,npu_id=2,curr_cycle=1858861845666,node_id=896,node_name=COMP_NODE_FWD_iter0_b3_ffwd_compute
callback,npu_id=0,curr_cycle=1858861845666,node_id=91,node_name=COMP_NODE_FWD_iter0_b3_attention_compute
callback,npu_id=2,curr_cycle=1858861845666,node_id=895,node_name=COMP_NODE_FWD_iter0_b3_attention_compute
issue,npu_id=1,curr_cycle=1858861850699,node_id=495,node_name=COMP_NODE_FWD_iter0_b3_ffwd_compute
issue,npu_id=3,curr_cycle=1858861850699,node_id=1299,node_name=COMP_NODE_FWD_iter0_b3_ffwd_compute
callback,npu_id=1,curr_cycle=1858861850699,node_id=494,node_name=COMP_NODE_FWD_iter0_b3_attention_compute
callback,npu_id=3,curr_cycle=1858861850699,node_id=1298,node_name=COMP_NODE_FWD_iter0_b3_attention_compute
issue,npu_id=0,curr_cycle=1886349636360,node_id=93,node_name=COMP_NODE_FWD_iter0_b3_attention_compute
issue,npu_id=2,curr_cycle=1886349636360,node_id=897,node_name=COMP_NODE_FWD_iter0_b3_attention_compute
callback,npu_id=0,curr_cycle=1886349636360,node_id=92,node_name=COMP_NODE_FWD_iter0_b3_ffwd_compute
callback,npu_id=2,curr_cycle=1886349636360,node_id=896,node_name=COMP_NODE_FWD_iter0_b3_ffwd_compute
issue,npu_id=1,curr_cycle=1886349641393,node_id=496,node_name=COMP_NODE_FWD_iter0_b3_attention_compute
issue,npu_id=3,curr_cycle=1886349641393,node_id=1300,node_name=COMP_NODE_FWD_iter0_b3_attention_compute
callback,npu_id=1,curr_cycle=1886349641393,node_id=495,node_name=COMP_NODE_FWD_iter0_b3_ffwd_compute
callback,npu_id=3,curr_cycle=1886349641393,node_id=1299,node_name=COMP_NODE_FWD_iter0_b3_ffwd_compute
issue,npu_id=0,curr_cycle=1900780726474,node_id=94,node_name=COMP_NODE_FWD_iter0_b3_ffwd_compute
issue,npu_id=2,curr_cycle=1900780726474,node_id=898,node_name=COMP_NODE_FWD_iter0_b3_ffwd_compute
callback,npu_id=0,curr_cycle=1900780726474,node_id=93,node_name=COMP_NODE_FWD_iter0_b3_attention_compute
callback,npu_id=2,curr_cycle=1900780726474,node_id=897,node_name=COMP_NODE_FWD_iter0_b3_attention_compute
issue,npu_id=1,curr_cycle=1900780731507,node_id=497,node_name=COMP_NODE_FWD_iter0_b3_ffwd_compute
issue,npu_id=3,curr_cycle=1900780731507,node_id=1301,node_name=COMP_NODE_FWD_iter0_b3_ffwd_compute
callback,npu_id=1,curr_cycle=1900780731507,node_id=496,node_name=COMP_NODE_FWD_iter0_b3_attention_compute
callback,npu_id=3,curr_cycle=1900780731507,node_id=1300,node_name=COMP_NODE_FWD_iter0_b3_attention_compute
issue,npu_id=0,curr_cycle=1928268517168,node_id=95,node_name=COMP_NODE_FWD_iter0_b3_attention_compute
issue,npu_id=2,curr_cycle=1928268517168,node_id=899,node_name=COMP_NODE_FWD_iter0_b3_attention_compute
callback,npu_id=0,curr_cycle=1928268517168,node_id=94,node_name=COMP_NODE_FWD_iter0_b3_ffwd_compute
callback,npu_id=2,curr_cycle=1928268517168,node_id=898,node_name=COMP_NODE_FWD_iter0_b3_ffwd_compute
issue,npu_id=1,curr_cycle=1928268522201,node_id=498,node_name=COMP_NODE_FWD_iter0_b3_attention_compute
issue,npu_id=3,curr_cycle=1928268522201,node_id=1302,node_name=COMP_NODE_FWD_iter0_b3_attention_compute
callback,npu_id=1,curr_cycle=1928268522201,node_id=497,node_name=COMP_NODE_FWD_iter0_b3_ffwd_compute
callback,npu_id=3,curr_cycle=1928268522201,node_id=1301,node_name=COMP_NODE_FWD_iter0_b3_ffwd_compute
issue,npu_id=0,curr_cycle=1942699607282,node_id=96,node_name=COMP_NODE_FWD_iter0_b3_ffwd_compute
issue,npu_id=2,curr_cycle=1942699607282,node_id=900,node_name=COMP_NODE_FWD_iter0_b3_ffwd_compute
callback,npu_id=0,curr_cycle=1942699607282,node_id=95,node_name=COMP_NODE_FWD_iter0_b3_attention_compute
callback,npu_id=2,curr_cycle=1942699607282,node_id=899,node_name=COMP_NODE_FWD_iter0_b3_attention_compute
issue,npu_id=1,curr_cycle=1942699612315,node_id=499,node_name=COMP_NODE_FWD_iter0_b3_ffwd_compute
issue,npu_id=3,curr_cycle=1942699612315,node_id=1303,node_name=COMP_NODE_FWD_iter0_b3_ffwd_compute
callback,npu_id=1,curr_cycle=1942699612315,node_id=498,node_name=COMP_NODE_FWD_iter0_b3_attention_compute
callback,npu_id=3,curr_cycle=1942699612315,node_id=1302,node_name=COMP_NODE_FWD_iter0_b3_attention_compute
issue,npu_id=0,curr_cycle=1970187397976,node_id=97,node_name=COMP_NODE_FWD_iter0_b3_attention_compute
issue,npu_id=2,curr_cycle=1970187397976,node_id=901,node_name=COMP_NODE_FWD_iter0_b3_attention_compute
callback,npu_id=0,curr_cycle=1970187397976,node_id=96,node_name=COMP_NODE_FWD_iter0_b3_ffwd_compute
callback,npu_id=2,curr_cycle=1970187397976,node_id=900,node_name=COMP_NODE_FWD_iter0_b3_ffwd_compute
issue,npu_id=1,curr_cycle=1970187403009,node_id=500,node_name=COMP_NODE_FWD_iter0_b3_attention_compute
issue,npu_id=3,curr_cycle=1970187403009,node_id=1304,node_name=COMP_NODE_FWD_iter0_b3_attention_compute
callback,npu_id=1,curr_cycle=1970187403009,node_id=499,node_name=COMP_NODE_FWD_iter0_b3_ffwd_compute
callback,npu_id=3,curr_cycle=1970187403009,node_id=1303,node_name=COMP_NODE_FWD_iter0_b3_ffwd_compute
issue,npu_id=0,curr_cycle=1984618488090,node_id=98,node_name=COMP_NODE_FWD_iter0_b3_ffwd_compute
issue,npu_id=2,curr_cycle=1984618488090,node_id=902,node_name=COMP_NODE_FWD_iter0_b3_ffwd_compute
callback,npu_id=0,curr_cycle=1984618488090,node_id=97,node_name=COMP_NODE_FWD_iter0_b3_attention_compute
callback,npu_id=2,curr_cycle=1984618488090,node_id=901,node_name=COMP_NODE_FWD_iter0_b3_attention_compute
issue,npu_id=1,curr_cycle=1984618493123,node_id=501,node_name=COMP_NODE_FWD_iter0_b3_ffwd_compute
issue,npu_id=3,curr_cycle=1984618493123,node_id=1305,node_name=COMP_NODE_FWD_iter0_b3_ffwd_compute
callback,npu_id=1,curr_cycle=1984618493123,node_id=500,node_name=COMP_NODE_FWD_iter0_b3_attention_compute
callback,npu_id=3,curr_cycle=1984618493123,node_id=1304,node_name=COMP_NODE_FWD_iter0_b3_attention_compute
issue,npu_id=0,curr_cycle=2012106278784,node_id=99,node_name=COMM_SEND_NODE_FWD_iter0_b3_dp0pp0tp0
issue,npu_id=0,curr_cycle=2012106278784,node_id=100,node_name=COMP_NODE_FWD_iter0_b4_attention_compute
issue,npu_id=2,curr_cycle=2012106278784,node_id=903,node_name=COMM_SEND_NODE_FWD_iter0_b3_dp1pp0tp0
issue,npu_id=2,curr_cycle=2012106278784,node_id=904,node_name=COMP_NODE_FWD_iter0_b4_attention_compute
callback,npu_id=0,curr_cycle=2012106278784,node_id=98,node_name=COMP_NODE_FWD_iter0_b3_ffwd_compute
callback,npu_id=2,curr_cycle=2012106278784,node_id=902,node_name=COMP_NODE_FWD_iter0_b3_ffwd_compute
issue,npu_id=1,curr_cycle=2012106283817,node_id=503,node_name=COMP_NODE_FWD_iter0_b4_attention_compute
issue,npu_id=3,curr_cycle=2012106283817,node_id=1307,node_name=COMP_NODE_FWD_iter0_b4_attention_compute
callback,npu_id=0,curr_cycle=2012106283817,node_id=99,node_name=COMM_SEND_NODE_FWD_iter0_b3_dp0pp0tp0
callback,npu_id=1,curr_cycle=2012106283817,node_id=501,node_name=COMP_NODE_FWD_iter0_b3_ffwd_compute
callback,npu_id=2,curr_cycle=2012106283817,node_id=903,node_name=COMM_SEND_NODE_FWD_iter0_b3_dp1pp0tp0
callback,npu_id=3,curr_cycle=2012106283817,node_id=1305,node_name=COMP_NODE_FWD_iter0_b3_ffwd_compute
issue,npu_id=0,curr_cycle=2026537368898,node_id=101,node_name=COMP_NODE_FWD_iter0_b4_ffwd_compute
issue,npu_id=2,curr_cycle=2026537368898,node_id=905,node_name=COMP_NODE_FWD_iter0_b4_ffwd_compute
callback,npu_id=0,curr_cycle=2026537368898,node_id=100,node_name=COMP_NODE_FWD_iter0_b4_attention_compute
callback,npu_id=2,curr_cycle=2026537368898,node_id=904,node_name=COMP_NODE_FWD_iter0_b4_attention_compute
issue,npu_id=1,curr_cycle=2026537373931,node_id=504,node_name=COMP_NODE_FWD_iter0_b4_ffwd_compute
issue,npu_id=3,curr_cycle=2026537373931,node_id=1308,node_name=COMP_NODE_FWD_iter0_b4_ffwd_compute
callback,npu_id=1,curr_cycle=2026537373931,node_id=503,node_name=COMP_NODE_FWD_iter0_b4_attention_compute
callback,npu_id=3,curr_cycle=2026537373931,node_id=1307,node_name=COMP_NODE_FWD_iter0_b4_attention_compute
issue,npu_id=0,curr_cycle=2054025159592,node_id=102,node_name=COMP_NODE_FWD_iter0_b4_attention_compute
issue,npu_id=2,curr_cycle=2054025159592,node_id=906,node_name=COMP_NODE_FWD_iter0_b4_attention_compute
callback,npu_id=0,curr_cycle=2054025159592,node_id=101,node_name=COMP_NODE_FWD_iter0_b4_ffwd_compute
callback,npu_id=2,curr_cycle=2054025159592,node_id=905,node_name=COMP_NODE_FWD_iter0_b4_ffwd_compute
issue,npu_id=1,curr_cycle=2054025164625,node_id=505,node_name=COMP_NODE_FWD_iter0_b4_attention_compute
issue,npu_id=3,curr_cycle=2054025164625,node_id=1309,node_name=COMP_NODE_FWD_iter0_b4_attention_compute
callback,npu_id=1,curr_cycle=2054025164625,node_id=504,node_name=COMP_NODE_FWD_iter0_b4_ffwd_compute
callback,npu_id=3,curr_cycle=2054025164625,node_id=1308,node_name=COMP_NODE_FWD_iter0_b4_ffwd_compute
issue,npu_id=0,curr_cycle=2068456249706,node_id=103,node_name=COMP_NODE_FWD_iter0_b4_ffwd_compute
issue,npu_id=2,curr_cycle=2068456249706,node_id=907,node_name=COMP_NODE_FWD_iter0_b4_ffwd_compute
callback,npu_id=0,curr_cycle=2068456249706,node_id=102,node_name=COMP_NODE_FWD_iter0_b4_attention_compute
callback,npu_id=2,curr_cycle=2068456249706,node_id=906,node_name=COMP_NODE_FWD_iter0_b4_attention_compute
issue,npu_id=1,curr_cycle=2068456254739,node_id=506,node_name=COMP_NODE_FWD_iter0_b4_ffwd_compute
issue,npu_id=3,curr_cycle=2068456254739,node_id=1310,node_name=COMP_NODE_FWD_iter0_b4_ffwd_compute
callback,npu_id=1,curr_cycle=2068456254739,node_id=505,node_name=COMP_NODE_FWD_iter0_b4_attention_compute
callback,npu_id=3,curr_cycle=2068456254739,node_id=1309,node_name=COMP_NODE_FWD_iter0_b4_attention_compute
issue,npu_id=0,curr_cycle=2095944040400,node_id=104,node_name=COMP_NODE_FWD_iter0_b4_attention_compute
issue,npu_id=2,curr_cycle=2095944040400,node_id=908,node_name=COMP_NODE_FWD_iter0_b4_attention_compute
callback,npu_id=0,curr_cycle=2095944040400,node_id=103,node_name=COMP_NODE_FWD_iter0_b4_ffwd_compute
callback,npu_id=2,curr_cycle=2095944040400,node_id=907,node_name=COMP_NODE_FWD_iter0_b4_ffwd_compute
issue,npu_id=1,curr_cycle=2095944045433,node_id=507,node_name=COMP_NODE_FWD_iter0_b4_attention_compute
issue,npu_id=3,curr_cycle=2095944045433,node_id=1311,node_name=COMP_NODE_FWD_iter0_b4_attention_compute
callback,npu_id=1,curr_cycle=2095944045433,node_id=506,node_name=COMP_NODE_FWD_iter0_b4_ffwd_compute
callback,npu_id=3,curr_cycle=2095944045433,node_id=1310,node_name=COMP_NODE_FWD_iter0_b4_ffwd_compute
issue,npu_id=0,curr_cycle=2110375130514,node_id=105,node_name=COMP_NODE_FWD_iter0_b4_ffwd_compute
issue,npu_id=2,curr_cycle=2110375130514,node_id=909,node_name=COMP_NODE_FWD_iter0_b4_ffwd_compute
callback,npu_id=0,curr_cycle=2110375130514,node_id=104,node_name=COMP_NODE_FWD_iter0_b4_attention_compute
callback,npu_id=2,curr_cycle=2110375130514,node_id=908,node_name=COMP_NODE_FWD_iter0_b4_attention_compute
issue,npu_id=1,curr_cycle=2110375135547,node_id=508,node_name=COMP_NODE_FWD_iter0_b4_ffwd_compute
issue,npu_id=3,curr_cycle=2110375135547,node_id=1312,node_name=COMP_NODE_FWD_iter0_b4_ffwd_compute
callback,npu_id=1,curr_cycle=2110375135547,node_id=507,node_name=COMP_NODE_FWD_iter0_b4_attention_compute
callback,npu_id=3,curr_cycle=2110375135547,node_id=1311,node_name=COMP_NODE_FWD_iter0_b4_attention_compute
issue,npu_id=0,curr_cycle=2137862921208,node_id=106,node_name=COMP_NODE_FWD_iter0_b4_attention_compute
issue,npu_id=2,curr_cycle=2137862921208,node_id=910,node_name=COMP_NODE_FWD_iter0_b4_attention_compute
callback,npu_id=0,curr_cycle=2137862921208,node_id=105,node_name=COMP_NODE_FWD_iter0_b4_ffwd_compute
callback,npu_id=2,curr_cycle=2137862921208,node_id=909,node_name=COMP_NODE_FWD_iter0_b4_ffwd_compute
issue,npu_id=1,curr_cycle=2137862926241,node_id=509,node_name=COMP_NODE_FWD_iter0_b4_attention_compute
issue,npu_id=3,curr_cycle=2137862926241,node_id=1313,node_name=COMP_NODE_FWD_iter0_b4_attention_compute
callback,npu_id=1,curr_cycle=2137862926241,node_id=508,node_name=COMP_NODE_FWD_iter0_b4_ffwd_compute
callback,npu_id=3,curr_cycle=2137862926241,node_id=1312,node_name=COMP_NODE_FWD_iter0_b4_ffwd_compute
issue,npu_id=0,curr_cycle=2152294011322,node_id=107,node_name=COMP_NODE_FWD_iter0_b4_ffwd_compute
issue,npu_id=2,curr_cycle=2152294011322,node_id=911,node_name=COMP_NODE_FWD_iter0_b4_ffwd_compute
callback,npu_id=0,curr_cycle=2152294011322,node_id=106,node_name=COMP_NODE_FWD_iter0_b4_attention_compute
callback,npu_id=2,curr_cycle=2152294011322,node_id=910,node_name=COMP_NODE_FWD_iter0_b4_attention_compute
issue,npu_id=1,curr_cycle=2152294016355,node_id=510,node_name=COMP_NODE_FWD_iter0_b4_ffwd_compute
issue,npu_id=3,curr_cycle=2152294016355,node_id=1314,node_name=COMP_NODE_FWD_iter0_b4_ffwd_compute
callback,npu_id=1,curr_cycle=2152294016355,node_id=509,node_name=COMP_NODE_FWD_iter0_b4_attention_compute
callback,npu_id=3,curr_cycle=2152294016355,node_id=1313,node_name=COMP_NODE_FWD_iter0_b4_attention_compute
issue,npu_id=0,curr_cycle=2179781802016,node_id=108,node_name=COMP_NODE_FWD_iter0_b4_attention_compute
issue,npu_id=2,curr_cycle=2179781802016,node_id=912,node_name=COMP_NODE_FWD_iter0_b4_attention_compute
callback,npu_id=0,curr_cycle=2179781802016,node_id=107,node_name=COMP_NODE_FWD_iter0_b4_ffwd_compute
callback,npu_id=2,curr_cycle=2179781802016,node_id=911,node_name=COMP_NODE_FWD_iter0_b4_ffwd_compute
issue,npu_id=1,curr_cycle=2179781807049,node_id=511,node_name=COMP_NODE_FWD_iter0_b4_attention_compute
issue,npu_id=3,curr_cycle=2179781807049,node_id=1315,node_name=COMP_NODE_FWD_iter0_b4_attention_compute
callback,npu_id=1,curr_cycle=2179781807049,node_id=510,node_name=COMP_NODE_FWD_iter0_b4_ffwd_compute
callback,npu_id=3,curr_cycle=2179781807049,node_id=1314,node_name=COMP_NODE_FWD_iter0_b4_ffwd_compute
issue,npu_id=0,curr_cycle=2194212892130,node_id=109,node_name=COMP_NODE_FWD_iter0_b4_ffwd_compute
issue,npu_id=2,curr_cycle=2194212892130,node_id=913,node_name=COMP_NODE_FWD_iter0_b4_ffwd_compute
callback,npu_id=0,curr_cycle=2194212892130,node_id=108,node_name=COMP_NODE_FWD_iter0_b4_attention_compute
callback,npu_id=2,curr_cycle=2194212892130,node_id=912,node_name=COMP_NODE_FWD_iter0_b4_attention_compute
issue,npu_id=1,curr_cycle=2194212897163,node_id=512,node_name=COMP_NODE_FWD_iter0_b4_ffwd_compute
issue,npu_id=3,curr_cycle=2194212897163,node_id=1316,node_name=COMP_NODE_FWD_iter0_b4_ffwd_compute
callback,npu_id=1,curr_cycle=2194212897163,node_id=511,node_name=COMP_NODE_FWD_iter0_b4_attention_compute
callback,npu_id=3,curr_cycle=2194212897163,node_id=1315,node_name=COMP_NODE_FWD_iter0_b4_attention_compute
issue,npu_id=0,curr_cycle=2221700682824,node_id=110,node_name=COMP_NODE_FWD_iter0_b4_attention_compute
issue,npu_id=2,curr_cycle=2221700682824,node_id=914,node_name=COMP_NODE_FWD_iter0_b4_attention_compute
callback,npu_id=0,curr_cycle=2221700682824,node_id=109,node_name=COMP_NODE_FWD_iter0_b4_ffwd_compute
callback,npu_id=2,curr_cycle=2221700682824,node_id=913,node_name=COMP_NODE_FWD_iter0_b4_ffwd_compute
issue,npu_id=1,curr_cycle=2221700687857,node_id=513,node_name=COMP_NODE_FWD_iter0_b4_attention_compute
issue,npu_id=3,curr_cycle=2221700687857,node_id=1317,node_name=COMP_NODE_FWD_iter0_b4_attention_compute
callback,npu_id=1,curr_cycle=2221700687857,node_id=512,node_name=COMP_NODE_FWD_iter0_b4_ffwd_compute
callback,npu_id=3,curr_cycle=2221700687857,node_id=1316,node_name=COMP_NODE_FWD_iter0_b4_ffwd_compute
issue,npu_id=0,curr_cycle=2236131772938,node_id=111,node_name=COMP_NODE_FWD_iter0_b4_ffwd_compute
issue,npu_id=2,curr_cycle=2236131772938,node_id=915,node_name=COMP_NODE_FWD_iter0_b4_ffwd_compute
callback,npu_id=0,curr_cycle=2236131772938,node_id=110,node_name=COMP_NODE_FWD_iter0_b4_attention_compute
callback,npu_id=2,curr_cycle=2236131772938,node_id=914,node_name=COMP_NODE_FWD_iter0_b4_attention_compute
issue,npu_id=1,curr_cycle=2236131777971,node_id=514,node_name=COMP_NODE_FWD_iter0_b4_ffwd_compute
issue,npu_id=3,curr_cycle=2236131777971,node_id=1318,node_name=COMP_NODE_FWD_iter0_b4_ffwd_compute
callback,npu_id=1,curr_cycle=2236131777971,node_id=513,node_name=COMP_NODE_FWD_iter0_b4_attention_compute
callback,npu_id=3,curr_cycle=2236131777971,node_id=1317,node_name=COMP_NODE_FWD_iter0_b4_attention_compute
issue,npu_id=0,curr_cycle=2263619563632,node_id=112,node_name=COMP_NODE_FWD_iter0_b4_attention_compute
issue,npu_id=2,curr_cycle=2263619563632,node_id=916,node_name=COMP_NODE_FWD_iter0_b4_attention_compute
callback,npu_id=0,curr_cycle=2263619563632,node_id=111,node_name=COMP_NODE_FWD_iter0_b4_ffwd_compute
callback,npu_id=2,curr_cycle=2263619563632,node_id=915,node_name=COMP_NODE_FWD_iter0_b4_ffwd_compute
issue,npu_id=1,curr_cycle=2263619568665,node_id=515,node_name=COMP_NODE_FWD_iter0_b4_attention_compute
issue,npu_id=3,curr_cycle=2263619568665,node_id=1319,node_name=COMP_NODE_FWD_iter0_b4_attention_compute
callback,npu_id=1,curr_cycle=2263619568665,node_id=514,node_name=COMP_NODE_FWD_iter0_b4_ffwd_compute
callback,npu_id=3,curr_cycle=2263619568665,node_id=1318,node_name=COMP_NODE_FWD_iter0_b4_ffwd_compute
issue,npu_id=0,curr_cycle=2278050653746,node_id=113,node_name=COMP_NODE_FWD_iter0_b4_ffwd_compute
issue,npu_id=2,curr_cycle=2278050653746,node_id=917,node_name=COMP_NODE_FWD_iter0_b4_ffwd_compute
callback,npu_id=0,curr_cycle=2278050653746,node_id=112,node_name=COMP_NODE_FWD_iter0_b4_attention_compute
callback,npu_id=2,curr_cycle=2278050653746,node_id=916,node_name=COMP_NODE_FWD_iter0_b4_attention_compute
issue,npu_id=1,curr_cycle=2278050658779,node_id=516,node_name=COMP_NODE_FWD_iter0_b4_ffwd_compute
issue,npu_id=3,curr_cycle=2278050658779,node_id=1320,node_name=COMP_NODE_FWD_iter0_b4_ffwd_compute
callback,npu_id=1,curr_cycle=2278050658779,node_id=515,node_name=COMP_NODE_FWD_iter0_b4_attention_compute
callback,npu_id=3,curr_cycle=2278050658779,node_id=1319,node_name=COMP_NODE_FWD_iter0_b4_attention_compute
issue,npu_id=0,curr_cycle=2305538444440,node_id=114,node_name=COMP_NODE_FWD_iter0_b4_attention_compute
issue,npu_id=2,curr_cycle=2305538444440,node_id=918,node_name=COMP_NODE_FWD_iter0_b4_attention_compute
callback,npu_id=0,curr_cycle=2305538444440,node_id=113,node_name=COMP_NODE_FWD_iter0_b4_ffwd_compute
callback,npu_id=2,curr_cycle=2305538444440,node_id=917,node_name=COMP_NODE_FWD_iter0_b4_ffwd_compute
issue,npu_id=1,curr_cycle=2305538449473,node_id=517,node_name=COMP_NODE_FWD_iter0_b4_attention_compute
issue,npu_id=3,curr_cycle=2305538449473,node_id=1321,node_name=COMP_NODE_FWD_iter0_b4_attention_compute
callback,npu_id=1,curr_cycle=2305538449473,node_id=516,node_name=COMP_NODE_FWD_iter0_b4_ffwd_compute
callback,npu_id=3,curr_cycle=2305538449473,node_id=1320,node_name=COMP_NODE_FWD_iter0_b4_ffwd_compute
issue,npu_id=0,curr_cycle=2319969534554,node_id=115,node_name=COMP_NODE_FWD_iter0_b4_ffwd_compute
issue,npu_id=2,curr_cycle=2319969534554,node_id=919,node_name=COMP_NODE_FWD_iter0_b4_ffwd_compute
callback,npu_id=0,curr_cycle=2319969534554,node_id=114,node_name=COMP_NODE_FWD_iter0_b4_attention_compute
callback,npu_id=2,curr_cycle=2319969534554,node_id=918,node_name=COMP_NODE_FWD_iter0_b4_attention_compute
issue,npu_id=1,curr_cycle=2319969539587,node_id=518,node_name=COMP_NODE_FWD_iter0_b4_ffwd_compute
issue,npu_id=3,curr_cycle=2319969539587,node_id=1322,node_name=COMP_NODE_FWD_iter0_b4_ffwd_compute
callback,npu_id=1,curr_cycle=2319969539587,node_id=517,node_name=COMP_NODE_FWD_iter0_b4_attention_compute
callback,npu_id=3,curr_cycle=2319969539587,node_id=1321,node_name=COMP_NODE_FWD_iter0_b4_attention_compute
issue,npu_id=0,curr_cycle=2347457325248,node_id=116,node_name=COMP_NODE_FWD_iter0_b4_attention_compute
issue,npu_id=2,curr_cycle=2347457325248,node_id=920,node_name=COMP_NODE_FWD_iter0_b4_attention_compute
callback,npu_id=0,curr_cycle=2347457325248,node_id=115,node_name=COMP_NODE_FWD_iter0_b4_ffwd_compute
callback,npu_id=2,curr_cycle=2347457325248,node_id=919,node_name=COMP_NODE_FWD_iter0_b4_ffwd_compute
issue,npu_id=1,curr_cycle=2347457330281,node_id=519,node_name=COMP_NODE_FWD_iter0_b4_attention_compute
issue,npu_id=3,curr_cycle=2347457330281,node_id=1323,node_name=COMP_NODE_FWD_iter0_b4_attention_compute
callback,npu_id=1,curr_cycle=2347457330281,node_id=518,node_name=COMP_NODE_FWD_iter0_b4_ffwd_compute
callback,npu_id=3,curr_cycle=2347457330281,node_id=1322,node_name=COMP_NODE_FWD_iter0_b4_ffwd_compute
issue,npu_id=0,curr_cycle=2361888415362,node_id=117,node_name=COMP_NODE_FWD_iter0_b4_ffwd_compute
issue,npu_id=2,curr_cycle=2361888415362,node_id=921,node_name=COMP_NODE_FWD_iter0_b4_ffwd_compute
callback,npu_id=0,curr_cycle=2361888415362,node_id=116,node_name=COMP_NODE_FWD_iter0_b4_attention_compute
callback,npu_id=2,curr_cycle=2361888415362,node_id=920,node_name=COMP_NODE_FWD_iter0_b4_attention_compute
issue,npu_id=1,curr_cycle=2361888420395,node_id=520,node_name=COMP_NODE_FWD_iter0_b4_ffwd_compute
issue,npu_id=3,curr_cycle=2361888420395,node_id=1324,node_name=COMP_NODE_FWD_iter0_b4_ffwd_compute
callback,npu_id=1,curr_cycle=2361888420395,node_id=519,node_name=COMP_NODE_FWD_iter0_b4_attention_compute
callback,npu_id=3,curr_cycle=2361888420395,node_id=1323,node_name=COMP_NODE_FWD_iter0_b4_attention_compute
issue,npu_id=0,curr_cycle=2389376206056,node_id=118,node_name=COMP_NODE_FWD_iter0_b4_attention_compute
issue,npu_id=2,curr_cycle=2389376206056,node_id=922,node_name=COMP_NODE_FWD_iter0_b4_attention_compute
callback,npu_id=0,curr_cycle=2389376206056,node_id=117,node_name=COMP_NODE_FWD_iter0_b4_ffwd_compute
callback,npu_id=2,curr_cycle=2389376206056,node_id=921,node_name=COMP_NODE_FWD_iter0_b4_ffwd_compute
issue,npu_id=1,curr_cycle=2389376211089,node_id=521,node_name=COMP_NODE_FWD_iter0_b4_attention_compute
issue,npu_id=3,curr_cycle=2389376211089,node_id=1325,node_name=COMP_NODE_FWD_iter0_b4_attention_compute
callback,npu_id=1,curr_cycle=2389376211089,node_id=520,node_name=COMP_NODE_FWD_iter0_b4_ffwd_compute
callback,npu_id=3,curr_cycle=2389376211089,node_id=1324,node_name=COMP_NODE_FWD_iter0_b4_ffwd_compute
issue,npu_id=0,curr_cycle=2403807296170,node_id=119,node_name=COMP_NODE_FWD_iter0_b4_ffwd_compute
issue,npu_id=2,curr_cycle=2403807296170,node_id=923,node_name=COMP_NODE_FWD_iter0_b4_ffwd_compute
callback,npu_id=0,curr_cycle=2403807296170,node_id=118,node_name=COMP_NODE_FWD_iter0_b4_attention_compute
callback,npu_id=2,curr_cycle=2403807296170,node_id=922,node_name=COMP_NODE_FWD_iter0_b4_attention_compute
issue,npu_id=1,curr_cycle=2403807301203,node_id=522,node_name=COMP_NODE_FWD_iter0_b4_ffwd_compute
issue,npu_id=3,curr_cycle=2403807301203,node_id=1326,node_name=COMP_NODE_FWD_iter0_b4_ffwd_compute
callback,npu_id=1,curr_cycle=2403807301203,node_id=521,node_name=COMP_NODE_FWD_iter0_b4_attention_compute
callback,npu_id=3,curr_cycle=2403807301203,node_id=1325,node_name=COMP_NODE_FWD_iter0_b4_attention_compute
issue,npu_id=0,curr_cycle=2431295086864,node_id=120,node_name=COMP_NODE_FWD_iter0_b4_attention_compute
issue,npu_id=2,curr_cycle=2431295086864,node_id=924,node_name=COMP_NODE_FWD_iter0_b4_attention_compute
callback,npu_id=0,curr_cycle=2431295086864,node_id=119,node_name=COMP_NODE_FWD_iter0_b4_ffwd_compute
callback,npu_id=2,curr_cycle=2431295086864,node_id=923,node_name=COMP_NODE_FWD_iter0_b4_ffwd_compute
issue,npu_id=1,curr_cycle=2431295091897,node_id=523,node_name=COMP_NODE_FWD_iter0_b4_attention_compute
issue,npu_id=3,curr_cycle=2431295091897,node_id=1327,node_name=COMP_NODE_FWD_iter0_b4_attention_compute
callback,npu_id=1,curr_cycle=2431295091897,node_id=522,node_name=COMP_NODE_FWD_iter0_b4_ffwd_compute
callback,npu_id=3,curr_cycle=2431295091897,node_id=1326,node_name=COMP_NODE_FWD_iter0_b4_ffwd_compute
issue,npu_id=0,curr_cycle=2445726176978,node_id=121,node_name=COMP_NODE_FWD_iter0_b4_ffwd_compute
issue,npu_id=2,curr_cycle=2445726176978,node_id=925,node_name=COMP_NODE_FWD_iter0_b4_ffwd_compute
callback,npu_id=0,curr_cycle=2445726176978,node_id=120,node_name=COMP_NODE_FWD_iter0_b4_attention_compute
callback,npu_id=2,curr_cycle=2445726176978,node_id=924,node_name=COMP_NODE_FWD_iter0_b4_attention_compute
issue,npu_id=1,curr_cycle=2445726182011,node_id=524,node_name=COMP_NODE_FWD_iter0_b4_ffwd_compute
issue,npu_id=3,curr_cycle=2445726182011,node_id=1328,node_name=COMP_NODE_FWD_iter0_b4_ffwd_compute
callback,npu_id=1,curr_cycle=2445726182011,node_id=523,node_name=COMP_NODE_FWD_iter0_b4_attention_compute
callback,npu_id=3,curr_cycle=2445726182011,node_id=1327,node_name=COMP_NODE_FWD_iter0_b4_attention_compute
issue,npu_id=0,curr_cycle=2473213967672,node_id=122,node_name=COMP_NODE_FWD_iter0_b4_attention_compute
issue,npu_id=2,curr_cycle=2473213967672,node_id=926,node_name=COMP_NODE_FWD_iter0_b4_attention_compute
callback,npu_id=0,curr_cycle=2473213967672,node_id=121,node_name=COMP_NODE_FWD_iter0_b4_ffwd_compute
callback,npu_id=2,curr_cycle=2473213967672,node_id=925,node_name=COMP_NODE_FWD_iter0_b4_ffwd_compute
issue,npu_id=1,curr_cycle=2473213972705,node_id=525,node_name=COMP_NODE_FWD_iter0_b4_attention_compute
issue,npu_id=3,curr_cycle=2473213972705,node_id=1329,node_name=COMP_NODE_FWD_iter0_b4_attention_compute
callback,npu_id=1,curr_cycle=2473213972705,node_id=524,node_name=COMP_NODE_FWD_iter0_b4_ffwd_compute
callback,npu_id=3,curr_cycle=2473213972705,node_id=1328,node_name=COMP_NODE_FWD_iter0_b4_ffwd_compute
issue,npu_id=0,curr_cycle=2487645057786,node_id=123,node_name=COMP_NODE_FWD_iter0_b4_ffwd_compute
issue,npu_id=2,curr_cycle=2487645057786,node_id=927,node_name=COMP_NODE_FWD_iter0_b4_ffwd_compute
callback,npu_id=0,curr_cycle=2487645057786,node_id=122,node_name=COMP_NODE_FWD_iter0_b4_attention_compute
callback,npu_id=2,curr_cycle=2487645057786,node_id=926,node_name=COMP_NODE_FWD_iter0_b4_attention_compute
issue,npu_id=1,curr_cycle=2487645062819,node_id=526,node_name=COMP_NODE_FWD_iter0_b4_ffwd_compute
issue,npu_id=3,curr_cycle=2487645062819,node_id=1330,node_name=COMP_NODE_FWD_iter0_b4_ffwd_compute
callback,npu_id=1,curr_cycle=2487645062819,node_id=525,node_name=COMP_NODE_FWD_iter0_b4_attention_compute
callback,npu_id=3,curr_cycle=2487645062819,node_id=1329,node_name=COMP_NODE_FWD_iter0_b4_attention_compute
issue,npu_id=0,curr_cycle=2515132848480,node_id=124,node_name=COMM_SEND_NODE_FWD_iter0_b4_dp0pp0tp0
issue,npu_id=0,curr_cycle=2515132848480,node_id=125,node_name=COMP_NODE_FWD_iter0_b5_attention_compute
issue,npu_id=2,curr_cycle=2515132848480,node_id=928,node_name=COMM_SEND_NODE_FWD_iter0_b4_dp1pp0tp0
issue,npu_id=2,curr_cycle=2515132848480,node_id=929,node_name=COMP_NODE_FWD_iter0_b5_attention_compute
callback,npu_id=0,curr_cycle=2515132848480,node_id=123,node_name=COMP_NODE_FWD_iter0_b4_ffwd_compute
callback,npu_id=2,curr_cycle=2515132848480,node_id=927,node_name=COMP_NODE_FWD_iter0_b4_ffwd_compute
issue,npu_id=1,curr_cycle=2515132853513,node_id=528,node_name=COMP_NODE_FWD_iter0_b5_attention_compute
issue,npu_id=3,curr_cycle=2515132853513,node_id=1332,node_name=COMP_NODE_FWD_iter0_b5_attention_compute
callback,npu_id=0,curr_cycle=2515132853513,node_id=124,node_name=COMM_SEND_NODE_FWD_iter0_b4_dp0pp0tp0
callback,npu_id=1,curr_cycle=2515132853513,node_id=526,node_name=COMP_NODE_FWD_iter0_b4_ffwd_compute
callback,npu_id=2,curr_cycle=2515132853513,node_id=928,node_name=COMM_SEND_NODE_FWD_iter0_b4_dp1pp0tp0
callback,npu_id=3,curr_cycle=2515132853513,node_id=1330,node_name=COMP_NODE_FWD_iter0_b4_ffwd_compute
issue,npu_id=0,curr_cycle=2529563938594,node_id=126,node_name=COMP_NODE_FWD_iter0_b5_ffwd_compute
issue,npu_id=2,curr_cycle=2529563938594,node_id=930,node_name=COMP_NODE_FWD_iter0_b5_ffwd_compute
callback,npu_id=0,curr_cycle=2529563938594,node_id=125,node_name=COMP_NODE_FWD_iter0_b5_attention_compute
callback,npu_id=2,curr_cycle=2529563938594,node_id=929,node_name=COMP_NODE_FWD_iter0_b5_attention_compute
issue,npu_id=1,curr_cycle=2529563943627,node_id=529,node_name=COMP_NODE_FWD_iter0_b5_ffwd_compute
issue,npu_id=3,curr_cycle=2529563943627,node_id=1333,node_name=COMP_NODE_FWD_iter0_b5_ffwd_compute
callback,npu_id=1,curr_cycle=2529563943627,node_id=528,node_name=COMP_NODE_FWD_iter0_b5_attention_compute
callback,npu_id=3,curr_cycle=2529563943627,node_id=1332,node_name=COMP_NODE_FWD_iter0_b5_attention_compute
issue,npu_id=0,curr_cycle=2557051729288,node_id=127,node_name=COMP_NODE_FWD_iter0_b5_attention_compute
issue,npu_id=2,curr_cycle=2557051729288,node_id=931,node_name=COMP_NODE_FWD_iter0_b5_attention_compute
callback,npu_id=0,curr_cycle=2557051729288,node_id=126,node_name=COMP_NODE_FWD_iter0_b5_ffwd_compute
callback,npu_id=2,curr_cycle=2557051729288,node_id=930,node_name=COMP_NODE_FWD_iter0_b5_ffwd_compute
issue,npu_id=1,curr_cycle=2557051734321,node_id=530,node_name=COMP_NODE_FWD_iter0_b5_attention_compute
issue,npu_id=3,curr_cycle=2557051734321,node_id=1334,node_name=COMP_NODE_FWD_iter0_b5_attention_compute
callback,npu_id=1,curr_cycle=2557051734321,node_id=529,node_name=COMP_NODE_FWD_iter0_b5_ffwd_compute
callback,npu_id=3,curr_cycle=2557051734321,node_id=1333,node_name=COMP_NODE_FWD_iter0_b5_ffwd_compute
issue,npu_id=0,curr_cycle=2571482819402,node_id=128,node_name=COMP_NODE_FWD_iter0_b5_ffwd_compute
issue,npu_id=2,curr_cycle=2571482819402,node_id=932,node_name=COMP_NODE_FWD_iter0_b5_ffwd_compute
callback,npu_id=0,curr_cycle=2571482819402,node_id=127,node_name=COMP_NODE_FWD_iter0_b5_attention_compute
callback,npu_id=2,curr_cycle=2571482819402,node_id=931,node_name=COMP_NODE_FWD_iter0_b5_attention_compute
issue,npu_id=1,curr_cycle=2571482824435,node_id=531,node_name=COMP_NODE_FWD_iter0_b5_ffwd_compute
issue,npu_id=3,curr_cycle=2571482824435,node_id=1335,node_name=COMP_NODE_FWD_iter0_b5_ffwd_compute
callback,npu_id=1,curr_cycle=2571482824435,node_id=530,node_name=COMP_NODE_FWD_iter0_b5_attention_compute
callback,npu_id=3,curr_cycle=2571482824435,node_id=1334,node_name=COMP_NODE_FWD_iter0_b5_attention_compute
issue,npu_id=0,curr_cycle=2598970610096,node_id=129,node_name=COMP_NODE_FWD_iter0_b5_attention_compute
issue,npu_id=2,curr_cycle=2598970610096,node_id=933,node_name=COMP_NODE_FWD_iter0_b5_attention_compute
callback,npu_id=0,curr_cycle=2598970610096,node_id=128,node_name=COMP_NODE_FWD_iter0_b5_ffwd_compute
callback,npu_id=2,curr_cycle=2598970610096,node_id=932,node_name=COMP_NODE_FWD_iter0_b5_ffwd_compute
issue,npu_id=1,curr_cycle=2598970615129,node_id=532,node_name=COMP_NODE_FWD_iter0_b5_attention_compute
issue,npu_id=3,curr_cycle=2598970615129,node_id=1336,node_name=COMP_NODE_FWD_iter0_b5_attention_compute
callback,npu_id=1,curr_cycle=2598970615129,node_id=531,node_name=COMP_NODE_FWD_iter0_b5_ffwd_compute
callback,npu_id=3,curr_cycle=2598970615129,node_id=1335,node_name=COMP_NODE_FWD_iter0_b5_ffwd_compute
issue,npu_id=0,curr_cycle=2613401700210,node_id=130,node_name=COMP_NODE_FWD_iter0_b5_ffwd_compute
issue,npu_id=2,curr_cycle=2613401700210,node_id=934,node_name=COMP_NODE_FWD_iter0_b5_ffwd_compute
callback,npu_id=0,curr_cycle=2613401700210,node_id=129,node_name=COMP_NODE_FWD_iter0_b5_attention_compute
callback,npu_id=2,curr_cycle=2613401700210,node_id=933,node_name=COMP_NODE_FWD_iter0_b5_attention_compute
issue,npu_id=1,curr_cycle=2613401705243,node_id=533,node_name=COMP_NODE_FWD_iter0_b5_ffwd_compute
issue,npu_id=3,curr_cycle=2613401705243,node_id=1337,node_name=COMP_NODE_FWD_iter0_b5_ffwd_compute
callback,npu_id=1,curr_cycle=2613401705243,node_id=532,node_name=COMP_NODE_FWD_iter0_b5_attention_compute
callback,npu_id=3,curr_cycle=2613401705243,node_id=1336,node_name=COMP_NODE_FWD_iter0_b5_attention_compute
issue,npu_id=0,curr_cycle=2640889490904,node_id=131,node_name=COMP_NODE_FWD_iter0_b5_attention_compute
issue,npu_id=2,curr_cycle=2640889490904,node_id=935,node_name=COMP_NODE_FWD_iter0_b5_attention_compute
callback,npu_id=0,curr_cycle=2640889490904,node_id=130,node_name=COMP_NODE_FWD_iter0_b5_ffwd_compute
callback,npu_id=2,curr_cycle=2640889490904,node_id=934,node_name=COMP_NODE_FWD_iter0_b5_ffwd_compute
issue,npu_id=1,curr_cycle=2640889495937,node_id=534,node_name=COMP_NODE_FWD_iter0_b5_attention_compute
issue,npu_id=3,curr_cycle=2640889495937,node_id=1338,node_name=COMP_NODE_FWD_iter0_b5_attention_compute
callback,npu_id=1,curr_cycle=2640889495937,node_id=533,node_name=COMP_NODE_FWD_iter0_b5_ffwd_compute
callback,npu_id=3,curr_cycle=2640889495937,node_id=1337,node_name=COMP_NODE_FWD_iter0_b5_ffwd_compute
issue,npu_id=0,curr_cycle=2655320581018,node_id=132,node_name=COMP_NODE_FWD_iter0_b5_ffwd_compute
issue,npu_id=2,curr_cycle=2655320581018,node_id=936,node_name=COMP_NODE_FWD_iter0_b5_ffwd_compute
callback,npu_id=0,curr_cycle=2655320581018,node_id=131,node_name=COMP_NODE_FWD_iter0_b5_attention_compute
callback,npu_id=2,curr_cycle=2655320581018,node_id=935,node_name=COMP_NODE_FWD_iter0_b5_attention_compute
issue,npu_id=1,curr_cycle=2655320586051,node_id=535,node_name=COMP_NODE_FWD_iter0_b5_ffwd_compute
issue,npu_id=3,curr_cycle=2655320586051,node_id=1339,node_name=COMP_NODE_FWD_iter0_b5_ffwd_compute
callback,npu_id=1,curr_cycle=2655320586051,node_id=534,node_name=COMP_NODE_FWD_iter0_b5_attention_compute
callback,npu_id=3,curr_cycle=2655320586051,node_id=1338,node_name=COMP_NODE_FWD_iter0_b5_attention_compute
issue,npu_id=0,curr_cycle=2682808371712,node_id=133,node_name=COMP_NODE_FWD_iter0_b5_attention_compute
issue,npu_id=2,curr_cycle=2682808371712,node_id=937,node_name=COMP_NODE_FWD_iter0_b5_attention_compute
callback,npu_id=0,curr_cycle=2682808371712,node_id=132,node_name=COMP_NODE_FWD_iter0_b5_ffwd_compute
callback,npu_id=2,curr_cycle=2682808371712,node_id=936,node_name=COMP_NODE_FWD_iter0_b5_ffwd_compute
issue,npu_id=1,curr_cycle=2682808376745,node_id=536,node_name=COMP_NODE_FWD_iter0_b5_attention_compute
issue,npu_id=3,curr_cycle=2682808376745,node_id=1340,node_name=COMP_NODE_FWD_iter0_b5_attention_compute
callback,npu_id=1,curr_cycle=2682808376745,node_id=535,node_name=COMP_NODE_FWD_iter0_b5_ffwd_compute
callback,npu_id=3,curr_cycle=2682808376745,node_id=1339,node_name=COMP_NODE_FWD_iter0_b5_ffwd_compute
issue,npu_id=0,curr_cycle=2697239461826,node_id=134,node_name=COMP_NODE_FWD_iter0_b5_ffwd_compute
issue,npu_id=2,curr_cycle=2697239461826,node_id=938,node_name=COMP_NODE_FWD_iter0_b5_ffwd_compute
callback,npu_id=0,curr_cycle=2697239461826,node_id=133,node_name=COMP_NODE_FWD_iter0_b5_attention_compute
callback,npu_id=2,curr_cycle=2697239461826,node_id=937,node_name=COMP_NODE_FWD_iter0_b5_attention_compute
issue,npu_id=1,curr_cycle=2697239466859,node_id=537,node_name=COMP_NODE_FWD_iter0_b5_ffwd_compute
issue,npu_id=3,curr_cycle=2697239466859,node_id=1341,node_name=COMP_NODE_FWD_iter0_b5_ffwd_compute
callback,npu_id=1,curr_cycle=2697239466859,node_id=536,node_name=COMP_NODE_FWD_iter0_b5_attention_compute
callback,npu_id=3,curr_cycle=2697239466859,node_id=1340,node_name=COMP_NODE_FWD_iter0_b5_attention_compute
issue,npu_id=0,curr_cycle=2724727252520,node_id=135,node_name=COMP_NODE_FWD_iter0_b5_attention_compute
issue,npu_id=2,curr_cycle=2724727252520,node_id=939,node_name=COMP_NODE_FWD_iter0_b5_attention_compute
callback,npu_id=0,curr_cycle=2724727252520,node_id=134,node_name=COMP_NODE_FWD_iter0_b5_ffwd_compute
callback,npu_id=2,curr_cycle=2724727252520,node_id=938,node_name=COMP_NODE_FWD_iter0_b5_ffwd_compute
issue,npu_id=1,curr_cycle=2724727257553,node_id=538,node_name=COMP_NODE_FWD_iter0_b5_attention_compute
issue,npu_id=3,curr_cycle=2724727257553,node_id=1342,node_name=COMP_NODE_FWD_iter0_b5_attention_compute
callback,npu_id=1,curr_cycle=2724727257553,node_id=537,node_name=COMP_NODE_FWD_iter0_b5_ffwd_compute
callback,npu_id=3,curr_cycle=2724727257553,node_id=1341,node_name=COMP_NODE_FWD_iter0_b5_ffwd_compute
issue,npu_id=0,curr_cycle=2739158342634,node_id=136,node_name=COMP_NODE_FWD_iter0_b5_ffwd_compute
issue,npu_id=2,curr_cycle=2739158342634,node_id=940,node_name=COMP_NODE_FWD_iter0_b5_ffwd_compute
callback,npu_id=0,curr_cycle=2739158342634,node_id=135,node_name=COMP_NODE_FWD_iter0_b5_attention_compute
callback,npu_id=2,curr_cycle=2739158342634,node_id=939,node_name=COMP_NODE_FWD_iter0_b5_attention_compute
issue,npu_id=1,curr_cycle=2739158347667,node_id=539,node_name=COMP_NODE_FWD_iter0_b5_ffwd_compute
issue,npu_id=3,curr_cycle=2739158347667,node_id=1343,node_name=COMP_NODE_FWD_iter0_b5_ffwd_compute
callback,npu_id=1,curr_cycle=2739158347667,node_id=538,node_name=COMP_NODE_FWD_iter0_b5_attention_compute
callback,npu_id=3,curr_cycle=2739158347667,node_id=1342,node_name=COMP_NODE_FWD_iter0_b5_attention_compute
issue,npu_id=0,curr_cycle=2766646133328,node_id=137,node_name=COMP_NODE_FWD_iter0_b5_attention_compute
issue,npu_id=2,curr_cycle=2766646133328,node_id=941,node_name=COMP_NODE_FWD_iter0_b5_attention_compute
callback,npu_id=0,curr_cycle=2766646133328,node_id=136,node_name=COMP_NODE_FWD_iter0_b5_ffwd_compute
callback,npu_id=2,curr_cycle=2766646133328,node_id=940,node_name=COMP_NODE_FWD_iter0_b5_ffwd_compute
issue,npu_id=1,curr_cycle=2766646138361,node_id=540,node_name=COMP_NODE_FWD_iter0_b5_attention_compute
issue,npu_id=3,curr_cycle=2766646138361,node_id=1344,node_name=COMP_NODE_FWD_iter0_b5_attention_compute
callback,npu_id=1,curr_cycle=2766646138361,node_id=539,node_name=COMP_NODE_FWD_iter0_b5_ffwd_compute
callback,npu_id=3,curr_cycle=2766646138361,node_id=1343,node_name=COMP_NODE_FWD_iter0_b5_ffwd_compute
issue,npu_id=0,curr_cycle=2781077223442,node_id=138,node_name=COMP_NODE_FWD_iter0_b5_ffwd_compute
issue,npu_id=2,curr_cycle=2781077223442,node_id=942,node_name=COMP_NODE_FWD_iter0_b5_ffwd_compute
callback,npu_id=0,curr_cycle=2781077223442,node_id=137,node_name=COMP_NODE_FWD_iter0_b5_attention_compute
callback,npu_id=2,curr_cycle=2781077223442,node_id=941,node_name=COMP_NODE_FWD_iter0_b5_attention_compute
issue,npu_id=1,curr_cycle=2781077228475,node_id=541,node_name=COMP_NODE_FWD_iter0_b5_ffwd_compute
issue,npu_id=3,curr_cycle=2781077228475,node_id=1345,node_name=COMP_NODE_FWD_iter0_b5_ffwd_compute
callback,npu_id=1,curr_cycle=2781077228475,node_id=540,node_name=COMP_NODE_FWD_iter0_b5_attention_compute
callback,npu_id=3,curr_cycle=2781077228475,node_id=1344,node_name=COMP_NODE_FWD_iter0_b5_attention_compute
issue,npu_id=0,curr_cycle=2808565014136,node_id=139,node_name=COMP_NODE_FWD_iter0_b5_attention_compute
issue,npu_id=2,curr_cycle=2808565014136,node_id=943,node_name=COMP_NODE_FWD_iter0_b5_attention_compute
callback,npu_id=0,curr_cycle=2808565014136,node_id=138,node_name=COMP_NODE_FWD_iter0_b5_ffwd_compute
callback,npu_id=2,curr_cycle=2808565014136,node_id=942,node_name=COMP_NODE_FWD_iter0_b5_ffwd_compute
issue,npu_id=1,curr_cycle=2808565019169,node_id=542,node_name=COMP_NODE_FWD_iter0_b5_attention_compute
issue,npu_id=3,curr_cycle=2808565019169,node_id=1346,node_name=COMP_NODE_FWD_iter0_b5_attention_compute
callback,npu_id=1,curr_cycle=2808565019169,node_id=541,node_name=COMP_NODE_FWD_iter0_b5_ffwd_compute
callback,npu_id=3,curr_cycle=2808565019169,node_id=1345,node_name=COMP_NODE_FWD_iter0_b5_ffwd_compute
issue,npu_id=0,curr_cycle=2822996104250,node_id=140,node_name=COMP_NODE_FWD_iter0_b5_ffwd_compute
issue,npu_id=2,curr_cycle=2822996104250,node_id=944,node_name=COMP_NODE_FWD_iter0_b5_ffwd_compute
callback,npu_id=0,curr_cycle=2822996104250,node_id=139,node_name=COMP_NODE_FWD_iter0_b5_attention_compute
callback,npu_id=2,curr_cycle=2822996104250,node_id=943,node_name=COMP_NODE_FWD_iter0_b5_attention_compute
issue,npu_id=1,curr_cycle=2822996109283,node_id=543,node_name=COMP_NODE_FWD_iter0_b5_ffwd_compute
issue,npu_id=3,curr_cycle=2822996109283,node_id=1347,node_name=COMP_NODE_FWD_iter0_b5_ffwd_compute
callback,npu_id=1,curr_cycle=2822996109283,node_id=542,node_name=COMP_NODE_FWD_iter0_b5_attention_compute
callback,npu_id=3,curr_cycle=2822996109283,node_id=1346,node_name=COMP_NODE_FWD_iter0_b5_attention_compute
issue,npu_id=0,curr_cycle=2850483894944,node_id=141,node_name=COMP_NODE_FWD_iter0_b5_attention_compute
issue,npu_id=2,curr_cycle=2850483894944,node_id=945,node_name=COMP_NODE_FWD_iter0_b5_attention_compute
callback,npu_id=0,curr_cycle=2850483894944,node_id=140,node_name=COMP_NODE_FWD_iter0_b5_ffwd_compute
callback,npu_id=2,curr_cycle=2850483894944,node_id=944,node_name=COMP_NODE_FWD_iter0_b5_ffwd_compute
issue,npu_id=1,curr_cycle=2850483899977,node_id=544,node_name=COMP_NODE_FWD_iter0_b5_attention_compute
issue,npu_id=3,curr_cycle=2850483899977,node_id=1348,node_name=COMP_NODE_FWD_iter0_b5_attention_compute
callback,npu_id=1,curr_cycle=2850483899977,node_id=543,node_name=COMP_NODE_FWD_iter0_b5_ffwd_compute
callback,npu_id=3,curr_cycle=2850483899977,node_id=1347,node_name=COMP_NODE_FWD_iter0_b5_ffwd_compute
issue,npu_id=0,curr_cycle=2864914985058,node_id=142,node_name=COMP_NODE_FWD_iter0_b5_ffwd_compute
issue,npu_id=2,curr_cycle=2864914985058,node_id=946,node_name=COMP_NODE_FWD_iter0_b5_ffwd_compute
callback,npu_id=0,curr_cycle=2864914985058,node_id=141,node_name=COMP_NODE_FWD_iter0_b5_attention_compute
callback,npu_id=2,curr_cycle=2864914985058,node_id=945,node_name=COMP_NODE_FWD_iter0_b5_attention_compute
issue,npu_id=1,curr_cycle=2864914990091,node_id=545,node_name=COMP_NODE_FWD_iter0_b5_ffwd_compute
issue,npu_id=3,curr_cycle=2864914990091,node_id=1349,node_name=COMP_NODE_FWD_iter0_b5_ffwd_compute
callback,npu_id=1,curr_cycle=2864914990091,node_id=544,node_name=COMP_NODE_FWD_iter0_b5_attention_compute
callback,npu_id=3,curr_cycle=2864914990091,node_id=1348,node_name=COMP_NODE_FWD_iter0_b5_attention_compute
issue,npu_id=0,curr_cycle=2892402775752,node_id=143,node_name=COMP_NODE_FWD_iter0_b5_attention_compute
issue,npu_id=2,curr_cycle=2892402775752,node_id=947,node_name=COMP_NODE_FWD_iter0_b5_attention_compute
callback,npu_id=0,curr_cycle=2892402775752,node_id=142,node_name=COMP_NODE_FWD_iter0_b5_ffwd_compute
callback,npu_id=2,curr_cycle=2892402775752,node_id=946,node_name=COMP_NODE_FWD_iter0_b5_ffwd_compute
issue,npu_id=1,curr_cycle=2892402780785,node_id=546,node_name=COMP_NODE_FWD_iter0_b5_attention_compute
issue,npu_id=3,curr_cycle=2892402780785,node_id=1350,node_name=COMP_NODE_FWD_iter0_b5_attention_compute
callback,npu_id=1,curr_cycle=2892402780785,node_id=545,node_name=COMP_NODE_FWD_iter0_b5_ffwd_compute
callback,npu_id=3,curr_cycle=2892402780785,node_id=1349,node_name=COMP_NODE_FWD_iter0_b5_ffwd_compute
issue,npu_id=0,curr_cycle=2906833865866,node_id=144,node_name=COMP_NODE_FWD_iter0_b5_ffwd_compute
issue,npu_id=2,curr_cycle=2906833865866,node_id=948,node_name=COMP_NODE_FWD_iter0_b5_ffwd_compute
callback,npu_id=0,curr_cycle=2906833865866,node_id=143,node_name=COMP_NODE_FWD_iter0_b5_attention_compute
callback,npu_id=2,curr_cycle=2906833865866,node_id=947,node_name=COMP_NODE_FWD_iter0_b5_attention_compute
issue,npu_id=1,curr_cycle=2906833870899,node_id=547,node_name=COMP_NODE_FWD_iter0_b5_ffwd_compute
issue,npu_id=3,curr_cycle=2906833870899,node_id=1351,node_name=COMP_NODE_FWD_iter0_b5_ffwd_compute
callback,npu_id=1,curr_cycle=2906833870899,node_id=546,node_name=COMP_NODE_FWD_iter0_b5_attention_compute
callback,npu_id=3,curr_cycle=2906833870899,node_id=1350,node_name=COMP_NODE_FWD_iter0_b5_attention_compute
issue,npu_id=0,curr_cycle=2934321656560,node_id=145,node_name=COMP_NODE_FWD_iter0_b5_attention_compute
issue,npu_id=2,curr_cycle=2934321656560,node_id=949,node_name=COMP_NODE_FWD_iter0_b5_attention_compute
callback,npu_id=0,curr_cycle=2934321656560,node_id=144,node_name=COMP_NODE_FWD_iter0_b5_ffwd_compute
callback,npu_id=2,curr_cycle=2934321656560,node_id=948,node_name=COMP_NODE_FWD_iter0_b5_ffwd_compute
issue,npu_id=1,curr_cycle=2934321661593,node_id=548,node_name=COMP_NODE_FWD_iter0_b5_attention_compute
issue,npu_id=3,curr_cycle=2934321661593,node_id=1352,node_name=COMP_NODE_FWD_iter0_b5_attention_compute
callback,npu_id=1,curr_cycle=2934321661593,node_id=547,node_name=COMP_NODE_FWD_iter0_b5_ffwd_compute
callback,npu_id=3,curr_cycle=2934321661593,node_id=1351,node_name=COMP_NODE_FWD_iter0_b5_ffwd_compute
issue,npu_id=0,curr_cycle=2948752746674,node_id=146,node_name=COMP_NODE_FWD_iter0_b5_ffwd_compute
issue,npu_id=2,curr_cycle=2948752746674,node_id=950,node_name=COMP_NODE_FWD_iter0_b5_ffwd_compute
callback,npu_id=0,curr_cycle=2948752746674,node_id=145,node_name=COMP_NODE_FWD_iter0_b5_attention_compute
callback,npu_id=2,curr_cycle=2948752746674,node_id=949,node_name=COMP_NODE_FWD_iter0_b5_attention_compute
issue,npu_id=1,curr_cycle=2948752751707,node_id=549,node_name=COMP_NODE_FWD_iter0_b5_ffwd_compute
issue,npu_id=3,curr_cycle=2948752751707,node_id=1353,node_name=COMP_NODE_FWD_iter0_b5_ffwd_compute
callback,npu_id=1,curr_cycle=2948752751707,node_id=548,node_name=COMP_NODE_FWD_iter0_b5_attention_compute
callback,npu_id=3,curr_cycle=2948752751707,node_id=1352,node_name=COMP_NODE_FWD_iter0_b5_attention_compute
issue,npu_id=0,curr_cycle=2976240537368,node_id=147,node_name=COMP_NODE_FWD_iter0_b5_attention_compute
issue,npu_id=2,curr_cycle=2976240537368,node_id=951,node_name=COMP_NODE_FWD_iter0_b5_attention_compute
callback,npu_id=0,curr_cycle=2976240537368,node_id=146,node_name=COMP_NODE_FWD_iter0_b5_ffwd_compute
callback,npu_id=2,curr_cycle=2976240537368,node_id=950,node_name=COMP_NODE_FWD_iter0_b5_ffwd_compute
issue,npu_id=1,curr_cycle=2976240542401,node_id=550,node_name=COMP_NODE_FWD_iter0_b5_attention_compute
issue,npu_id=3,curr_cycle=2976240542401,node_id=1354,node_name=COMP_NODE_FWD_iter0_b5_attention_compute
callback,npu_id=1,curr_cycle=2976240542401,node_id=549,node_name=COMP_NODE_FWD_iter0_b5_ffwd_compute
callback,npu_id=3,curr_cycle=2976240542401,node_id=1353,node_name=COMP_NODE_FWD_iter0_b5_ffwd_compute
issue,npu_id=0,curr_cycle=2990671627482,node_id=148,node_name=COMP_NODE_FWD_iter0_b5_ffwd_compute
issue,npu_id=2,curr_cycle=2990671627482,node_id=952,node_name=COMP_NODE_FWD_iter0_b5_ffwd_compute
callback,npu_id=0,curr_cycle=2990671627482,node_id=147,node_name=COMP_NODE_FWD_iter0_b5_attention_compute
callback,npu_id=2,curr_cycle=2990671627482,node_id=951,node_name=COMP_NODE_FWD_iter0_b5_attention_compute
issue,npu_id=1,curr_cycle=2990671632515,node_id=551,node_name=COMP_NODE_FWD_iter0_b5_ffwd_compute
issue,npu_id=3,curr_cycle=2990671632515,node_id=1355,node_name=COMP_NODE_FWD_iter0_b5_ffwd_compute
callback,npu_id=1,curr_cycle=2990671632515,node_id=550,node_name=COMP_NODE_FWD_iter0_b5_attention_compute
callback,npu_id=3,curr_cycle=2990671632515,node_id=1354,node_name=COMP_NODE_FWD_iter0_b5_attention_compute
issue,npu_id=0,curr_cycle=3018159418176,node_id=149,node_name=COMM_SEND_NODE_FWD_iter0_b5_dp0pp0tp0
issue,npu_id=0,curr_cycle=3018159418176,node_id=150,node_name=COMP_NODE_FWD_iter0_b6_attention_compute
issue,npu_id=2,curr_cycle=3018159418176,node_id=953,node_name=COMM_SEND_NODE_FWD_iter0_b5_dp1pp0tp0
issue,npu_id=2,curr_cycle=3018159418176,node_id=954,node_name=COMP_NODE_FWD_iter0_b6_attention_compute
callback,npu_id=0,curr_cycle=3018159418176,node_id=148,node_name=COMP_NODE_FWD_iter0_b5_ffwd_compute
callback,npu_id=2,curr_cycle=3018159418176,node_id=952,node_name=COMP_NODE_FWD_iter0_b5_ffwd_compute
issue,npu_id=1,curr_cycle=3018159423209,node_id=553,node_name=COMP_NODE_FWD_iter0_b6_attention_compute
issue,npu_id=3,curr_cycle=3018159423209,node_id=1357,node_name=COMP_NODE_FWD_iter0_b6_attention_compute
callback,npu_id=0,curr_cycle=3018159423209,node_id=149,node_name=COMM_SEND_NODE_FWD_iter0_b5_dp0pp0tp0
callback,npu_id=1,curr_cycle=3018159423209,node_id=551,node_name=COMP_NODE_FWD_iter0_b5_ffwd_compute
callback,npu_id=2,curr_cycle=3018159423209,node_id=953,node_name=COMM_SEND_NODE_FWD_iter0_b5_dp1pp0tp0
callback,npu_id=3,curr_cycle=3018159423209,node_id=1355,node_name=COMP_NODE_FWD_iter0_b5_ffwd_compute
issue,npu_id=0,curr_cycle=3032590508290,node_id=151,node_name=COMP_NODE_FWD_iter0_b6_ffwd_compute
issue,npu_id=2,curr_cycle=3032590508290,node_id=955,node_name=COMP_NODE_FWD_iter0_b6_ffwd_compute
callback,npu_id=0,curr_cycle=3032590508290,node_id=150,node_name=COMP_NODE_FWD_iter0_b6_attention_compute
callback,npu_id=2,curr_cycle=3032590508290,node_id=954,node_name=COMP_NODE_FWD_iter0_b6_attention_compute
issue,npu_id=1,curr_cycle=3032590513323,node_id=554,node_name=COMP_NODE_FWD_iter0_b6_ffwd_compute
issue,npu_id=3,curr_cycle=3032590513323,node_id=1358,node_name=COMP_NODE_FWD_iter0_b6_ffwd_compute
callback,npu_id=1,curr_cycle=3032590513323,node_id=553,node_name=COMP_NODE_FWD_iter0_b6_attention_compute
callback,npu_id=3,curr_cycle=3032590513323,node_id=1357,node_name=COMP_NODE_FWD_iter0_b6_attention_compute
issue,npu_id=0,curr_cycle=3060078298984,node_id=152,node_name=COMP_NODE_FWD_iter0_b6_attention_compute
issue,npu_id=2,curr_cycle=3060078298984,node_id=956,node_name=COMP_NODE_FWD_iter0_b6_attention_compute
callback,npu_id=0,curr_cycle=3060078298984,node_id=151,node_name=COMP_NODE_FWD_iter0_b6_ffwd_compute
callback,npu_id=2,curr_cycle=3060078298984,node_id=955,node_name=COMP_NODE_FWD_iter0_b6_ffwd_compute
issue,npu_id=1,curr_cycle=3060078304017,node_id=555,node_name=COMP_NODE_FWD_iter0_b6_attention_compute
issue,npu_id=3,curr_cycle=3060078304017,node_id=1359,node_name=COMP_NODE_FWD_iter0_b6_attention_compute
callback,npu_id=1,curr_cycle=3060078304017,node_id=554,node_name=COMP_NODE_FWD_iter0_b6_ffwd_compute
callback,npu_id=3,curr_cycle=3060078304017,node_id=1358,node_name=COMP_NODE_FWD_iter0_b6_ffwd_compute
issue,npu_id=0,curr_cycle=3074509389098,node_id=153,node_name=COMP_NODE_FWD_iter0_b6_ffwd_compute
issue,npu_id=2,curr_cycle=3074509389098,node_id=957,node_name=COMP_NODE_FWD_iter0_b6_ffwd_compute
callback,npu_id=0,curr_cycle=3074509389098,node_id=152,node_name=COMP_NODE_FWD_iter0_b6_attention_compute
callback,npu_id=2,curr_cycle=3074509389098,node_id=956,node_name=COMP_NODE_FWD_iter0_b6_attention_compute
issue,npu_id=1,curr_cycle=3074509394131,node_id=556,node_name=COMP_NODE_FWD_iter0_b6_ffwd_compute
issue,npu_id=3,curr_cycle=3074509394131,node_id=1360,node_name=COMP_NODE_FWD_iter0_b6_ffwd_compute
callback,npu_id=1,curr_cycle=3074509394131,node_id=555,node_name=COMP_NODE_FWD_iter0_b6_attention_compute
callback,npu_id=3,curr_cycle=3074509394131,node_id=1359,node_name=COMP_NODE_FWD_iter0_b6_attention_compute
issue,npu_id=0,curr_cycle=3101997179792,node_id=154,node_name=COMP_NODE_FWD_iter0_b6_attention_compute
issue,npu_id=2,curr_cycle=3101997179792,node_id=958,node_name=COMP_NODE_FWD_iter0_b6_attention_compute
callback,npu_id=0,curr_cycle=3101997179792,node_id=153,node_name=COMP_NODE_FWD_iter0_b6_ffwd_compute
callback,npu_id=2,curr_cycle=3101997179792,node_id=957,node_name=COMP_NODE_FWD_iter0_b6_ffwd_compute
issue,npu_id=1,curr_cycle=3101997184825,node_id=557,node_name=COMP_NODE_FWD_iter0_b6_attention_compute
issue,npu_id=3,curr_cycle=3101997184825,node_id=1361,node_name=COMP_NODE_FWD_iter0_b6_attention_compute
callback,npu_id=1,curr_cycle=3101997184825,node_id=556,node_name=COMP_NODE_FWD_iter0_b6_ffwd_compute
callback,npu_id=3,curr_cycle=3101997184825,node_id=1360,node_name=COMP_NODE_FWD_iter0_b6_ffwd_compute
issue,npu_id=0,curr_cycle=3116428269906,node_id=155,node_name=COMP_NODE_FWD_iter0_b6_ffwd_compute
issue,npu_id=2,curr_cycle=3116428269906,node_id=959,node_name=COMP_NODE_FWD_iter0_b6_ffwd_compute
callback,npu_id=0,curr_cycle=3116428269906,node_id=154,node_name=COMP_NODE_FWD_iter0_b6_attention_compute
callback,npu_id=2,curr_cycle=3116428269906,node_id=958,node_name=COMP_NODE_FWD_iter0_b6_attention_compute
issue,npu_id=1,curr_cycle=3116428274939,node_id=558,node_name=COMP_NODE_FWD_iter0_b6_ffwd_compute
issue,npu_id=3,curr_cycle=3116428274939,node_id=1362,node_name=COMP_NODE_FWD_iter0_b6_ffwd_compute
callback,npu_id=1,curr_cycle=3116428274939,node_id=557,node_name=COMP_NODE_FWD_iter0_b6_attention_compute
callback,npu_id=3,curr_cycle=3116428274939,node_id=1361,node_name=COMP_NODE_FWD_iter0_b6_attention_compute
issue,npu_id=0,curr_cycle=3143916060600,node_id=156,node_name=COMP_NODE_FWD_iter0_b6_attention_compute
issue,npu_id=2,curr_cycle=3143916060600,node_id=960,node_name=COMP_NODE_FWD_iter0_b6_attention_compute
callback,npu_id=0,curr_cycle=3143916060600,node_id=155,node_name=COMP_NODE_FWD_iter0_b6_ffwd_compute
callback,npu_id=2,curr_cycle=3143916060600,node_id=959,node_name=COMP_NODE_FWD_iter0_b6_ffwd_compute
issue,npu_id=1,curr_cycle=3143916065633,node_id=559,node_name=COMP_NODE_FWD_iter0_b6_attention_compute
issue,npu_id=3,curr_cycle=3143916065633,node_id=1363,node_name=COMP_NODE_FWD_iter0_b6_attention_compute
callback,npu_id=1,curr_cycle=3143916065633,node_id=558,node_name=COMP_NODE_FWD_iter0_b6_ffwd_compute
callback,npu_id=3,curr_cycle=3143916065633,node_id=1362,node_name=COMP_NODE_FWD_iter0_b6_ffwd_compute
issue,npu_id=0,curr_cycle=3158347150714,node_id=157,node_name=COMP_NODE_FWD_iter0_b6_ffwd_compute
issue,npu_id=2,curr_cycle=3158347150714,node_id=961,node_name=COMP_NODE_FWD_iter0_b6_ffwd_compute
callback,npu_id=0,curr_cycle=3158347150714,node_id=156,node_name=COMP_NODE_FWD_iter0_b6_attention_compute
callback,npu_id=2,curr_cycle=3158347150714,node_id=960,node_name=COMP_NODE_FWD_iter0_b6_attention_compute
issue,npu_id=1,curr_cycle=3158347155747,node_id=560,node_name=COMP_NODE_FWD_iter0_b6_ffwd_compute
issue,npu_id=3,curr_cycle=3158347155747,node_id=1364,node_name=COMP_NODE_FWD_iter0_b6_ffwd_compute
callback,npu_id=1,curr_cycle=3158347155747,node_id=559,node_name=COMP_NODE_FWD_iter0_b6_attention_compute
callback,npu_id=3,curr_cycle=3158347155747,node_id=1363,node_name=COMP_NODE_FWD_iter0_b6_attention_compute
issue,npu_id=0,curr_cycle=3185834941408,node_id=158,node_name=COMP_NODE_FWD_iter0_b6_attention_compute
issue,npu_id=2,curr_cycle=3185834941408,node_id=962,node_name=COMP_NODE_FWD_iter0_b6_attention_compute
callback,npu_id=0,curr_cycle=3185834941408,node_id=157,node_name=COMP_NODE_FWD_iter0_b6_ffwd_compute
callback,npu_id=2,curr_cycle=3185834941408,node_id=961,node_name=COMP_NODE_FWD_iter0_b6_ffwd_compute
issue,npu_id=1,curr_cycle=3185834946441,node_id=561,node_name=COMP_NODE_FWD_iter0_b6_attention_compute
issue,npu_id=3,curr_cycle=3185834946441,node_id=1365,node_name=COMP_NODE_FWD_iter0_b6_attention_compute
callback,npu_id=1,curr_cycle=3185834946441,node_id=560,node_name=COMP_NODE_FWD_iter0_b6_ffwd_compute
callback,npu_id=3,curr_cycle=3185834946441,node_id=1364,node_name=COMP_NODE_FWD_iter0_b6_ffwd_compute
issue,npu_id=0,curr_cycle=3200266031522,node_id=159,node_name=COMP_NODE_FWD_iter0_b6_ffwd_compute
issue,npu_id=2,curr_cycle=3200266031522,node_id=963,node_name=COMP_NODE_FWD_iter0_b6_ffwd_compute
callback,npu_id=0,curr_cycle=3200266031522,node_id=158,node_name=COMP_NODE_FWD_iter0_b6_attention_compute
callback,npu_id=2,curr_cycle=3200266031522,node_id=962,node_name=COMP_NODE_FWD_iter0_b6_attention_compute
issue,npu_id=1,curr_cycle=3200266036555,node_id=562,node_name=COMP_NODE_FWD_iter0_b6_ffwd_compute
issue,npu_id=3,curr_cycle=3200266036555,node_id=1366,node_name=COMP_NODE_FWD_iter0_b6_ffwd_compute
callback,npu_id=1,curr_cycle=3200266036555,node_id=561,node_name=COMP_NODE_FWD_iter0_b6_attention_compute
callback,npu_id=3,curr_cycle=3200266036555,node_id=1365,node_name=COMP_NODE_FWD_iter0_b6_attention_compute
issue,npu_id=0,curr_cycle=3227753822216,node_id=160,node_name=COMP_NODE_FWD_iter0_b6_attention_compute
issue,npu_id=2,curr_cycle=3227753822216,node_id=964,node_name=COMP_NODE_FWD_iter0_b6_attention_compute
callback,npu_id=0,curr_cycle=3227753822216,node_id=159,node_name=COMP_NODE_FWD_iter0_b6_ffwd_compute
callback,npu_id=2,curr_cycle=3227753822216,node_id=963,node_name=COMP_NODE_FWD_iter0_b6_ffwd_compute
issue,npu_id=1,curr_cycle=3227753827249,node_id=563,node_name=COMP_NODE_FWD_iter0_b6_attention_compute
issue,npu_id=3,curr_cycle=3227753827249,node_id=1367,node_name=COMP_NODE_FWD_iter0_b6_attention_compute
callback,npu_id=1,curr_cycle=3227753827249,node_id=562,node_name=COMP_NODE_FWD_iter0_b6_ffwd_compute
callback,npu_id=3,curr_cycle=3227753827249,node_id=1366,node_name=COMP_NODE_FWD_iter0_b6_ffwd_compute
issue,npu_id=0,curr_cycle=3242184912330,node_id=161,node_name=COMP_NODE_FWD_iter0_b6_ffwd_compute
issue,npu_id=2,curr_cycle=3242184912330,node_id=965,node_name=COMP_NODE_FWD_iter0_b6_ffwd_compute
callback,npu_id=0,curr_cycle=3242184912330,node_id=160,node_name=COMP_NODE_FWD_iter0_b6_attention_compute
callback,npu_id=2,curr_cycle=3242184912330,node_id=964,node_name=COMP_NODE_FWD_iter0_b6_attention_compute
issue,npu_id=1,curr_cycle=3242184917363,node_id=564,node_name=COMP_NODE_FWD_iter0_b6_ffwd_compute
issue,npu_id=3,curr_cycle=3242184917363,node_id=1368,node_name=COMP_NODE_FWD_iter0_b6_ffwd_compute
callback,npu_id=1,curr_cycle=3242184917363,node_id=563,node_name=COMP_NODE_FWD_iter0_b6_attention_compute
callback,npu_id=3,curr_cycle=3242184917363,node_id=1367,node_name=COMP_NODE_FWD_iter0_b6_attention_compute
issue,npu_id=0,curr_cycle=3269672703024,node_id=162,node_name=COMP_NODE_FWD_iter0_b6_attention_compute
issue,npu_id=2,curr_cycle=3269672703024,node_id=966,node_name=COMP_NODE_FWD_iter0_b6_attention_compute
callback,npu_id=0,curr_cycle=3269672703024,node_id=161,node_name=COMP_NODE_FWD_iter0_b6_ffwd_compute
callback,npu_id=2,curr_cycle=3269672703024,node_id=965,node_name=COMP_NODE_FWD_iter0_b6_ffwd_compute
issue,npu_id=1,curr_cycle=3269672708057,node_id=565,node_name=COMP_NODE_FWD_iter0_b6_attention_compute
issue,npu_id=3,curr_cycle=3269672708057,node_id=1369,node_name=COMP_NODE_FWD_iter0_b6_attention_compute
callback,npu_id=1,curr_cycle=3269672708057,node_id=564,node_name=COMP_NODE_FWD_iter0_b6_ffwd_compute
callback,npu_id=3,curr_cycle=3269672708057,node_id=1368,node_name=COMP_NODE_FWD_iter0_b6_ffwd_compute
issue,npu_id=0,curr_cycle=3284103793138,node_id=163,node_name=COMP_NODE_FWD_iter0_b6_ffwd_compute
issue,npu_id=2,curr_cycle=3284103793138,node_id=967,node_name=COMP_NODE_FWD_iter0_b6_ffwd_compute
callback,npu_id=0,curr_cycle=3284103793138,node_id=162,node_name=COMP_NODE_FWD_iter0_b6_attention_compute
callback,npu_id=2,curr_cycle=3284103793138,node_id=966,node_name=COMP_NODE_FWD_iter0_b6_attention_compute
issue,npu_id=1,curr_cycle=3284103798171,node_id=566,node_name=COMP_NODE_FWD_iter0_b6_ffwd_compute
issue,npu_id=3,curr_cycle=3284103798171,node_id=1370,node_name=COMP_NODE_FWD_iter0_b6_ffwd_compute
callback,npu_id=1,curr_cycle=3284103798171,node_id=565,node_name=COMP_NODE_FWD_iter0_b6_attention_compute
callback,npu_id=3,curr_cycle=3284103798171,node_id=1369,node_name=COMP_NODE_FWD_iter0_b6_attention_compute
issue,npu_id=0,curr_cycle=3311591583832,node_id=164,node_name=COMP_NODE_FWD_iter0_b6_attention_compute
issue,npu_id=2,curr_cycle=3311591583832,node_id=968,node_name=COMP_NODE_FWD_iter0_b6_attention_compute
callback,npu_id=0,curr_cycle=3311591583832,node_id=163,node_name=COMP_NODE_FWD_iter0_b6_ffwd_compute
callback,npu_id=2,curr_cycle=3311591583832,node_id=967,node_name=COMP_NODE_FWD_iter0_b6_ffwd_compute
issue,npu_id=1,curr_cycle=3311591588865,node_id=567,node_name=COMP_NODE_FWD_iter0_b6_attention_compute
issue,npu_id=3,curr_cycle=3311591588865,node_id=1371,node_name=COMP_NODE_FWD_iter0_b6_attention_compute
callback,npu_id=1,curr_cycle=3311591588865,node_id=566,node_name=COMP_NODE_FWD_iter0_b6_ffwd_compute
callback,npu_id=3,curr_cycle=3311591588865,node_id=1370,node_name=COMP_NODE_FWD_iter0_b6_ffwd_compute
issue,npu_id=0,curr_cycle=3326022673946,node_id=165,node_name=COMP_NODE_FWD_iter0_b6_ffwd_compute
issue,npu_id=2,curr_cycle=3326022673946,node_id=969,node_name=COMP_NODE_FWD_iter0_b6_ffwd_compute
callback,npu_id=0,curr_cycle=3326022673946,node_id=164,node_name=COMP_NODE_FWD_iter0_b6_attention_compute
callback,npu_id=2,curr_cycle=3326022673946,node_id=968,node_name=COMP_NODE_FWD_iter0_b6_attention_compute
issue,npu_id=1,curr_cycle=3326022678979,node_id=568,node_name=COMP_NODE_FWD_iter0_b6_ffwd_compute
issue,npu_id=3,curr_cycle=3326022678979,node_id=1372,node_name=COMP_NODE_FWD_iter0_b6_ffwd_compute
callback,npu_id=1,curr_cycle=3326022678979,node_id=567,node_name=COMP_NODE_FWD_iter0_b6_attention_compute
callback,npu_id=3,curr_cycle=3326022678979,node_id=1371,node_name=COMP_NODE_FWD_iter0_b6_attention_compute
issue,npu_id=0,curr_cycle=3353510464640,node_id=166,node_name=COMP_NODE_FWD_iter0_b6_attention_compute
issue,npu_id=2,curr_cycle=3353510464640,node_id=970,node_name=COMP_NODE_FWD_iter0_b6_attention_compute
callback,npu_id=0,curr_cycle=3353510464640,node_id=165,node_name=COMP_NODE_FWD_iter0_b6_ffwd_compute
callback,npu_id=2,curr_cycle=3353510464640,node_id=969,node_name=COMP_NODE_FWD_iter0_b6_ffwd_compute
issue,npu_id=1,curr_cycle=3353510469673,node_id=569,node_name=COMP_NODE_FWD_iter0_b6_attention_compute
issue,npu_id=3,curr_cycle=3353510469673,node_id=1373,node_name=COMP_NODE_FWD_iter0_b6_attention_compute
callback,npu_id=1,curr_cycle=3353510469673,node_id=568,node_name=COMP_NODE_FWD_iter0_b6_ffwd_compute
callback,npu_id=3,curr_cycle=3353510469673,node_id=1372,node_name=COMP_NODE_FWD_iter0_b6_ffwd_compute
issue,npu_id=0,curr_cycle=3367941554754,node_id=167,node_name=COMP_NODE_FWD_iter0_b6_ffwd_compute
issue,npu_id=2,curr_cycle=3367941554754,node_id=971,node_name=COMP_NODE_FWD_iter0_b6_ffwd_compute
callback,npu_id=0,curr_cycle=3367941554754,node_id=166,node_name=COMP_NODE_FWD_iter0_b6_attention_compute
callback,npu_id=2,curr_cycle=3367941554754,node_id=970,node_name=COMP_NODE_FWD_iter0_b6_attention_compute
issue,npu_id=1,curr_cycle=3367941559787,node_id=570,node_name=COMP_NODE_FWD_iter0_b6_ffwd_compute
issue,npu_id=3,curr_cycle=3367941559787,node_id=1374,node_name=COMP_NODE_FWD_iter0_b6_ffwd_compute
callback,npu_id=1,curr_cycle=3367941559787,node_id=569,node_name=COMP_NODE_FWD_iter0_b6_attention_compute
callback,npu_id=3,curr_cycle=3367941559787,node_id=1373,node_name=COMP_NODE_FWD_iter0_b6_attention_compute
issue,npu_id=0,curr_cycle=3395429345448,node_id=168,node_name=COMP_NODE_FWD_iter0_b6_attention_compute
issue,npu_id=2,curr_cycle=3395429345448,node_id=972,node_name=COMP_NODE_FWD_iter0_b6_attention_compute
callback,npu_id=0,curr_cycle=3395429345448,node_id=167,node_name=COMP_NODE_FWD_iter0_b6_ffwd_compute
callback,npu_id=2,curr_cycle=3395429345448,node_id=971,node_name=COMP_NODE_FWD_iter0_b6_ffwd_compute
issue,npu_id=1,curr_cycle=3395429350481,node_id=571,node_name=COMP_NODE_FWD_iter0_b6_attention_compute
issue,npu_id=3,curr_cycle=3395429350481,node_id=1375,node_name=COMP_NODE_FWD_iter0_b6_attention_compute
callback,npu_id=1,curr_cycle=3395429350481,node_id=570,node_name=COMP_NODE_FWD_iter0_b6_ffwd_compute
callback,npu_id=3,curr_cycle=3395429350481,node_id=1374,node_name=COMP_NODE_FWD_iter0_b6_ffwd_compute
issue,npu_id=0,curr_cycle=3409860435562,node_id=169,node_name=COMP_NODE_FWD_iter0_b6_ffwd_compute
issue,npu_id=2,curr_cycle=3409860435562,node_id=973,node_name=COMP_NODE_FWD_iter0_b6_ffwd_compute
callback,npu_id=0,curr_cycle=3409860435562,node_id=168,node_name=COMP_NODE_FWD_iter0_b6_attention_compute
callback,npu_id=2,curr_cycle=3409860435562,node_id=972,node_name=COMP_NODE_FWD_iter0_b6_attention_compute
issue,npu_id=1,curr_cycle=3409860440595,node_id=572,node_name=COMP_NODE_FWD_iter0_b6_ffwd_compute
issue,npu_id=3,curr_cycle=3409860440595,node_id=1376,node_name=COMP_NODE_FWD_iter0_b6_ffwd_compute
callback,npu_id=1,curr_cycle=3409860440595,node_id=571,node_name=COMP_NODE_FWD_iter0_b6_attention_compute
callback,npu_id=3,curr_cycle=3409860440595,node_id=1375,node_name=COMP_NODE_FWD_iter0_b6_attention_compute
issue,npu_id=0,curr_cycle=3437348226256,node_id=170,node_name=COMP_NODE_FWD_iter0_b6_attention_compute
issue,npu_id=2,curr_cycle=3437348226256,node_id=974,node_name=COMP_NODE_FWD_iter0_b6_attention_compute
callback,npu_id=0,curr_cycle=3437348226256,node_id=169,node_name=COMP_NODE_FWD_iter0_b6_ffwd_compute
callback,npu_id=2,curr_cycle=3437348226256,node_id=973,node_name=COMP_NODE_FWD_iter0_b6_ffwd_compute
issue,npu_id=1,curr_cycle=3437348231289,node_id=573,node_name=COMP_NODE_FWD_iter0_b6_attention_compute
issue,npu_id=3,curr_cycle=3437348231289,node_id=1377,node_name=COMP_NODE_FWD_iter0_b6_attention_compute
callback,npu_id=1,curr_cycle=3437348231289,node_id=572,node_name=COMP_NODE_FWD_iter0_b6_ffwd_compute
callback,npu_id=3,curr_cycle=3437348231289,node_id=1376,node_name=COMP_NODE_FWD_iter0_b6_ffwd_compute
issue,npu_id=0,curr_cycle=3451779316370,node_id=171,node_name=COMP_NODE_FWD_iter0_b6_ffwd_compute
issue,npu_id=2,curr_cycle=3451779316370,node_id=975,node_name=COMP_NODE_FWD_iter0_b6_ffwd_compute
callback,npu_id=0,curr_cycle=3451779316370,node_id=170,node_name=COMP_NODE_FWD_iter0_b6_attention_compute
callback,npu_id=2,curr_cycle=3451779316370,node_id=974,node_name=COMP_NODE_FWD_iter0_b6_attention_compute
issue,npu_id=1,curr_cycle=3451779321403,node_id=574,node_name=COMP_NODE_FWD_iter0_b6_ffwd_compute
issue,npu_id=3,curr_cycle=3451779321403,node_id=1378,node_name=COMP_NODE_FWD_iter0_b6_ffwd_compute
callback,npu_id=1,curr_cycle=3451779321403,node_id=573,node_name=COMP_NODE_FWD_iter0_b6_attention_compute
callback,npu_id=3,curr_cycle=3451779321403,node_id=1377,node_name=COMP_NODE_FWD_iter0_b6_attention_compute
issue,npu_id=0,curr_cycle=3479267107064,node_id=172,node_name=COMP_NODE_FWD_iter0_b6_attention_compute
issue,npu_id=2,curr_cycle=3479267107064,node_id=976,node_name=COMP_NODE_FWD_iter0_b6_attention_compute
callback,npu_id=0,curr_cycle=3479267107064,node_id=171,node_name=COMP_NODE_FWD_iter0_b6_ffwd_compute
callback,npu_id=2,curr_cycle=3479267107064,node_id=975,node_name=COMP_NODE_FWD_iter0_b6_ffwd_compute
issue,npu_id=1,curr_cycle=3479267112097,node_id=575,node_name=COMP_NODE_FWD_iter0_b6_attention_compute
issue,npu_id=3,curr_cycle=3479267112097,node_id=1379,node_name=COMP_NODE_FWD_iter0_b6_attention_compute
callback,npu_id=1,curr_cycle=3479267112097,node_id=574,node_name=COMP_NODE_FWD_iter0_b6_ffwd_compute
callback,npu_id=3,curr_cycle=3479267112097,node_id=1378,node_name=COMP_NODE_FWD_iter0_b6_ffwd_compute
issue,npu_id=0,curr_cycle=3493698197178,node_id=173,node_name=COMP_NODE_FWD_iter0_b6_ffwd_compute
issue,npu_id=2,curr_cycle=3493698197178,node_id=977,node_name=COMP_NODE_FWD_iter0_b6_ffwd_compute
callback,npu_id=0,curr_cycle=3493698197178,node_id=172,node_name=COMP_NODE_FWD_iter0_b6_attention_compute
callback,npu_id=2,curr_cycle=3493698197178,node_id=976,node_name=COMP_NODE_FWD_iter0_b6_attention_compute
issue,npu_id=1,curr_cycle=3493698202211,node_id=576,node_name=COMP_NODE_FWD_iter0_b6_ffwd_compute
issue,npu_id=3,curr_cycle=3493698202211,node_id=1380,node_name=COMP_NODE_FWD_iter0_b6_ffwd_compute
callback,npu_id=1,curr_cycle=3493698202211,node_id=575,node_name=COMP_NODE_FWD_iter0_b6_attention_compute
callback,npu_id=3,curr_cycle=3493698202211,node_id=1379,node_name=COMP_NODE_FWD_iter0_b6_attention_compute
issue,npu_id=0,curr_cycle=3521185987872,node_id=174,node_name=COMM_SEND_NODE_FWD_iter0_b6_dp0pp0tp0
issue,npu_id=0,curr_cycle=3521185987872,node_id=175,node_name=COMP_NODE_FWD_iter0_b7_attention_compute
issue,npu_id=2,curr_cycle=3521185987872,node_id=978,node_name=COMM_SEND_NODE_FWD_iter0_b6_dp1pp0tp0
issue,npu_id=2,curr_cycle=3521185987872,node_id=979,node_name=COMP_NODE_FWD_iter0_b7_attention_compute
callback,npu_id=0,curr_cycle=3521185987872,node_id=173,node_name=COMP_NODE_FWD_iter0_b6_ffwd_compute
callback,npu_id=2,curr_cycle=3521185987872,node_id=977,node_name=COMP_NODE_FWD_iter0_b6_ffwd_compute
issue,npu_id=1,curr_cycle=3521185992905,node_id=578,node_name=COMP_NODE_FWD_iter0_b7_attention_compute
issue,npu_id=3,curr_cycle=3521185992905,node_id=1382,node_name=COMP_NODE_FWD_iter0_b7_attention_compute
callback,npu_id=0,curr_cycle=3521185992905,node_id=174,node_name=COMM_SEND_NODE_FWD_iter0_b6_dp0pp0tp0
callback,npu_id=1,curr_cycle=3521185992905,node_id=576,node_name=COMP_NODE_FWD_iter0_b6_ffwd_compute
callback,npu_id=2,curr_cycle=3521185992905,node_id=978,node_name=COMM_SEND_NODE_FWD_iter0_b6_dp1pp0tp0
callback,npu_id=3,curr_cycle=3521185992905,node_id=1380,node_name=COMP_NODE_FWD_iter0_b6_ffwd_compute
issue,npu_id=0,curr_cycle=3535617077986,node_id=176,node_name=COMP_NODE_FWD_iter0_b7_ffwd_compute
issue,npu_id=2,curr_cycle=3535617077986,node_id=980,node_name=COMP_NODE_FWD_iter0_b7_ffwd_compute
callback,npu_id=0,curr_cycle=3535617077986,node_id=175,node_name=COMP_NODE_FWD_iter0_b7_attention_compute
callback,npu_id=2,curr_cycle=3535617077986,node_id=979,node_name=COMP_NODE_FWD_iter0_b7_attention_compute
issue,npu_id=1,curr_cycle=3535617083019,node_id=579,node_name=COMP_NODE_FWD_iter0_b7_ffwd_compute
issue,npu_id=3,curr_cycle=3535617083019,node_id=1383,node_name=COMP_NODE_FWD_iter0_b7_ffwd_compute
callback,npu_id=1,curr_cycle=3535617083019,node_id=578,node_name=COMP_NODE_FWD_iter0_b7_attention_compute
callback,npu_id=3,curr_cycle=3535617083019,node_id=1382,node_name=COMP_NODE_FWD_iter0_b7_attention_compute
issue,npu_id=0,curr_cycle=3563104868680,node_id=177,node_name=COMP_NODE_FWD_iter0_b7_attention_compute
issue,npu_id=2,curr_cycle=3563104868680,node_id=981,node_name=COMP_NODE_FWD_iter0_b7_attention_compute
callback,npu_id=0,curr_cycle=3563104868680,node_id=176,node_name=COMP_NODE_FWD_iter0_b7_ffwd_compute
callback,npu_id=2,curr_cycle=3563104868680,node_id=980,node_name=COMP_NODE_FWD_iter0_b7_ffwd_compute
issue,npu_id=1,curr_cycle=3563104873713,node_id=580,node_name=COMP_NODE_FWD_iter0_b7_attention_compute
issue,npu_id=3,curr_cycle=3563104873713,node_id=1384,node_name=COMP_NODE_FWD_iter0_b7_attention_compute
callback,npu_id=1,curr_cycle=3563104873713,node_id=579,node_name=COMP_NODE_FWD_iter0_b7_ffwd_compute
callback,npu_id=3,curr_cycle=3563104873713,node_id=1383,node_name=COMP_NODE_FWD_iter0_b7_ffwd_compute
issue,npu_id=0,curr_cycle=3577535958794,node_id=178,node_name=COMP_NODE_FWD_iter0_b7_ffwd_compute
issue,npu_id=2,curr_cycle=3577535958794,node_id=982,node_name=COMP_NODE_FWD_iter0_b7_ffwd_compute
callback,npu_id=0,curr_cycle=3577535958794,node_id=177,node_name=COMP_NODE_FWD_iter0_b7_attention_compute
callback,npu_id=2,curr_cycle=3577535958794,node_id=981,node_name=COMP_NODE_FWD_iter0_b7_attention_compute
issue,npu_id=1,curr_cycle=3577535963827,node_id=581,node_name=COMP_NODE_FWD_iter0_b7_ffwd_compute
issue,npu_id=3,curr_cycle=3577535963827,node_id=1385,node_name=COMP_NODE_FWD_iter0_b7_ffwd_compute
callback,npu_id=1,curr_cycle=3577535963827,node_id=580,node_name=COMP_NODE_FWD_iter0_b7_attention_compute
callback,npu_id=3,curr_cycle=3577535963827,node_id=1384,node_name=COMP_NODE_FWD_iter0_b7_attention_compute
issue,npu_id=0,curr_cycle=3605023749488,node_id=179,node_name=COMP_NODE_FWD_iter0_b7_attention_compute
issue,npu_id=2,curr_cycle=3605023749488,node_id=983,node_name=COMP_NODE_FWD_iter0_b7_attention_compute
callback,npu_id=0,curr_cycle=3605023749488,node_id=178,node_name=COMP_NODE_FWD_iter0_b7_ffwd_compute
callback,npu_id=2,curr_cycle=3605023749488,node_id=982,node_name=COMP_NODE_FWD_iter0_b7_ffwd_compute
issue,npu_id=1,curr_cycle=3605023754521,node_id=582,node_name=COMP_NODE_FWD_iter0_b7_attention_compute
issue,npu_id=3,curr_cycle=3605023754521,node_id=1386,node_name=COMP_NODE_FWD_iter0_b7_attention_compute
callback,npu_id=1,curr_cycle=3605023754521,node_id=581,node_name=COMP_NODE_FWD_iter0_b7_ffwd_compute
callback,npu_id=3,curr_cycle=3605023754521,node_id=1385,node_name=COMP_NODE_FWD_iter0_b7_ffwd_compute
issue,npu_id=0,curr_cycle=3619454839602,node_id=180,node_name=COMP_NODE_FWD_iter0_b7_ffwd_compute
issue,npu_id=2,curr_cycle=3619454839602,node_id=984,node_name=COMP_NODE_FWD_iter0_b7_ffwd_compute
callback,npu_id=0,curr_cycle=3619454839602,node_id=179,node_name=COMP_NODE_FWD_iter0_b7_attention_compute
callback,npu_id=2,curr_cycle=3619454839602,node_id=983,node_name=COMP_NODE_FWD_iter0_b7_attention_compute
issue,npu_id=1,curr_cycle=3619454844635,node_id=583,node_name=COMP_NODE_FWD_iter0_b7_ffwd_compute
issue,npu_id=3,curr_cycle=3619454844635,node_id=1387,node_name=COMP_NODE_FWD_iter0_b7_ffwd_compute
callback,npu_id=1,curr_cycle=3619454844635,node_id=582,node_name=COMP_NODE_FWD_iter0_b7_attention_compute
callback,npu_id=3,curr_cycle=3619454844635,node_id=1386,node_name=COMP_NODE_FWD_iter0_b7_attention_compute
issue,npu_id=0,curr_cycle=3646942630296,node_id=181,node_name=COMP_NODE_FWD_iter0_b7_attention_compute
issue,npu_id=2,curr_cycle=3646942630296,node_id=985,node_name=COMP_NODE_FWD_iter0_b7_attention_compute
callback,npu_id=0,curr_cycle=3646942630296,node_id=180,node_name=COMP_NODE_FWD_iter0_b7_ffwd_compute
callback,npu_id=2,curr_cycle=3646942630296,node_id=984,node_name=COMP_NODE_FWD_iter0_b7_ffwd_compute
issue,npu_id=1,curr_cycle=3646942635329,node_id=584,node_name=COMP_NODE_FWD_iter0_b7_attention_compute
issue,npu_id=3,curr_cycle=3646942635329,node_id=1388,node_name=COMP_NODE_FWD_iter0_b7_attention_compute
callback,npu_id=1,curr_cycle=3646942635329,node_id=583,node_name=COMP_NODE_FWD_iter0_b7_ffwd_compute
callback,npu_id=3,curr_cycle=3646942635329,node_id=1387,node_name=COMP_NODE_FWD_iter0_b7_ffwd_compute
issue,npu_id=0,curr_cycle=3661373720410,node_id=182,node_name=COMP_NODE_FWD_iter0_b7_ffwd_compute
issue,npu_id=2,curr_cycle=3661373720410,node_id=986,node_name=COMP_NODE_FWD_iter0_b7_ffwd_compute
callback,npu_id=0,curr_cycle=3661373720410,node_id=181,node_name=COMP_NODE_FWD_iter0_b7_attention_compute
callback,npu_id=2,curr_cycle=3661373720410,node_id=985,node_name=COMP_NODE_FWD_iter0_b7_attention_compute
issue,npu_id=1,curr_cycle=3661373725443,node_id=585,node_name=COMP_NODE_FWD_iter0_b7_ffwd_compute
issue,npu_id=3,curr_cycle=3661373725443,node_id=1389,node_name=COMP_NODE_FWD_iter0_b7_ffwd_compute
callback,npu_id=1,curr_cycle=3661373725443,node_id=584,node_name=COMP_NODE_FWD_iter0_b7_attention_compute
callback,npu_id=3,curr_cycle=3661373725443,node_id=1388,node_name=COMP_NODE_FWD_iter0_b7_attention_compute
issue,npu_id=0,curr_cycle=3688861511104,node_id=183,node_name=COMP_NODE_FWD_iter0_b7_attention_compute
issue,npu_id=2,curr_cycle=3688861511104,node_id=987,node_name=COMP_NODE_FWD_iter0_b7_attention_compute
callback,npu_id=0,curr_cycle=3688861511104,node_id=182,node_name=COMP_NODE_FWD_iter0_b7_ffwd_compute
callback,npu_id=2,curr_cycle=3688861511104,node_id=986,node_name=COMP_NODE_FWD_iter0_b7_ffwd_compute
issue,npu_id=1,curr_cycle=3688861516137,node_id=586,node_name=COMP_NODE_FWD_iter0_b7_attention_compute
issue,npu_id=3,curr_cycle=3688861516137,node_id=1390,node_name=COMP_NODE_FWD_iter0_b7_attention_compute
callback,npu_id=1,curr_cycle=3688861516137,node_id=585,node_name=COMP_NODE_FWD_iter0_b7_ffwd_compute
callback,npu_id=3,curr_cycle=3688861516137,node_id=1389,node_name=COMP_NODE_FWD_iter0_b7_ffwd_compute
issue,npu_id=0,curr_cycle=3703292601218,node_id=184,node_name=COMP_NODE_FWD_iter0_b7_ffwd_compute
issue,npu_id=2,curr_cycle=3703292601218,node_id=988,node_name=COMP_NODE_FWD_iter0_b7_ffwd_compute
callback,npu_id=0,curr_cycle=3703292601218,node_id=183,node_name=COMP_NODE_FWD_iter0_b7_attention_compute
callback,npu_id=2,curr_cycle=3703292601218,node_id=987,node_name=COMP_NODE_FWD_iter0_b7_attention_compute
issue,npu_id=1,curr_cycle=3703292606251,node_id=587,node_name=COMP_NODE_FWD_iter0_b7_ffwd_compute
issue,npu_id=3,curr_cycle=3703292606251,node_id=1391,node_name=COMP_NODE_FWD_iter0_b7_ffwd_compute
callback,npu_id=1,curr_cycle=3703292606251,node_id=586,node_name=COMP_NODE_FWD_iter0_b7_attention_compute
callback,npu_id=3,curr_cycle=3703292606251,node_id=1390,node_name=COMP_NODE_FWD_iter0_b7_attention_compute
issue,npu_id=0,curr_cycle=3730780391912,node_id=185,node_name=COMP_NODE_FWD_iter0_b7_attention_compute
issue,npu_id=2,curr_cycle=3730780391912,node_id=989,node_name=COMP_NODE_FWD_iter0_b7_attention_compute
callback,npu_id=0,curr_cycle=3730780391912,node_id=184,node_name=COMP_NODE_FWD_iter0_b7_ffwd_compute
callback,npu_id=2,curr_cycle=3730780391912,node_id=988,node_name=COMP_NODE_FWD_iter0_b7_ffwd_compute
issue,npu_id=1,curr_cycle=3730780396945,node_id=588,node_name=COMP_NODE_FWD_iter0_b7_attention_compute
issue,npu_id=3,curr_cycle=3730780396945,node_id=1392,node_name=COMP_NODE_FWD_iter0_b7_attention_compute
callback,npu_id=1,curr_cycle=3730780396945,node_id=587,node_name=COMP_NODE_FWD_iter0_b7_ffwd_compute
callback,npu_id=3,curr_cycle=3730780396945,node_id=1391,node_name=COMP_NODE_FWD_iter0_b7_ffwd_compute
issue,npu_id=0,curr_cycle=3745211482026,node_id=186,node_name=COMP_NODE_FWD_iter0_b7_ffwd_compute
issue,npu_id=2,curr_cycle=3745211482026,node_id=990,node_name=COMP_NODE_FWD_iter0_b7_ffwd_compute
callback,npu_id=0,curr_cycle=3745211482026,node_id=185,node_name=COMP_NODE_FWD_iter0_b7_attention_compute
callback,npu_id=2,curr_cycle=3745211482026,node_id=989,node_name=COMP_NODE_FWD_iter0_b7_attention_compute
issue,npu_id=1,curr_cycle=3745211487059,node_id=589,node_name=COMP_NODE_FWD_iter0_b7_ffwd_compute
issue,npu_id=3,curr_cycle=3745211487059,node_id=1393,node_name=COMP_NODE_FWD_iter0_b7_ffwd_compute
callback,npu_id=1,curr_cycle=3745211487059,node_id=588,node_name=COMP_NODE_FWD_iter0_b7_attention_compute
callback,npu_id=3,curr_cycle=3745211487059,node_id=1392,node_name=COMP_NODE_FWD_iter0_b7_attention_compute
issue,npu_id=0,curr_cycle=3772699272720,node_id=187,node_name=COMP_NODE_FWD_iter0_b7_attention_compute
issue,npu_id=2,curr_cycle=3772699272720,node_id=991,node_name=COMP_NODE_FWD_iter0_b7_attention_compute
callback,npu_id=0,curr_cycle=3772699272720,node_id=186,node_name=COMP_NODE_FWD_iter0_b7_ffwd_compute
callback,npu_id=2,curr_cycle=3772699272720,node_id=990,node_name=COMP_NODE_FWD_iter0_b7_ffwd_compute
issue,npu_id=1,curr_cycle=3772699277753,node_id=590,node_name=COMP_NODE_FWD_iter0_b7_attention_compute
issue,npu_id=3,curr_cycle=3772699277753,node_id=1394,node_name=COMP_NODE_FWD_iter0_b7_attention_compute
callback,npu_id=1,curr_cycle=3772699277753,node_id=589,node_name=COMP_NODE_FWD_iter0_b7_ffwd_compute
callback,npu_id=3,curr_cycle=3772699277753,node_id=1393,node_name=COMP_NODE_FWD_iter0_b7_ffwd_compute
issue,npu_id=0,curr_cycle=3787130362834,node_id=188,node_name=COMP_NODE_FWD_iter0_b7_ffwd_compute
issue,npu_id=2,curr_cycle=3787130362834,node_id=992,node_name=COMP_NODE_FWD_iter0_b7_ffwd_compute
callback,npu_id=0,curr_cycle=3787130362834,node_id=187,node_name=COMP_NODE_FWD_iter0_b7_attention_compute
callback,npu_id=2,curr_cycle=3787130362834,node_id=991,node_name=COMP_NODE_FWD_iter0_b7_attention_compute
issue,npu_id=1,curr_cycle=3787130367867,node_id=591,node_name=COMP_NODE_FWD_iter0_b7_ffwd_compute
issue,npu_id=3,curr_cycle=3787130367867,node_id=1395,node_name=COMP_NODE_FWD_iter0_b7_ffwd_compute
callback,npu_id=1,curr_cycle=3787130367867,node_id=590,node_name=COMP_NODE_FWD_iter0_b7_attention_compute
callback,npu_id=3,curr_cycle=3787130367867,node_id=1394,node_name=COMP_NODE_FWD_iter0_b7_attention_compute
issue,npu_id=0,curr_cycle=3814618153528,node_id=189,node_name=COMP_NODE_FWD_iter0_b7_attention_compute
issue,npu_id=2,curr_cycle=3814618153528,node_id=993,node_name=COMP_NODE_FWD_iter0_b7_attention_compute
callback,npu_id=0,curr_cycle=3814618153528,node_id=188,node_name=COMP_NODE_FWD_iter0_b7_ffwd_compute
callback,npu_id=2,curr_cycle=3814618153528,node_id=992,node_name=COMP_NODE_FWD_iter0_b7_ffwd_compute
issue,npu_id=1,curr_cycle=3814618158561,node_id=592,node_name=COMP_NODE_FWD_iter0_b7_attention_compute
issue,npu_id=3,curr_cycle=3814618158561,node_id=1396,node_name=COMP_NODE_FWD_iter0_b7_attention_compute
callback,npu_id=1,curr_cycle=3814618158561,node_id=591,node_name=COMP_NODE_FWD_iter0_b7_ffwd_compute
callback,npu_id=3,curr_cycle=3814618158561,node_id=1395,node_name=COMP_NODE_FWD_iter0_b7_ffwd_compute
issue,npu_id=0,curr_cycle=3829049243642,node_id=190,node_name=COMP_NODE_FWD_iter0_b7_ffwd_compute
issue,npu_id=2,curr_cycle=3829049243642,node_id=994,node_name=COMP_NODE_FWD_iter0_b7_ffwd_compute
callback,npu_id=0,curr_cycle=3829049243642,node_id=189,node_name=COMP_NODE_FWD_iter0_b7_attention_compute
callback,npu_id=2,curr_cycle=3829049243642,node_id=993,node_name=COMP_NODE_FWD_iter0_b7_attention_compute
issue,npu_id=1,curr_cycle=3829049248675,node_id=593,node_name=COMP_NODE_FWD_iter0_b7_ffwd_compute
issue,npu_id=3,curr_cycle=3829049248675,node_id=1397,node_name=COMP_NODE_FWD_iter0_b7_ffwd_compute
callback,npu_id=1,curr_cycle=3829049248675,node_id=592,node_name=COMP_NODE_FWD_iter0_b7_attention_compute
callback,npu_id=3,curr_cycle=3829049248675,node_id=1396,node_name=COMP_NODE_FWD_iter0_b7_attention_compute
issue,npu_id=0,curr_cycle=3856537034336,node_id=191,node_name=COMP_NODE_FWD_iter0_b7_attention_compute
issue,npu_id=2,curr_cycle=3856537034336,node_id=995,node_name=COMP_NODE_FWD_iter0_b7_attention_compute
callback,npu_id=0,curr_cycle=3856537034336,node_id=190,node_name=COMP_NODE_FWD_iter0_b7_ffwd_compute
callback,npu_id=2,curr_cycle=3856537034336,node_id=994,node_name=COMP_NODE_FWD_iter0_b7_ffwd_compute
issue,npu_id=1,curr_cycle=3856537039369,node_id=594,node_name=COMP_NODE_FWD_iter0_b7_attention_compute
issue,npu_id=3,curr_cycle=3856537039369,node_id=1398,node_name=COMP_NODE_FWD_iter0_b7_attention_compute
callback,npu_id=1,curr_cycle=3856537039369,node_id=593,node_name=COMP_NODE_FWD_iter0_b7_ffwd_compute
callback,npu_id=3,curr_cycle=3856537039369,node_id=1397,node_name=COMP_NODE_FWD_iter0_b7_ffwd_compute
issue,npu_id=0,curr_cycle=3870968124450,node_id=192,node_name=COMP_NODE_FWD_iter0_b7_ffwd_compute
issue,npu_id=2,curr_cycle=3870968124450,node_id=996,node_name=COMP_NODE_FWD_iter0_b7_ffwd_compute
callback,npu_id=0,curr_cycle=3870968124450,node_id=191,node_name=COMP_NODE_FWD_iter0_b7_attention_compute
callback,npu_id=2,curr_cycle=3870968124450,node_id=995,node_name=COMP_NODE_FWD_iter0_b7_attention_compute
issue,npu_id=1,curr_cycle=3870968129483,node_id=595,node_name=COMP_NODE_FWD_iter0_b7_ffwd_compute
issue,npu_id=3,curr_cycle=3870968129483,node_id=1399,node_name=COMP_NODE_FWD_iter0_b7_ffwd_compute
callback,npu_id=1,curr_cycle=3870968129483,node_id=594,node_name=COMP_NODE_FWD_iter0_b7_attention_compute
callback,npu_id=3,curr_cycle=3870968129483,node_id=1398,node_name=COMP_NODE_FWD_iter0_b7_attention_compute
issue,npu_id=0,curr_cycle=3898455915144,node_id=193,node_name=COMP_NODE_FWD_iter0_b7_attention_compute
issue,npu_id=2,curr_cycle=3898455915144,node_id=997,node_name=COMP_NODE_FWD_iter0_b7_attention_compute
callback,npu_id=0,curr_cycle=3898455915144,node_id=192,node_name=COMP_NODE_FWD_iter0_b7_ffwd_compute
callback,npu_id=2,curr_cycle=3898455915144,node_id=996,node_name=COMP_NODE_FWD_iter0_b7_ffwd_compute
issue,npu_id=1,curr_cycle=3898455920177,node_id=596,node_name=COMP_NODE_FWD_iter0_b7_attention_compute
issue,npu_id=3,curr_cycle=3898455920177,node_id=1400,node_name=COMP_NODE_FWD_iter0_b7_attention_compute
callback,npu_id=1,curr_cycle=3898455920177,node_id=595,node_name=COMP_NODE_FWD_iter0_b7_ffwd_compute
callback,npu_id=3,curr_cycle=3898455920177,node_id=1399,node_name=COMP_NODE_FWD_iter0_b7_ffwd_compute
issue,npu_id=0,curr_cycle=3912887005258,node_id=194,node_name=COMP_NODE_FWD_iter0_b7_ffwd_compute
issue,npu_id=2,curr_cycle=3912887005258,node_id=998,node_name=COMP_NODE_FWD_iter0_b7_ffwd_compute
callback,npu_id=0,curr_cycle=3912887005258,node_id=193,node_name=COMP_NODE_FWD_iter0_b7_attention_compute
callback,npu_id=2,curr_cycle=3912887005258,node_id=997,node_name=COMP_NODE_FWD_iter0_b7_attention_compute
issue,npu_id=1,curr_cycle=3912887010291,node_id=597,node_name=COMP_NODE_FWD_iter0_b7_ffwd_compute
issue,npu_id=3,curr_cycle=3912887010291,node_id=1401,node_name=COMP_NODE_FWD_iter0_b7_ffwd_compute
callback,npu_id=1,curr_cycle=3912887010291,node_id=596,node_name=COMP_NODE_FWD_iter0_b7_attention_compute
callback,npu_id=3,curr_cycle=3912887010291,node_id=1400,node_name=COMP_NODE_FWD_iter0_b7_attention_compute
issue,npu_id=0,curr_cycle=3940374795952,node_id=195,node_name=COMP_NODE_FWD_iter0_b7_attention_compute
issue,npu_id=2,curr_cycle=3940374795952,node_id=999,node_name=COMP_NODE_FWD_iter0_b7_attention_compute
callback,npu_id=0,curr_cycle=3940374795952,node_id=194,node_name=COMP_NODE_FWD_iter0_b7_ffwd_compute
callback,npu_id=2,curr_cycle=3940374795952,node_id=998,node_name=COMP_NODE_FWD_iter0_b7_ffwd_compute
issue,npu_id=1,curr_cycle=3940374800985,node_id=598,node_name=COMP_NODE_FWD_iter0_b7_attention_compute
issue,npu_id=3,curr_cycle=3940374800985,node_id=1402,node_name=COMP_NODE_FWD_iter0_b7_attention_compute
callback,npu_id=1,curr_cycle=3940374800985,node_id=597,node_name=COMP_NODE_FWD_iter0_b7_ffwd_compute
callback,npu_id=3,curr_cycle=3940374800985,node_id=1401,node_name=COMP_NODE_FWD_iter0_b7_ffwd_compute
issue,npu_id=0,curr_cycle=3954805886066,node_id=196,node_name=COMP_NODE_FWD_iter0_b7_ffwd_compute
issue,npu_id=2,curr_cycle=3954805886066,node_id=1000,node_name=COMP_NODE_FWD_iter0_b7_ffwd_compute
callback,npu_id=0,curr_cycle=3954805886066,node_id=195,node_name=COMP_NODE_FWD_iter0_b7_attention_compute
callback,npu_id=2,curr_cycle=3954805886066,node_id=999,node_name=COMP_NODE_FWD_iter0_b7_attention_compute
issue,npu_id=1,curr_cycle=3954805891099,node_id=599,node_name=COMP_NODE_FWD_iter0_b7_ffwd_compute
issue,npu_id=3,curr_cycle=3954805891099,node_id=1403,node_name=COMP_NODE_FWD_iter0_b7_ffwd_compute
callback,npu_id=1,curr_cycle=3954805891099,node_id=598,node_name=COMP_NODE_FWD_iter0_b7_attention_compute
callback,npu_id=3,curr_cycle=3954805891099,node_id=1402,node_name=COMP_NODE_FWD_iter0_b7_attention_compute
issue,npu_id=0,curr_cycle=3982293676760,node_id=197,node_name=COMP_NODE_FWD_iter0_b7_attention_compute
issue,npu_id=2,curr_cycle=3982293676760,node_id=1001,node_name=COMP_NODE_FWD_iter0_b7_attention_compute
callback,npu_id=0,curr_cycle=3982293676760,node_id=196,node_name=COMP_NODE_FWD_iter0_b7_ffwd_compute
callback,npu_id=2,curr_cycle=3982293676760,node_id=1000,node_name=COMP_NODE_FWD_iter0_b7_ffwd_compute
issue,npu_id=1,curr_cycle=3982293681793,node_id=600,node_name=COMP_NODE_FWD_iter0_b7_attention_compute
issue,npu_id=3,curr_cycle=3982293681793,node_id=1404,node_name=COMP_NODE_FWD_iter0_b7_attention_compute
callback,npu_id=1,curr_cycle=3982293681793,node_id=599,node_name=COMP_NODE_FWD_iter0_b7_ffwd_compute
callback,npu_id=3,curr_cycle=3982293681793,node_id=1403,node_name=COMP_NODE_FWD_iter0_b7_ffwd_compute
issue,npu_id=0,curr_cycle=3996724766874,node_id=198,node_name=COMP_NODE_FWD_iter0_b7_ffwd_compute
issue,npu_id=2,curr_cycle=3996724766874,node_id=1002,node_name=COMP_NODE_FWD_iter0_b7_ffwd_compute
callback,npu_id=0,curr_cycle=3996724766874,node_id=197,node_name=COMP_NODE_FWD_iter0_b7_attention_compute
callback,npu_id=2,curr_cycle=3996724766874,node_id=1001,node_name=COMP_NODE_FWD_iter0_b7_attention_compute
issue,npu_id=1,curr_cycle=3996724771907,node_id=601,node_name=COMP_NODE_FWD_iter0_b7_ffwd_compute
issue,npu_id=3,curr_cycle=3996724771907,node_id=1405,node_name=COMP_NODE_FWD_iter0_b7_ffwd_compute
callback,npu_id=1,curr_cycle=3996724771907,node_id=600,node_name=COMP_NODE_FWD_iter0_b7_attention_compute
callback,npu_id=3,curr_cycle=3996724771907,node_id=1404,node_name=COMP_NODE_FWD_iter0_b7_attention_compute
issue,npu_id=0,curr_cycle=4024212557568,node_id=199,node_name=COMM_SEND_NODE_FWD_iter0_b7_dp0pp0tp0
issue,npu_id=0,curr_cycle=4024212557568,node_id=201,node_name=COMP_NODE_BCKWD_iter0_b0_ffwd_compute
issue,npu_id=2,curr_cycle=4024212557568,node_id=1003,node_name=COMM_SEND_NODE_FWD_iter0_b7_dp1pp0tp0
issue,npu_id=2,curr_cycle=4024212557568,node_id=1005,node_name=COMP_NODE_BCKWD_iter0_b0_ffwd_compute
callback,npu_id=0,curr_cycle=4024212557568,node_id=198,node_name=COMP_NODE_FWD_iter0_b7_ffwd_compute
callback,npu_id=2,curr_cycle=4024212557568,node_id=1002,node_name=COMP_NODE_FWD_iter0_b7_ffwd_compute
issue,npu_id=1,curr_cycle=4024212562601,node_id=602,node_name=COMP_NODE_BCKWD_iter0_b0_ffwd_compute
issue,npu_id=3,curr_cycle=4024212562601,node_id=1406,node_name=COMP_NODE_BCKWD_iter0_b0_ffwd_compute
callback,npu_id=0,curr_cycle=4024212562601,node_id=199,node_name=COMM_SEND_NODE_FWD_iter0_b7_dp0pp0tp0
callback,npu_id=1,curr_cycle=4024212562601,node_id=601,node_name=COMP_NODE_FWD_iter0_b7_ffwd_compute
callback,npu_id=2,curr_cycle=4024212562601,node_id=1003,node_name=COMM_SEND_NODE_FWD_iter0_b7_dp1pp0tp0
callback,npu_id=3,curr_cycle=4024212562601,node_id=1405,node_name=COMP_NODE_FWD_iter0_b7_ffwd_compute
issue,npu_id=0,curr_cycle=4079188138956,node_id=202,node_name=COMP_NODE_BCKWD_iter0_b0_attention_compute
issue,npu_id=2,curr_cycle=4079188138956,node_id=1006,node_name=COMP_NODE_BCKWD_iter0_b0_attention_compute
callback,npu_id=0,curr_cycle=4079188138956,node_id=201,node_name=COMP_NODE_BCKWD_iter0_b0_ffwd_compute
callback,npu_id=2,curr_cycle=4079188138956,node_id=1005,node_name=COMP_NODE_BCKWD_iter0_b0_ffwd_compute
issue,npu_id=1,curr_cycle=4079188143989,node_id=603,node_name=COMP_NODE_BCKWD_iter0_b0_attention_compute
issue,npu_id=3,curr_cycle=4079188143989,node_id=1407,node_name=COMP_NODE_BCKWD_iter0_b0_attention_compute
callback,npu_id=1,curr_cycle=4079188143989,node_id=602,node_name=COMP_NODE_BCKWD_iter0_b0_ffwd_compute
callback,npu_id=3,curr_cycle=4079188143989,node_id=1406,node_name=COMP_NODE_BCKWD_iter0_b0_ffwd_compute
issue,npu_id=0,curr_cycle=4108050319185,node_id=203,node_name=COMP_NODE_BCKWD_iter0_b0_ffwd_compute
issue,npu_id=2,curr_cycle=4108050319185,node_id=1007,node_name=COMP_NODE_BCKWD_iter0_b0_ffwd_compute
callback,npu_id=0,curr_cycle=4108050319185,node_id=202,node_name=COMP_NODE_BCKWD_iter0_b0_attention_compute
callback,npu_id=2,curr_cycle=4108050319185,node_id=1006,node_name=COMP_NODE_BCKWD_iter0_b0_attention_compute
issue,npu_id=1,curr_cycle=4108050324218,node_id=604,node_name=COMP_NODE_BCKWD_iter0_b0_ffwd_compute
issue,npu_id=3,curr_cycle=4108050324218,node_id=1408,node_name=COMP_NODE_BCKWD_iter0_b0_ffwd_compute
callback,npu_id=1,curr_cycle=4108050324218,node_id=603,node_name=COMP_NODE_BCKWD_iter0_b0_attention_compute
callback,npu_id=3,curr_cycle=4108050324218,node_id=1407,node_name=COMP_NODE_BCKWD_iter0_b0_attention_compute
issue,npu_id=0,curr_cycle=4163025900573,node_id=204,node_name=COMP_NODE_BCKWD_iter0_b0_attention_compute
issue,npu_id=2,curr_cycle=4163025900573,node_id=1008,node_name=COMP_NODE_BCKWD_iter0_b0_attention_compute
callback,npu_id=0,curr_cycle=4163025900573,node_id=203,node_name=COMP_NODE_BCKWD_iter0_b0_ffwd_compute
callback,npu_id=2,curr_cycle=4163025900573,node_id=1007,node_name=COMP_NODE_BCKWD_iter0_b0_ffwd_compute
issue,npu_id=1,curr_cycle=4163025905606,node_id=605,node_name=COMP_NODE_BCKWD_iter0_b0_attention_compute
issue,npu_id=3,curr_cycle=4163025905606,node_id=1409,node_name=COMP_NODE_BCKWD_iter0_b0_attention_compute
callback,npu_id=1,curr_cycle=4163025905606,node_id=604,node_name=COMP_NODE_BCKWD_iter0_b0_ffwd_compute
callback,npu_id=3,curr_cycle=4163025905606,node_id=1408,node_name=COMP_NODE_BCKWD_iter0_b0_ffwd_compute
issue,npu_id=0,curr_cycle=4191888080802,node_id=205,node_name=COMP_NODE_BCKWD_iter0_b0_ffwd_compute
issue,npu_id=2,curr_cycle=4191888080802,node_id=1009,node_name=COMP_NODE_BCKWD_iter0_b0_ffwd_compute
callback,npu_id=0,curr_cycle=4191888080802,node_id=204,node_name=COMP_NODE_BCKWD_iter0_b0_attention_compute
callback,npu_id=2,curr_cycle=4191888080802,node_id=1008,node_name=COMP_NODE_BCKWD_iter0_b0_attention_compute
issue,npu_id=1,curr_cycle=4191888085835,node_id=606,node_name=COMP_NODE_BCKWD_iter0_b0_ffwd_compute
issue,npu_id=3,curr_cycle=4191888085835,node_id=1410,node_name=COMP_NODE_BCKWD_iter0_b0_ffwd_compute
callback,npu_id=1,curr_cycle=4191888085835,node_id=605,node_name=COMP_NODE_BCKWD_iter0_b0_attention_compute
callback,npu_id=3,curr_cycle=4191888085835,node_id=1409,node_name=COMP_NODE_BCKWD_iter0_b0_attention_compute
issue,npu_id=0,curr_cycle=4246863662190,node_id=206,node_name=COMP_NODE_BCKWD_iter0_b0_attention_compute
issue,npu_id=2,curr_cycle=4246863662190,node_id=1010,node_name=COMP_NODE_BCKWD_iter0_b0_attention_compute
callback,npu_id=0,curr_cycle=4246863662190,node_id=205,node_name=COMP_NODE_BCKWD_iter0_b0_ffwd_compute
callback,npu_id=2,curr_cycle=4246863662190,node_id=1009,node_name=COMP_NODE_BCKWD_iter0_b0_ffwd_compute
issue,npu_id=1,curr_cycle=4246863667223,node_id=607,node_name=COMP_NODE_BCKWD_iter0_b0_attention_compute
issue,npu_id=3,curr_cycle=4246863667223,node_id=1411,node_name=COMP_NODE_BCKWD_iter0_b0_attention_compute
callback,npu_id=1,curr_cycle=4246863667223,node_id=606,node_name=COMP_NODE_BCKWD_iter0_b0_ffwd_compute
callback,npu_id=3,curr_cycle=4246863667223,node_id=1410,node_name=COMP_NODE_BCKWD_iter0_b0_ffwd_compute
issue,npu_id=0,curr_cycle=4275725842419,node_id=207,node_name=COMP_NODE_BCKWD_iter0_b0_ffwd_compute
issue,npu_id=2,curr_cycle=4275725842419,node_id=1011,node_name=COMP_NODE_BCKWD_iter0_b0_ffwd_compute
callback,npu_id=0,curr_cycle=4275725842419,node_id=206,node_name=COMP_NODE_BCKWD_iter0_b0_attention_compute
callback,npu_id=2,curr_cycle=4275725842419,node_id=1010,node_name=COMP_NODE_BCKWD_iter0_b0_attention_compute
issue,npu_id=1,curr_cycle=4275725847452,node_id=608,node_name=COMP_NODE_BCKWD_iter0_b0_ffwd_compute
issue,npu_id=3,curr_cycle=4275725847452,node_id=1412,node_name=COMP_NODE_BCKWD_iter0_b0_ffwd_compute
callback,npu_id=1,curr_cycle=4275725847452,node_id=607,node_name=COMP_NODE_BCKWD_iter0_b0_attention_compute
callback,npu_id=3,curr_cycle=4275725847452,node_id=1411,node_name=COMP_NODE_BCKWD_iter0_b0_attention_compute
issue,npu_id=0,curr_cycle=4330701423807,node_id=208,node_name=COMP_NODE_BCKWD_iter0_b0_attention_compute
issue,npu_id=2,curr_cycle=4330701423807,node_id=1012,node_name=COMP_NODE_BCKWD_iter0_b0_attention_compute
callback,npu_id=0,curr_cycle=4330701423807,node_id=207,node_name=COMP_NODE_BCKWD_iter0_b0_ffwd_compute
callback,npu_id=2,curr_cycle=4330701423807,node_id=1011,node_name=COMP_NODE_BCKWD_iter0_b0_ffwd_compute
issue,npu_id=1,curr_cycle=4330701428840,node_id=609,node_name=COMP_NODE_BCKWD_iter0_b0_attention_compute
issue,npu_id=3,curr_cycle=4330701428840,node_id=1413,node_name=COMP_NODE_BCKWD_iter0_b0_attention_compute
callback,npu_id=1,curr_cycle=4330701428840,node_id=608,node_name=COMP_NODE_BCKWD_iter0_b0_ffwd_compute
callback,npu_id=3,curr_cycle=4330701428840,node_id=1412,node_name=COMP_NODE_BCKWD_iter0_b0_ffwd_compute
issue,npu_id=0,curr_cycle=4359563604036,node_id=209,node_name=COMP_NODE_BCKWD_iter0_b0_ffwd_compute
issue,npu_id=2,curr_cycle=4359563604036,node_id=1013,node_name=COMP_NODE_BCKWD_iter0_b0_ffwd_compute
callback,npu_id=0,curr_cycle=4359563604036,node_id=208,node_name=COMP_NODE_BCKWD_iter0_b0_attention_compute
callback,npu_id=2,curr_cycle=4359563604036,node_id=1012,node_name=COMP_NODE_BCKWD_iter0_b0_attention_compute
issue,npu_id=1,curr_cycle=4359563609069,node_id=610,node_name=COMP_NODE_BCKWD_iter0_b0_ffwd_compute
issue,npu_id=3,curr_cycle=4359563609069,node_id=1414,node_name=COMP_NODE_BCKWD_iter0_b0_ffwd_compute
callback,npu_id=1,curr_cycle=4359563609069,node_id=609,node_name=COMP_NODE_BCKWD_iter0_b0_attention_compute
callback,npu_id=3,curr_cycle=4359563609069,node_id=1413,node_name=COMP_NODE_BCKWD_iter0_b0_attention_compute
issue,npu_id=0,curr_cycle=4414539185424,node_id=210,node_name=COMP_NODE_BCKWD_iter0_b0_attention_compute
issue,npu_id=2,curr_cycle=4414539185424,node_id=1014,node_name=COMP_NODE_BCKWD_iter0_b0_attention_compute
callback,npu_id=0,curr_cycle=4414539185424,node_id=209,node_name=COMP_NODE_BCKWD_iter0_b0_ffwd_compute
callback,npu_id=2,curr_cycle=4414539185424,node_id=1013,node_name=COMP_NODE_BCKWD_iter0_b0_ffwd_compute
issue,npu_id=1,curr_cycle=4414539190457,node_id=611,node_name=COMP_NODE_BCKWD_iter0_b0_attention_compute
issue,npu_id=3,curr_cycle=4414539190457,node_id=1415,node_name=COMP_NODE_BCKWD_iter0_b0_attention_compute
callback,npu_id=1,curr_cycle=4414539190457,node_id=610,node_name=COMP_NODE_BCKWD_iter0_b0_ffwd_compute
callback,npu_id=3,curr_cycle=4414539190457,node_id=1414,node_name=COMP_NODE_BCKWD_iter0_b0_ffwd_compute
issue,npu_id=0,curr_cycle=4443401365653,node_id=211,node_name=COMP_NODE_BCKWD_iter0_b0_ffwd_compute
issue,npu_id=2,curr_cycle=4443401365653,node_id=1015,node_name=COMP_NODE_BCKWD_iter0_b0_ffwd_compute
callback,npu_id=0,curr_cycle=4443401365653,node_id=210,node_name=COMP_NODE_BCKWD_iter0_b0_attention_compute
callback,npu_id=2,curr_cycle=4443401365653,node_id=1014,node_name=COMP_NODE_BCKWD_iter0_b0_attention_compute
issue,npu_id=1,curr_cycle=4443401370686,node_id=612,node_name=COMP_NODE_BCKWD_iter0_b0_ffwd_compute
issue,npu_id=3,curr_cycle=4443401370686,node_id=1416,node_name=COMP_NODE_BCKWD_iter0_b0_ffwd_compute
callback,npu_id=1,curr_cycle=4443401370686,node_id=611,node_name=COMP_NODE_BCKWD_iter0_b0_attention_compute
callback,npu_id=3,curr_cycle=4443401370686,node_id=1415,node_name=COMP_NODE_BCKWD_iter0_b0_attention_compute
issue,npu_id=0,curr_cycle=4498376947041,node_id=212,node_name=COMP_NODE_BCKWD_iter0_b0_attention_compute
issue,npu_id=2,curr_cycle=4498376947041,node_id=1016,node_name=COMP_NODE_BCKWD_iter0_b0_attention_compute
callback,npu_id=0,curr_cycle=4498376947041,node_id=211,node_name=COMP_NODE_BCKWD_iter0_b0_ffwd_compute
callback,npu_id=2,curr_cycle=4498376947041,node_id=1015,node_name=COMP_NODE_BCKWD_iter0_b0_ffwd_compute
issue,npu_id=1,curr_cycle=4498376952074,node_id=613,node_name=COMP_NODE_BCKWD_iter0_b0_attention_compute
issue,npu_id=3,curr_cycle=4498376952074,node_id=1417,node_name=COMP_NODE_BCKWD_iter0_b0_attention_compute
callback,npu_id=1,curr_cycle=4498376952074,node_id=612,node_name=COMP_NODE_BCKWD_iter0_b0_ffwd_compute
callback,npu_id=3,curr_cycle=4498376952074,node_id=1416,node_name=COMP_NODE_BCKWD_iter0_b0_ffwd_compute
issue,npu_id=0,curr_cycle=4527239127270,node_id=213,node_name=COMP_NODE_BCKWD_iter0_b0_ffwd_compute
issue,npu_id=2,curr_cycle=4527239127270,node_id=1017,node_name=COMP_NODE_BCKWD_iter0_b0_ffwd_compute
callback,npu_id=0,curr_cycle=4527239127270,node_id=212,node_name=COMP_NODE_BCKWD_iter0_b0_attention_compute
callback,npu_id=2,curr_cycle=4527239127270,node_id=1016,node_name=COMP_NODE_BCKWD_iter0_b0_attention_compute
issue,npu_id=1,curr_cycle=4527239132303,node_id=614,node_name=COMP_NODE_BCKWD_iter0_b0_ffwd_compute
issue,npu_id=3,curr_cycle=4527239132303,node_id=1418,node_name=COMP_NODE_BCKWD_iter0_b0_ffwd_compute
callback,npu_id=1,curr_cycle=4527239132303,node_id=613,node_name=COMP_NODE_BCKWD_iter0_b0_attention_compute
callback,npu_id=3,curr_cycle=4527239132303,node_id=1417,node_name=COMP_NODE_BCKWD_iter0_b0_attention_compute
issue,npu_id=0,curr_cycle=4582214708658,node_id=214,node_name=COMP_NODE_BCKWD_iter0_b0_attention_compute
issue,npu_id=2,curr_cycle=4582214708658,node_id=1018,node_name=COMP_NODE_BCKWD_iter0_b0_attention_compute
callback,npu_id=0,curr_cycle=4582214708658,node_id=213,node_name=COMP_NODE_BCKWD_iter0_b0_ffwd_compute
callback,npu_id=2,curr_cycle=4582214708658,node_id=1017,node_name=COMP_NODE_BCKWD_iter0_b0_ffwd_compute
issue,npu_id=1,curr_cycle=4582214713691,node_id=615,node_name=COMP_NODE_BCKWD_iter0_b0_attention_compute
issue,npu_id=3,curr_cycle=4582214713691,node_id=1419,node_name=COMP_NODE_BCKWD_iter0_b0_attention_compute
callback,npu_id=1,curr_cycle=4582214713691,node_id=614,node_name=COMP_NODE_BCKWD_iter0_b0_ffwd_compute
callback,npu_id=3,curr_cycle=4582214713691,node_id=1418,node_name=COMP_NODE_BCKWD_iter0_b0_ffwd_compute
issue,npu_id=0,curr_cycle=4611076888887,node_id=215,node_name=COMP_NODE_BCKWD_iter0_b0_ffwd_compute
issue,npu_id=2,curr_cycle=4611076888887,node_id=1019,node_name=COMP_NODE_BCKWD_iter0_b0_ffwd_compute
callback,npu_id=0,curr_cycle=4611076888887,node_id=214,node_name=COMP_NODE_BCKWD_iter0_b0_attention_compute
callback,npu_id=2,curr_cycle=4611076888887,node_id=1018,node_name=COMP_NODE_BCKWD_iter0_b0_attention_compute
issue,npu_id=1,curr_cycle=4611076893920,node_id=616,node_name=COMP_NODE_BCKWD_iter0_b0_ffwd_compute
issue,npu_id=3,curr_cycle=4611076893920,node_id=1420,node_name=COMP_NODE_BCKWD_iter0_b0_ffwd_compute
callback,npu_id=1,curr_cycle=4611076893920,node_id=615,node_name=COMP_NODE_BCKWD_iter0_b0_attention_compute
callback,npu_id=3,curr_cycle=4611076893920,node_id=1419,node_name=COMP_NODE_BCKWD_iter0_b0_attention_compute
issue,npu_id=0,curr_cycle=4666052470275,node_id=216,node_name=COMP_NODE_BCKWD_iter0_b0_attention_compute
issue,npu_id=2,curr_cycle=4666052470275,node_id=1020,node_name=COMP_NODE_BCKWD_iter0_b0_attention_compute
callback,npu_id=0,curr_cycle=4666052470275,node_id=215,node_name=COMP_NODE_BCKWD_iter0_b0_ffwd_compute
callback,npu_id=2,curr_cycle=4666052470275,node_id=1019,node_name=COMP_NODE_BCKWD_iter0_b0_ffwd_compute
issue,npu_id=1,curr_cycle=4666052475308,node_id=617,node_name=COMP_NODE_BCKWD_iter0_b0_attention_compute
issue,npu_id=3,curr_cycle=4666052475308,node_id=1421,node_name=COMP_NODE_BCKWD_iter0_b0_attention_compute
callback,npu_id=1,curr_cycle=4666052475308,node_id=616,node_name=COMP_NODE_BCKWD_iter0_b0_ffwd_compute
callback,npu_id=3,curr_cycle=4666052475308,node_id=1420,node_name=COMP_NODE_BCKWD_iter0_b0_ffwd_compute
issue,npu_id=0,curr_cycle=4694914650504,node_id=217,node_name=COMP_NODE_BCKWD_iter0_b0_ffwd_compute
issue,npu_id=2,curr_cycle=4694914650504,node_id=1021,node_name=COMP_NODE_BCKWD_iter0_b0_ffwd_compute
callback,npu_id=0,curr_cycle=4694914650504,node_id=216,node_name=COMP_NODE_BCKWD_iter0_b0_attention_compute
callback,npu_id=2,curr_cycle=4694914650504,node_id=1020,node_name=COMP_NODE_BCKWD_iter0_b0_attention_compute
issue,npu_id=1,curr_cycle=4694914655537,node_id=618,node_name=COMP_NODE_BCKWD_iter0_b0_ffwd_compute
issue,npu_id=3,curr_cycle=4694914655537,node_id=1422,node_name=COMP_NODE_BCKWD_iter0_b0_ffwd_compute
callback,npu_id=1,curr_cycle=4694914655537,node_id=617,node_name=COMP_NODE_BCKWD_iter0_b0_attention_compute
callback,npu_id=3,curr_cycle=4694914655537,node_id=1421,node_name=COMP_NODE_BCKWD_iter0_b0_attention_compute
issue,npu_id=0,curr_cycle=4749890231892,node_id=218,node_name=COMP_NODE_BCKWD_iter0_b0_attention_compute
issue,npu_id=2,curr_cycle=4749890231892,node_id=1022,node_name=COMP_NODE_BCKWD_iter0_b0_attention_compute
callback,npu_id=0,curr_cycle=4749890231892,node_id=217,node_name=COMP_NODE_BCKWD_iter0_b0_ffwd_compute
callback,npu_id=2,curr_cycle=4749890231892,node_id=1021,node_name=COMP_NODE_BCKWD_iter0_b0_ffwd_compute
issue,npu_id=1,curr_cycle=4749890236925,node_id=619,node_name=COMP_NODE_BCKWD_iter0_b0_attention_compute
issue,npu_id=3,curr_cycle=4749890236925,node_id=1423,node_name=COMP_NODE_BCKWD_iter0_b0_attention_compute
callback,npu_id=1,curr_cycle=4749890236925,node_id=618,node_name=COMP_NODE_BCKWD_iter0_b0_ffwd_compute
callback,npu_id=3,curr_cycle=4749890236925,node_id=1422,node_name=COMP_NODE_BCKWD_iter0_b0_ffwd_compute
issue,npu_id=0,curr_cycle=4778752412121,node_id=219,node_name=COMP_NODE_BCKWD_iter0_b0_ffwd_compute
issue,npu_id=2,curr_cycle=4778752412121,node_id=1023,node_name=COMP_NODE_BCKWD_iter0_b0_ffwd_compute
callback,npu_id=0,curr_cycle=4778752412121,node_id=218,node_name=COMP_NODE_BCKWD_iter0_b0_attention_compute
callback,npu_id=2,curr_cycle=4778752412121,node_id=1022,node_name=COMP_NODE_BCKWD_iter0_b0_attention_compute
issue,npu_id=1,curr_cycle=4778752417154,node_id=620,node_name=COMP_NODE_BCKWD_iter0_b0_ffwd_compute
issue,npu_id=3,curr_cycle=4778752417154,node_id=1424,node_name=COMP_NODE_BCKWD_iter0_b0_ffwd_compute
callback,npu_id=1,curr_cycle=4778752417154,node_id=619,node_name=COMP_NODE_BCKWD_iter0_b0_attention_compute
callback,npu_id=3,curr_cycle=4778752417154,node_id=1423,node_name=COMP_NODE_BCKWD_iter0_b0_attention_compute
issue,npu_id=0,curr_cycle=4833727993509,node_id=220,node_name=COMP_NODE_BCKWD_iter0_b0_attention_compute
issue,npu_id=2,curr_cycle=4833727993509,node_id=1024,node_name=COMP_NODE_BCKWD_iter0_b0_attention_compute
callback,npu_id=0,curr_cycle=4833727993509,node_id=219,node_name=COMP_NODE_BCKWD_iter0_b0_ffwd_compute
callback,npu_id=2,curr_cycle=4833727993509,node_id=1023,node_name=COMP_NODE_BCKWD_iter0_b0_ffwd_compute
issue,npu_id=1,curr_cycle=4833727998542,node_id=621,node_name=COMP_NODE_BCKWD_iter0_b0_attention_compute
issue,npu_id=3,curr_cycle=4833727998542,node_id=1425,node_name=COMP_NODE_BCKWD_iter0_b0_attention_compute
callback,npu_id=1,curr_cycle=4833727998542,node_id=620,node_name=COMP_NODE_BCKWD_iter0_b0_ffwd_compute
callback,npu_id=3,curr_cycle=4833727998542,node_id=1424,node_name=COMP_NODE_BCKWD_iter0_b0_ffwd_compute
issue,npu_id=0,curr_cycle=4862590173738,node_id=221,node_name=COMP_NODE_BCKWD_iter0_b0_ffwd_compute
issue,npu_id=2,curr_cycle=4862590173738,node_id=1025,node_name=COMP_NODE_BCKWD_iter0_b0_ffwd_compute
callback,npu_id=0,curr_cycle=4862590173738,node_id=220,node_name=COMP_NODE_BCKWD_iter0_b0_attention_compute
callback,npu_id=2,curr_cycle=4862590173738,node_id=1024,node_name=COMP_NODE_BCKWD_iter0_b0_attention_compute
issue,npu_id=1,curr_cycle=4862590178771,node_id=622,node_name=COMP_NODE_BCKWD_iter0_b0_ffwd_compute
issue,npu_id=3,curr_cycle=4862590178771,node_id=1426,node_name=COMP_NODE_BCKWD_iter0_b0_ffwd_compute
callback,npu_id=1,curr_cycle=4862590178771,node_id=621,node_name=COMP_NODE_BCKWD_iter0_b0_attention_compute
callback,npu_id=3,curr_cycle=4862590178771,node_id=1425,node_name=COMP_NODE_BCKWD_iter0_b0_attention_compute
issue,npu_id=0,curr_cycle=4917565755126,node_id=222,node_name=COMP_NODE_BCKWD_iter0_b0_attention_compute
issue,npu_id=2,curr_cycle=4917565755126,node_id=1026,node_name=COMP_NODE_BCKWD_iter0_b0_attention_compute
callback,npu_id=0,curr_cycle=4917565755126,node_id=221,node_name=COMP_NODE_BCKWD_iter0_b0_ffwd_compute
callback,npu_id=2,curr_cycle=4917565755126,node_id=1025,node_name=COMP_NODE_BCKWD_iter0_b0_ffwd_compute
issue,npu_id=1,curr_cycle=4917565760159,node_id=623,node_name=COMP_NODE_BCKWD_iter0_b0_attention_compute
issue,npu_id=3,curr_cycle=4917565760159,node_id=1427,node_name=COMP_NODE_BCKWD_iter0_b0_attention_compute
callback,npu_id=1,curr_cycle=4917565760159,node_id=622,node_name=COMP_NODE_BCKWD_iter0_b0_ffwd_compute
callback,npu_id=3,curr_cycle=4917565760159,node_id=1426,node_name=COMP_NODE_BCKWD_iter0_b0_ffwd_compute
issue,npu_id=0,curr_cycle=4946427935355,node_id=223,node_name=COMP_NODE_BCKWD_iter0_b0_ffwd_compute
issue,npu_id=2,curr_cycle=4946427935355,node_id=1027,node_name=COMP_NODE_BCKWD_iter0_b0_ffwd_compute
callback,npu_id=0,curr_cycle=4946427935355,node_id=222,node_name=COMP_NODE_BCKWD_iter0_b0_attention_compute
callback,npu_id=2,curr_cycle=4946427935355,node_id=1026,node_name=COMP_NODE_BCKWD_iter0_b0_attention_compute
issue,npu_id=1,curr_cycle=4946427940388,node_id=624,node_name=COMP_NODE_BCKWD_iter0_b0_ffwd_compute
issue,npu_id=3,curr_cycle=4946427940388,node_id=1428,node_name=COMP_NODE_BCKWD_iter0_b0_ffwd_compute
callback,npu_id=1,curr_cycle=4946427940388,node_id=623,node_name=COMP_NODE_BCKWD_iter0_b0_attention_compute
callback,npu_id=3,curr_cycle=4946427940388,node_id=1427,node_name=COMP_NODE_BCKWD_iter0_b0_attention_compute
issue,npu_id=0,curr_cycle=5001403516743,node_id=224,node_name=COMP_NODE_BCKWD_iter0_b0_attention_compute
issue,npu_id=2,curr_cycle=5001403516743,node_id=1028,node_name=COMP_NODE_BCKWD_iter0_b0_attention_compute
callback,npu_id=0,curr_cycle=5001403516743,node_id=223,node_name=COMP_NODE_BCKWD_iter0_b0_ffwd_compute
callback,npu_id=2,curr_cycle=5001403516743,node_id=1027,node_name=COMP_NODE_BCKWD_iter0_b0_ffwd_compute
issue,npu_id=1,curr_cycle=5001403521776,node_id=625,node_name=COMP_NODE_BCKWD_iter0_b0_attention_compute
issue,npu_id=3,curr_cycle=5001403521776,node_id=1429,node_name=COMP_NODE_BCKWD_iter0_b0_attention_compute
callback,npu_id=1,curr_cycle=5001403521776,node_id=624,node_name=COMP_NODE_BCKWD_iter0_b0_ffwd_compute
callback,npu_id=3,curr_cycle=5001403521776,node_id=1428,node_name=COMP_NODE_BCKWD_iter0_b0_ffwd_compute
issue,npu_id=0,curr_cycle=5030265696972,node_id=226,node_name=COMP_NODE_BCKWD_iter0_b1_ffwd_compute
issue,npu_id=2,curr_cycle=5030265696972,node_id=1030,node_name=COMP_NODE_BCKWD_iter0_b1_ffwd_compute
callback,npu_id=0,curr_cycle=5030265696972,node_id=224,node_name=COMP_NODE_BCKWD_iter0_b0_attention_compute
callback,npu_id=2,curr_cycle=5030265696972,node_id=1028,node_name=COMP_NODE_BCKWD_iter0_b0_attention_compute
issue,npu_id=1,curr_cycle=5030265702005,node_id=626,node_name=COMM_SEND_NODE_BCKWD_iter0_b0_dp0pp1tp0
issue,npu_id=1,curr_cycle=5030265702005,node_id=627,node_name=COMP_NODE_BCKWD_iter0_b1_ffwd_compute
issue,npu_id=3,curr_cycle=5030265702005,node_id=1430,node_name=COMM_SEND_NODE_BCKWD_iter0_b0_dp1pp1tp0
issue,npu_id=3,curr_cycle=5030265702005,node_id=1431,node_name=COMP_NODE_BCKWD_iter0_b1_ffwd_compute
callback,npu_id=1,curr_cycle=5030265702005,node_id=625,node_name=COMP_NODE_BCKWD_iter0_b0_attention_compute
callback,npu_id=3,curr_cycle=5030265702005,node_id=1429,node_name=COMP_NODE_BCKWD_iter0_b0_attention_compute
callback,npu_id=1,curr_cycle=5030265707038,node_id=626,node_name=COMM_SEND_NODE_BCKWD_iter0_b0_dp0pp1tp0
callback,npu_id=3,curr_cycle=5030265707038,node_id=1430,node_name=COMM_SEND_NODE_BCKWD_iter0_b0_dp1pp1tp0
issue,npu_id=0,curr_cycle=5085241278360,node_id=227,node_name=COMP_NODE_BCKWD_iter0_b1_attention_compute
issue,npu_id=2,curr_cycle=5085241278360,node_id=1031,node_name=COMP_NODE_BCKWD_iter0_b1_attention_compute
callback,npu_id=0,curr_cycle=5085241278360,node_id=226,node_name=COMP_NODE_BCKWD_iter0_b1_ffwd_compute
callback,npu_id=2,curr_cycle=5085241278360,node_id=1030,node_name=COMP_NODE_BCKWD_iter0_b1_ffwd_compute
issue,npu_id=1,curr_cycle=5085241283393,node_id=628,node_name=COMP_NODE_BCKWD_iter0_b1_attention_compute
issue,npu_id=3,curr_cycle=5085241283393,node_id=1432,node_name=COMP_NODE_BCKWD_iter0_b1_attention_compute
callback,npu_id=1,curr_cycle=5085241283393,node_id=627,node_name=COMP_NODE_BCKWD_iter0_b1_ffwd_compute
callback,npu_id=3,curr_cycle=5085241283393,node_id=1431,node_name=COMP_NODE_BCKWD_iter0_b1_ffwd_compute
issue,npu_id=0,curr_cycle=5114103458589,node_id=228,node_name=COMP_NODE_BCKWD_iter0_b1_ffwd_compute
issue,npu_id=2,curr_cycle=5114103458589,node_id=1032,node_name=COMP_NODE_BCKWD_iter0_b1_ffwd_compute
callback,npu_id=0,curr_cycle=5114103458589,node_id=227,node_name=COMP_NODE_BCKWD_iter0_b1_attention_compute
callback,npu_id=2,curr_cycle=5114103458589,node_id=1031,node_name=COMP_NODE_BCKWD_iter0_b1_attention_compute
issue,npu_id=1,curr_cycle=5114103463622,node_id=629,node_name=COMP_NODE_BCKWD_iter0_b1_ffwd_compute
issue,npu_id=3,curr_cycle=5114103463622,node_id=1433,node_name=COMP_NODE_BCKWD_iter0_b1_ffwd_compute
callback,npu_id=1,curr_cycle=5114103463622,node_id=628,node_name=COMP_NODE_BCKWD_iter0_b1_attention_compute
callback,npu_id=3,curr_cycle=5114103463622,node_id=1432,node_name=COMP_NODE_BCKWD_iter0_b1_attention_compute
issue,npu_id=0,curr_cycle=5169079039977,node_id=229,node_name=COMP_NODE_BCKWD_iter0_b1_attention_compute
issue,npu_id=2,curr_cycle=5169079039977,node_id=1033,node_name=COMP_NODE_BCKWD_iter0_b1_attention_compute
callback,npu_id=0,curr_cycle=5169079039977,node_id=228,node_name=COMP_NODE_BCKWD_iter0_b1_ffwd_compute
callback,npu_id=2,curr_cycle=5169079039977,node_id=1032,node_name=COMP_NODE_BCKWD_iter0_b1_ffwd_compute
issue,npu_id=1,curr_cycle=5169079045010,node_id=630,node_name=COMP_NODE_BCKWD_iter0_b1_attention_compute
issue,npu_id=3,curr_cycle=5169079045010,node_id=1434,node_name=COMP_NODE_BCKWD_iter0_b1_attention_compute
callback,npu_id=1,curr_cycle=5169079045010,node_id=629,node_name=COMP_NODE_BCKWD_iter0_b1_ffwd_compute
callback,npu_id=3,curr_cycle=5169079045010,node_id=1433,node_name=COMP_NODE_BCKWD_iter0_b1_ffwd_compute
issue,npu_id=0,curr_cycle=5197941220206,node_id=230,node_name=COMP_NODE_BCKWD_iter0_b1_ffwd_compute
issue,npu_id=2,curr_cycle=5197941220206,node_id=1034,node_name=COMP_NODE_BCKWD_iter0_b1_ffwd_compute
callback,npu_id=0,curr_cycle=5197941220206,node_id=229,node_name=COMP_NODE_BCKWD_iter0_b1_attention_compute
callback,npu_id=2,curr_cycle=5197941220206,node_id=1033,node_name=COMP_NODE_BCKWD_iter0_b1_attention_compute
issue,npu_id=1,curr_cycle=5197941225239,node_id=631,node_name=COMP_NODE_BCKWD_iter0_b1_ffwd_compute
issue,npu_id=3,curr_cycle=5197941225239,node_id=1435,node_name=COMP_NODE_BCKWD_iter0_b1_ffwd_compute
callback,npu_id=1,curr_cycle=5197941225239,node_id=630,node_name=COMP_NODE_BCKWD_iter0_b1_attention_compute
callback,npu_id=3,curr_cycle=5197941225239,node_id=1434,node_name=COMP_NODE_BCKWD_iter0_b1_attention_compute
issue,npu_id=0,curr_cycle=5252916801594,node_id=231,node_name=COMP_NODE_BCKWD_iter0_b1_attention_compute
issue,npu_id=2,curr_cycle=5252916801594,node_id=1035,node_name=COMP_NODE_BCKWD_iter0_b1_attention_compute
callback,npu_id=0,curr_cycle=5252916801594,node_id=230,node_name=COMP_NODE_BCKWD_iter0_b1_ffwd_compute
callback,npu_id=2,curr_cycle=5252916801594,node_id=1034,node_name=COMP_NODE_BCKWD_iter0_b1_ffwd_compute
issue,npu_id=1,curr_cycle=5252916806627,node_id=632,node_name=COMP_NODE_BCKWD_iter0_b1_attention_compute
issue,npu_id=3,curr_cycle=5252916806627,node_id=1436,node_name=COMP_NODE_BCKWD_iter0_b1_attention_compute
callback,npu_id=1,curr_cycle=5252916806627,node_id=631,node_name=COMP_NODE_BCKWD_iter0_b1_ffwd_compute
callback,npu_id=3,curr_cycle=5252916806627,node_id=1435,node_name=COMP_NODE_BCKWD_iter0_b1_ffwd_compute
issue,npu_id=0,curr_cycle=5281778981823,node_id=232,node_name=COMP_NODE_BCKWD_iter0_b1_ffwd_compute
issue,npu_id=2,curr_cycle=5281778981823,node_id=1036,node_name=COMP_NODE_BCKWD_iter0_b1_ffwd_compute
callback,npu_id=0,curr_cycle=5281778981823,node_id=231,node_name=COMP_NODE_BCKWD_iter0_b1_attention_compute
callback,npu_id=2,curr_cycle=5281778981823,node_id=1035,node_name=COMP_NODE_BCKWD_iter0_b1_attention_compute
issue,npu_id=1,curr_cycle=5281778986856,node_id=633,node_name=COMP_NODE_BCKWD_iter0_b1_ffwd_compute
issue,npu_id=3,curr_cycle=5281778986856,node_id=1437,node_name=COMP_NODE_BCKWD_iter0_b1_ffwd_compute
callback,npu_id=1,curr_cycle=5281778986856,node_id=632,node_name=COMP_NODE_BCKWD_iter0_b1_attention_compute
callback,npu_id=3,curr_cycle=5281778986856,node_id=1436,node_name=COMP_NODE_BCKWD_iter0_b1_attention_compute
issue,npu_id=0,curr_cycle=5336754563211,node_id=233,node_name=COMP_NODE_BCKWD_iter0_b1_attention_compute
issue,npu_id=2,curr_cycle=5336754563211,node_id=1037,node_name=COMP_NODE_BCKWD_iter0_b1_attention_compute
callback,npu_id=0,curr_cycle=5336754563211,node_id=232,node_name=COMP_NODE_BCKWD_iter0_b1_ffwd_compute
callback,npu_id=2,curr_cycle=5336754563211,node_id=1036,node_name=COMP_NODE_BCKWD_iter0_b1_ffwd_compute
issue,npu_id=1,curr_cycle=5336754568244,node_id=634,node_name=COMP_NODE_BCKWD_iter0_b1_attention_compute
issue,npu_id=3,curr_cycle=5336754568244,node_id=1438,node_name=COMP_NODE_BCKWD_iter0_b1_attention_compute
callback,npu_id=1,curr_cycle=5336754568244,node_id=633,node_name=COMP_NODE_BCKWD_iter0_b1_ffwd_compute
callback,npu_id=3,curr_cycle=5336754568244,node_id=1437,node_name=COMP_NODE_BCKWD_iter0_b1_ffwd_compute
issue,npu_id=0,curr_cycle=5365616743440,node_id=234,node_name=COMP_NODE_BCKWD_iter0_b1_ffwd_compute
issue,npu_id=2,curr_cycle=5365616743440,node_id=1038,node_name=COMP_NODE_BCKWD_iter0_b1_ffwd_compute
callback,npu_id=0,curr_cycle=5365616743440,node_id=233,node_name=COMP_NODE_BCKWD_iter0_b1_attention_compute
callback,npu_id=2,curr_cycle=5365616743440,node_id=1037,node_name=COMP_NODE_BCKWD_iter0_b1_attention_compute
issue,npu_id=1,curr_cycle=5365616748473,node_id=635,node_name=COMP_NODE_BCKWD_iter0_b1_ffwd_compute
issue,npu_id=3,curr_cycle=5365616748473,node_id=1439,node_name=COMP_NODE_BCKWD_iter0_b1_ffwd_compute
callback,npu_id=1,curr_cycle=5365616748473,node_id=634,node_name=COMP_NODE_BCKWD_iter0_b1_attention_compute
callback,npu_id=3,curr_cycle=5365616748473,node_id=1438,node_name=COMP_NODE_BCKWD_iter0_b1_attention_compute
issue,npu_id=0,curr_cycle=5420592324828,node_id=235,node_name=COMP_NODE_BCKWD_iter0_b1_attention_compute
issue,npu_id=2,curr_cycle=5420592324828,node_id=1039,node_name=COMP_NODE_BCKWD_iter0_b1_attention_compute
callback,npu_id=0,curr_cycle=5420592324828,node_id=234,node_name=COMP_NODE_BCKWD_iter0_b1_ffwd_compute
callback,npu_id=2,curr_cycle=5420592324828,node_id=1038,node_name=COMP_NODE_BCKWD_iter0_b1_ffwd_compute
issue,npu_id=1,curr_cycle=5420592329861,node_id=636,node_name=COMP_NODE_BCKWD_iter0_b1_attention_compute
issue,npu_id=3,curr_cycle=5420592329861,node_id=1440,node_name=COMP_NODE_BCKWD_iter0_b1_attention_compute
callback,npu_id=1,curr_cycle=5420592329861,node_id=635,node_name=COMP_NODE_BCKWD_iter0_b1_ffwd_compute
callback,npu_id=3,curr_cycle=5420592329861,node_id=1439,node_name=COMP_NODE_BCKWD_iter0_b1_ffwd_compute
issue,npu_id=0,curr_cycle=5449454505057,node_id=236,node_name=COMP_NODE_BCKWD_iter0_b1_ffwd_compute
issue,npu_id=2,curr_cycle=5449454505057,node_id=1040,node_name=COMP_NODE_BCKWD_iter0_b1_ffwd_compute
callback,npu_id=0,curr_cycle=5449454505057,node_id=235,node_name=COMP_NODE_BCKWD_iter0_b1_attention_compute
callback,npu_id=2,curr_cycle=5449454505057,node_id=1039,node_name=COMP_NODE_BCKWD_iter0_b1_attention_compute
issue,npu_id=1,curr_cycle=5449454510090,node_id=637,node_name=COMP_NODE_BCKWD_iter0_b1_ffwd_compute
issue,npu_id=3,curr_cycle=5449454510090,node_id=1441,node_name=COMP_NODE_BCKWD_iter0_b1_ffwd_compute
callback,npu_id=1,curr_cycle=5449454510090,node_id=636,node_name=COMP_NODE_BCKWD_iter0_b1_attention_compute
callback,npu_id=3,curr_cycle=5449454510090,node_id=1440,node_name=COMP_NODE_BCKWD_iter0_b1_attention_compute
issue,npu_id=0,curr_cycle=5504430086445,node_id=237,node_name=COMP_NODE_BCKWD_iter0_b1_attention_compute
issue,npu_id=2,curr_cycle=5504430086445,node_id=1041,node_name=COMP_NODE_BCKWD_iter0_b1_attention_compute
callback,npu_id=0,curr_cycle=5504430086445,node_id=236,node_name=COMP_NODE_BCKWD_iter0_b1_ffwd_compute
callback,npu_id=2,curr_cycle=5504430086445,node_id=1040,node_name=COMP_NODE_BCKWD_iter0_b1_ffwd_compute
issue,npu_id=1,curr_cycle=5504430091478,node_id=638,node_name=COMP_NODE_BCKWD_iter0_b1_attention_compute
issue,npu_id=3,curr_cycle=5504430091478,node_id=1442,node_name=COMP_NODE_BCKWD_iter0_b1_attention_compute
callback,npu_id=1,curr_cycle=5504430091478,node_id=637,node_name=COMP_NODE_BCKWD_iter0_b1_ffwd_compute
callback,npu_id=3,curr_cycle=5504430091478,node_id=1441,node_name=COMP_NODE_BCKWD_iter0_b1_ffwd_compute
issue,npu_id=0,curr_cycle=5533292266674,node_id=238,node_name=COMP_NODE_BCKWD_iter0_b1_ffwd_compute
issue,npu_id=2,curr_cycle=5533292266674,node_id=1042,node_name=COMP_NODE_BCKWD_iter0_b1_ffwd_compute
callback,npu_id=0,curr_cycle=5533292266674,node_id=237,node_name=COMP_NODE_BCKWD_iter0_b1_attention_compute
callback,npu_id=2,curr_cycle=5533292266674,node_id=1041,node_name=COMP_NODE_BCKWD_iter0_b1_attention_compute
issue,npu_id=1,curr_cycle=5533292271707,node_id=639,node_name=COMP_NODE_BCKWD_iter0_b1_ffwd_compute
issue,npu_id=3,curr_cycle=5533292271707,node_id=1443,node_name=COMP_NODE_BCKWD_iter0_b1_ffwd_compute
callback,npu_id=1,curr_cycle=5533292271707,node_id=638,node_name=COMP_NODE_BCKWD_iter0_b1_attention_compute
callback,npu_id=3,curr_cycle=5533292271707,node_id=1442,node_name=COMP_NODE_BCKWD_iter0_b1_attention_compute
issue,npu_id=0,curr_cycle=5588267848062,node_id=239,node_name=COMP_NODE_BCKWD_iter0_b1_attention_compute
issue,npu_id=2,curr_cycle=5588267848062,node_id=1043,node_name=COMP_NODE_BCKWD_iter0_b1_attention_compute
callback,npu_id=0,curr_cycle=5588267848062,node_id=238,node_name=COMP_NODE_BCKWD_iter0_b1_ffwd_compute
callback,npu_id=2,curr_cycle=5588267848062,node_id=1042,node_name=COMP_NODE_BCKWD_iter0_b1_ffwd_compute
issue,npu_id=1,curr_cycle=5588267853095,node_id=640,node_name=COMP_NODE_BCKWD_iter0_b1_attention_compute
issue,npu_id=3,curr_cycle=5588267853095,node_id=1444,node_name=COMP_NODE_BCKWD_iter0_b1_attention_compute
callback,npu_id=1,curr_cycle=5588267853095,node_id=639,node_name=COMP_NODE_BCKWD_iter0_b1_ffwd_compute
callback,npu_id=3,curr_cycle=5588267853095,node_id=1443,node_name=COMP_NODE_BCKWD_iter0_b1_ffwd_compute
issue,npu_id=0,curr_cycle=5617130028291,node_id=240,node_name=COMP_NODE_BCKWD_iter0_b1_ffwd_compute
issue,npu_id=2,curr_cycle=5617130028291,node_id=1044,node_name=COMP_NODE_BCKWD_iter0_b1_ffwd_compute
callback,npu_id=0,curr_cycle=5617130028291,node_id=239,node_name=COMP_NODE_BCKWD_iter0_b1_attention_compute
callback,npu_id=2,curr_cycle=5617130028291,node_id=1043,node_name=COMP_NODE_BCKWD_iter0_b1_attention_compute
issue,npu_id=1,curr_cycle=5617130033324,node_id=641,node_name=COMP_NODE_BCKWD_iter0_b1_ffwd_compute
issue,npu_id=3,curr_cycle=5617130033324,node_id=1445,node_name=COMP_NODE_BCKWD_iter0_b1_ffwd_compute
callback,npu_id=1,curr_cycle=5617130033324,node_id=640,node_name=COMP_NODE_BCKWD_iter0_b1_attention_compute
callback,npu_id=3,curr_cycle=5617130033324,node_id=1444,node_name=COMP_NODE_BCKWD_iter0_b1_attention_compute
issue,npu_id=0,curr_cycle=5672105609679,node_id=241,node_name=COMP_NODE_BCKWD_iter0_b1_attention_compute
issue,npu_id=2,curr_cycle=5672105609679,node_id=1045,node_name=COMP_NODE_BCKWD_iter0_b1_attention_compute
callback,npu_id=0,curr_cycle=5672105609679,node_id=240,node_name=COMP_NODE_BCKWD_iter0_b1_ffwd_compute
callback,npu_id=2,curr_cycle=5672105609679,node_id=1044,node_name=COMP_NODE_BCKWD_iter0_b1_ffwd_compute
issue,npu_id=1,curr_cycle=5672105614712,node_id=642,node_name=COMP_NODE_BCKWD_iter0_b1_attention_compute
issue,npu_id=3,curr_cycle=5672105614712,node_id=1446,node_name=COMP_NODE_BCKWD_iter0_b1_attention_compute
callback,npu_id=1,curr_cycle=5672105614712,node_id=641,node_name=COMP_NODE_BCKWD_iter0_b1_ffwd_compute
callback,npu_id=3,curr_cycle=5672105614712,node_id=1445,node_name=COMP_NODE_BCKWD_iter0_b1_ffwd_compute
issue,npu_id=0,curr_cycle=5700967789908,node_id=242,node_name=COMP_NODE_BCKWD_iter0_b1_ffwd_compute
issue,npu_id=2,curr_cycle=5700967789908,node_id=1046,node_name=COMP_NODE_BCKWD_iter0_b1_ffwd_compute
callback,npu_id=0,curr_cycle=5700967789908,node_id=241,node_name=COMP_NODE_BCKWD_iter0_b1_attention_compute
callback,npu_id=2,curr_cycle=5700967789908,node_id=1045,node_name=COMP_NODE_BCKWD_iter0_b1_attention_compute
issue,npu_id=1,curr_cycle=5700967794941,node_id=643,node_name=COMP_NODE_BCKWD_iter0_b1_ffwd_compute
issue,npu_id=3,curr_cycle=5700967794941,node_id=1447,node_name=COMP_NODE_BCKWD_iter0_b1_ffwd_compute
callback,npu_id=1,curr_cycle=5700967794941,node_id=642,node_name=COMP_NODE_BCKWD_iter0_b1_attention_compute
callback,npu_id=3,curr_cycle=5700967794941,node_id=1446,node_name=COMP_NODE_BCKWD_iter0_b1_attention_compute
issue,npu_id=0,curr_cycle=5755943371296,node_id=243,node_name=COMP_NODE_BCKWD_iter0_b1_attention_compute
issue,npu_id=2,curr_cycle=5755943371296,node_id=1047,node_name=COMP_NODE_BCKWD_iter0_b1_attention_compute
callback,npu_id=0,curr_cycle=5755943371296,node_id=242,node_name=COMP_NODE_BCKWD_iter0_b1_ffwd_compute
callback,npu_id=2,curr_cycle=5755943371296,node_id=1046,node_name=COMP_NODE_BCKWD_iter0_b1_ffwd_compute
issue,npu_id=1,curr_cycle=5755943376329,node_id=644,node_name=COMP_NODE_BCKWD_iter0_b1_attention_compute
issue,npu_id=3,curr_cycle=5755943376329,node_id=1448,node_name=COMP_NODE_BCKWD_iter0_b1_attention_compute
callback,npu_id=1,curr_cycle=5755943376329,node_id=643,node_name=COMP_NODE_BCKWD_iter0_b1_ffwd_compute
callback,npu_id=3,curr_cycle=5755943376329,node_id=1447,node_name=COMP_NODE_BCKWD_iter0_b1_ffwd_compute
issue,npu_id=0,curr_cycle=5784805551525,node_id=244,node_name=COMP_NODE_BCKWD_iter0_b1_ffwd_compute
issue,npu_id=2,curr_cycle=5784805551525,node_id=1048,node_name=COMP_NODE_BCKWD_iter0_b1_ffwd_compute
callback,npu_id=0,curr_cycle=5784805551525,node_id=243,node_name=COMP_NODE_BCKWD_iter0_b1_attention_compute
callback,npu_id=2,curr_cycle=5784805551525,node_id=1047,node_name=COMP_NODE_BCKWD_iter0_b1_attention_compute
issue,npu_id=1,curr_cycle=5784805556558,node_id=645,node_name=COMP_NODE_BCKWD_iter0_b1_ffwd_compute
issue,npu_id=3,curr_cycle=5784805556558,node_id=1449,node_name=COMP_NODE_BCKWD_iter0_b1_ffwd_compute
callback,npu_id=1,curr_cycle=5784805556558,node_id=644,node_name=COMP_NODE_BCKWD_iter0_b1_attention_compute
callback,npu_id=3,curr_cycle=5784805556558,node_id=1448,node_name=COMP_NODE_BCKWD_iter0_b1_attention_compute
issue,npu_id=0,curr_cycle=5839781132913,node_id=245,node_name=COMP_NODE_BCKWD_iter0_b1_attention_compute
issue,npu_id=2,curr_cycle=5839781132913,node_id=1049,node_name=COMP_NODE_BCKWD_iter0_b1_attention_compute
callback,npu_id=0,curr_cycle=5839781132913,node_id=244,node_name=COMP_NODE_BCKWD_iter0_b1_ffwd_compute
callback,npu_id=2,curr_cycle=5839781132913,node_id=1048,node_name=COMP_NODE_BCKWD_iter0_b1_ffwd_compute
issue,npu_id=1,curr_cycle=5839781137946,node_id=646,node_name=COMP_NODE_BCKWD_iter0_b1_attention_compute
issue,npu_id=3,curr_cycle=5839781137946,node_id=1450,node_name=COMP_NODE_BCKWD_iter0_b1_attention_compute
callback,npu_id=1,curr_cycle=5839781137946,node_id=645,node_name=COMP_NODE_BCKWD_iter0_b1_ffwd_compute
callback,npu_id=3,curr_cycle=5839781137946,node_id=1449,node_name=COMP_NODE_BCKWD_iter0_b1_ffwd_compute
issue,npu_id=0,curr_cycle=5868643313142,node_id=246,node_name=COMP_NODE_BCKWD_iter0_b1_ffwd_compute
issue,npu_id=2,curr_cycle=5868643313142,node_id=1050,node_name=COMP_NODE_BCKWD_iter0_b1_ffwd_compute
callback,npu_id=0,curr_cycle=5868643313142,node_id=245,node_name=COMP_NODE_BCKWD_iter0_b1_attention_compute
callback,npu_id=2,curr_cycle=5868643313142,node_id=1049,node_name=COMP_NODE_BCKWD_iter0_b1_attention_compute
issue,npu_id=1,curr_cycle=5868643318175,node_id=647,node_name=COMP_NODE_BCKWD_iter0_b1_ffwd_compute
issue,npu_id=3,curr_cycle=5868643318175,node_id=1451,node_name=COMP_NODE_BCKWD_iter0_b1_ffwd_compute
callback,npu_id=1,curr_cycle=5868643318175,node_id=646,node_name=COMP_NODE_BCKWD_iter0_b1_attention_compute
callback,npu_id=3,curr_cycle=5868643318175,node_id=1450,node_name=COMP_NODE_BCKWD_iter0_b1_attention_compute
issue,npu_id=0,curr_cycle=5923618894530,node_id=247,node_name=COMP_NODE_BCKWD_iter0_b1_attention_compute
issue,npu_id=2,curr_cycle=5923618894530,node_id=1051,node_name=COMP_NODE_BCKWD_iter0_b1_attention_compute
callback,npu_id=0,curr_cycle=5923618894530,node_id=246,node_name=COMP_NODE_BCKWD_iter0_b1_ffwd_compute
callback,npu_id=2,curr_cycle=5923618894530,node_id=1050,node_name=COMP_NODE_BCKWD_iter0_b1_ffwd_compute
issue,npu_id=1,curr_cycle=5923618899563,node_id=648,node_name=COMP_NODE_BCKWD_iter0_b1_attention_compute
issue,npu_id=3,curr_cycle=5923618899563,node_id=1452,node_name=COMP_NODE_BCKWD_iter0_b1_attention_compute
callback,npu_id=1,curr_cycle=5923618899563,node_id=647,node_name=COMP_NODE_BCKWD_iter0_b1_ffwd_compute
callback,npu_id=3,curr_cycle=5923618899563,node_id=1451,node_name=COMP_NODE_BCKWD_iter0_b1_ffwd_compute
issue,npu_id=0,curr_cycle=5952481074759,node_id=248,node_name=COMP_NODE_BCKWD_iter0_b1_ffwd_compute
issue,npu_id=2,curr_cycle=5952481074759,node_id=1052,node_name=COMP_NODE_BCKWD_iter0_b1_ffwd_compute
callback,npu_id=0,curr_cycle=5952481074759,node_id=247,node_name=COMP_NODE_BCKWD_iter0_b1_attention_compute
callback,npu_id=2,curr_cycle=5952481074759,node_id=1051,node_name=COMP_NODE_BCKWD_iter0_b1_attention_compute
issue,npu_id=1,curr_cycle=5952481079792,node_id=649,node_name=COMP_NODE_BCKWD_iter0_b1_ffwd_compute
issue,npu_id=3,curr_cycle=5952481079792,node_id=1453,node_name=COMP_NODE_BCKWD_iter0_b1_ffwd_compute
callback,npu_id=1,curr_cycle=5952481079792,node_id=648,node_name=COMP_NODE_BCKWD_iter0_b1_attention_compute
callback,npu_id=3,curr_cycle=5952481079792,node_id=1452,node_name=COMP_NODE_BCKWD_iter0_b1_attention_compute
issue,npu_id=0,curr_cycle=6007456656147,node_id=249,node_name=COMP_NODE_BCKWD_iter0_b1_attention_compute
issue,npu_id=2,curr_cycle=6007456656147,node_id=1053,node_name=COMP_NODE_BCKWD_iter0_b1_attention_compute
callback,npu_id=0,curr_cycle=6007456656147,node_id=248,node_name=COMP_NODE_BCKWD_iter0_b1_ffwd_compute
callback,npu_id=2,curr_cycle=6007456656147,node_id=1052,node_name=COMP_NODE_BCKWD_iter0_b1_ffwd_compute
issue,npu_id=1,curr_cycle=6007456661180,node_id=650,node_name=COMP_NODE_BCKWD_iter0_b1_attention_compute
issue,npu_id=3,curr_cycle=6007456661180,node_id=1454,node_name=COMP_NODE_BCKWD_iter0_b1_attention_compute
callback,npu_id=1,curr_cycle=6007456661180,node_id=649,node_name=COMP_NODE_BCKWD_iter0_b1_ffwd_compute
callback,npu_id=3,curr_cycle=6007456661180,node_id=1453,node_name=COMP_NODE_BCKWD_iter0_b1_ffwd_compute
issue,npu_id=0,curr_cycle=6036318836376,node_id=251,node_name=COMP_NODE_BCKWD_iter0_b2_ffwd_compute
issue,npu_id=2,curr_cycle=6036318836376,node_id=1055,node_name=COMP_NODE_BCKWD_iter0_b2_ffwd_compute
callback,npu_id=0,curr_cycle=6036318836376,node_id=249,node_name=COMP_NODE_BCKWD_iter0_b1_attention_compute
callback,npu_id=2,curr_cycle=6036318836376,node_id=1053,node_name=COMP_NODE_BCKWD_iter0_b1_attention_compute
issue,npu_id=1,curr_cycle=6036318841409,node_id=651,node_name=COMM_SEND_NODE_BCKWD_iter0_b1_dp0pp1tp0
issue,npu_id=1,curr_cycle=6036318841409,node_id=652,node_name=COMP_NODE_BCKWD_iter0_b2_ffwd_compute
issue,npu_id=3,curr_cycle=6036318841409,node_id=1455,node_name=COMM_SEND_NODE_BCKWD_iter0_b1_dp1pp1tp0
issue,npu_id=3,curr_cycle=6036318841409,node_id=1456,node_name=COMP_NODE_BCKWD_iter0_b2_ffwd_compute
callback,npu_id=1,curr_cycle=6036318841409,node_id=650,node_name=COMP_NODE_BCKWD_iter0_b1_attention_compute
callback,npu_id=3,curr_cycle=6036318841409,node_id=1454,node_name=COMP_NODE_BCKWD_iter0_b1_attention_compute
callback,npu_id=1,curr_cycle=6036318846442,node_id=651,node_name=COMM_SEND_NODE_BCKWD_iter0_b1_dp0pp1tp0
callback,npu_id=3,curr_cycle=6036318846442,node_id=1455,node_name=COMM_SEND_NODE_BCKWD_iter0_b1_dp1pp1tp0
issue,npu_id=0,curr_cycle=6091294417764,node_id=252,node_name=COMP_NODE_BCKWD_iter0_b2_attention_compute
issue,npu_id=2,curr_cycle=6091294417764,node_id=1056,node_name=COMP_NODE_BCKWD_iter0_b2_attention_compute
callback,npu_id=0,curr_cycle=6091294417764,node_id=251,node_name=COMP_NODE_BCKWD_iter0_b2_ffwd_compute
callback,npu_id=2,curr_cycle=6091294417764,node_id=1055,node_name=COMP_NODE_BCKWD_iter0_b2_ffwd_compute
issue,npu_id=1,curr_cycle=6091294422797,node_id=653,node_name=COMP_NODE_BCKWD_iter0_b2_attention_compute
issue,npu_id=3,curr_cycle=6091294422797,node_id=1457,node_name=COMP_NODE_BCKWD_iter0_b2_attention_compute
callback,npu_id=1,curr_cycle=6091294422797,node_id=652,node_name=COMP_NODE_BCKWD_iter0_b2_ffwd_compute
callback,npu_id=3,curr_cycle=6091294422797,node_id=1456,node_name=COMP_NODE_BCKWD_iter0_b2_ffwd_compute
issue,npu_id=0,curr_cycle=6120156597993,node_id=253,node_name=COMP_NODE_BCKWD_iter0_b2_ffwd_compute
issue,npu_id=2,curr_cycle=6120156597993,node_id=1057,node_name=COMP_NODE_BCKWD_iter0_b2_ffwd_compute
callback,npu_id=0,curr_cycle=6120156597993,node_id=252,node_name=COMP_NODE_BCKWD_iter0_b2_attention_compute
callback,npu_id=2,curr_cycle=6120156597993,node_id=1056,node_name=COMP_NODE_BCKWD_iter0_b2_attention_compute
issue,npu_id=1,curr_cycle=6120156603026,node_id=654,node_name=COMP_NODE_BCKWD_iter0_b2_ffwd_compute
issue,npu_id=3,curr_cycle=6120156603026,node_id=1458,node_name=COMP_NODE_BCKWD_iter0_b2_ffwd_compute
callback,npu_id=1,curr_cycle=6120156603026,node_id=653,node_name=COMP_NODE_BCKWD_iter0_b2_attention_compute
callback,npu_id=3,curr_cycle=6120156603026,node_id=1457,node_name=COMP_NODE_BCKWD_iter0_b2_attention_compute
issue,npu_id=0,curr_cycle=6175132179381,node_id=254,node_name=COMP_NODE_BCKWD_iter0_b2_attention_compute
issue,npu_id=2,curr_cycle=6175132179381,node_id=1058,node_name=COMP_NODE_BCKWD_iter0_b2_attention_compute
callback,npu_id=0,curr_cycle=6175132179381,node_id=253,node_name=COMP_NODE_BCKWD_iter0_b2_ffwd_compute
callback,npu_id=2,curr_cycle=6175132179381,node_id=1057,node_name=COMP_NODE_BCKWD_iter0_b2_ffwd_compute
issue,npu_id=1,curr_cycle=6175132184414,node_id=655,node_name=COMP_NODE_BCKWD_iter0_b2_attention_compute
issue,npu_id=3,curr_cycle=6175132184414,node_id=1459,node_name=COMP_NODE_BCKWD_iter0_b2_attention_compute
callback,npu_id=1,curr_cycle=6175132184414,node_id=654,node_name=COMP_NODE_BCKWD_iter0_b2_ffwd_compute
callback,npu_id=3,curr_cycle=6175132184414,node_id=1458,node_name=COMP_NODE_BCKWD_iter0_b2_ffwd_compute
issue,npu_id=0,curr_cycle=6203994359610,node_id=255,node_name=COMP_NODE_BCKWD_iter0_b2_ffwd_compute
issue,npu_id=2,curr_cycle=6203994359610,node_id=1059,node_name=COMP_NODE_BCKWD_iter0_b2_ffwd_compute
callback,npu_id=0,curr_cycle=6203994359610,node_id=254,node_name=COMP_NODE_BCKWD_iter0_b2_attention_compute
callback,npu_id=2,curr_cycle=6203994359610,node_id=1058,node_name=COMP_NODE_BCKWD_iter0_b2_attention_compute
issue,npu_id=1,curr_cycle=6203994364643,node_id=656,node_name=COMP_NODE_BCKWD_iter0_b2_ffwd_compute
issue,npu_id=3,curr_cycle=6203994364643,node_id=1460,node_name=COMP_NODE_BCKWD_iter0_b2_ffwd_compute
callback,npu_id=1,curr_cycle=6203994364643,node_id=655,node_name=COMP_NODE_BCKWD_iter0_b2_attention_compute
callback,npu_id=3,curr_cycle=6203994364643,node_id=1459,node_name=COMP_NODE_BCKWD_iter0_b2_attention_compute
issue,npu_id=0,curr_cycle=6258969940998,node_id=256,node_name=COMP_NODE_BCKWD_iter0_b2_attention_compute
issue,npu_id=2,curr_cycle=6258969940998,node_id=1060,node_name=COMP_NODE_BCKWD_iter0_b2_attention_compute
callback,npu_id=0,curr_cycle=6258969940998,node_id=255,node_name=COMP_NODE_BCKWD_iter0_b2_ffwd_compute
callback,npu_id=2,curr_cycle=6258969940998,node_id=1059,node_name=COMP_NODE_BCKWD_iter0_b2_ffwd_compute
issue,npu_id=1,curr_cycle=6258969946031,node_id=657,node_name=COMP_NODE_BCKWD_iter0_b2_attention_compute
issue,npu_id=3,curr_cycle=6258969946031,node_id=1461,node_name=COMP_NODE_BCKWD_iter0_b2_attention_compute
callback,npu_id=1,curr_cycle=6258969946031,node_id=656,node_name=COMP_NODE_BCKWD_iter0_b2_ffwd_compute
callback,npu_id=3,curr_cycle=6258969946031,node_id=1460,node_name=COMP_NODE_BCKWD_iter0_b2_ffwd_compute
issue,npu_id=0,curr_cycle=6287832121227,node_id=257,node_name=COMP_NODE_BCKWD_iter0_b2_ffwd_compute
issue,npu_id=2,curr_cycle=6287832121227,node_id=1061,node_name=COMP_NODE_BCKWD_iter0_b2_ffwd_compute
callback,npu_id=0,curr_cycle=6287832121227,node_id=256,node_name=COMP_NODE_BCKWD_iter0_b2_attention_compute
callback,npu_id=2,curr_cycle=6287832121227,node_id=1060,node_name=COMP_NODE_BCKWD_iter0_b2_attention_compute
issue,npu_id=1,curr_cycle=6287832126260,node_id=658,node_name=COMP_NODE_BCKWD_iter0_b2_ffwd_compute
issue,npu_id=3,curr_cycle=6287832126260,node_id=1462,node_name=COMP_NODE_BCKWD_iter0_b2_ffwd_compute
callback,npu_id=1,curr_cycle=6287832126260,node_id=657,node_name=COMP_NODE_BCKWD_iter0_b2_attention_compute
callback,npu_id=3,curr_cycle=6287832126260,node_id=1461,node_name=COMP_NODE_BCKWD_iter0_b2_attention_compute
issue,npu_id=0,curr_cycle=6342807702615,node_id=258,node_name=COMP_NODE_BCKWD_iter0_b2_attention_compute
issue,npu_id=2,curr_cycle=6342807702615,node_id=1062,node_name=COMP_NODE_BCKWD_iter0_b2_attention_compute
callback,npu_id=0,curr_cycle=6342807702615,node_id=257,node_name=COMP_NODE_BCKWD_iter0_b2_ffwd_compute
callback,npu_id=2,curr_cycle=6342807702615,node_id=1061,node_name=COMP_NODE_BCKWD_iter0_b2_ffwd_compute
issue,npu_id=1,curr_cycle=6342807707648,node_id=659,node_name=COMP_NODE_BCKWD_iter0_b2_attention_compute
issue,npu_id=3,curr_cycle=6342807707648,node_id=1463,node_name=COMP_NODE_BCKWD_iter0_b2_attention_compute
callback,npu_id=1,curr_cycle=6342807707648,node_id=658,node_name=COMP_NODE_BCKWD_iter0_b2_ffwd_compute
callback,npu_id=3,curr_cycle=6342807707648,node_id=1462,node_name=COMP_NODE_BCKWD_iter0_b2_ffwd_compute
issue,npu_id=0,curr_cycle=6371669882844,node_id=259,node_name=COMP_NODE_BCKWD_iter0_b2_ffwd_compute
issue,npu_id=2,curr_cycle=6371669882844,node_id=1063,node_name=COMP_NODE_BCKWD_iter0_b2_ffwd_compute
callback,npu_id=0,curr_cycle=6371669882844,node_id=258,node_name=COMP_NODE_BCKWD_iter0_b2_attention_compute
callback,npu_id=2,curr_cycle=6371669882844,node_id=1062,node_name=COMP_NODE_BCKWD_iter0_b2_attention_compute
issue,npu_id=1,curr_cycle=6371669887877,node_id=660,node_name=COMP_NODE_BCKWD_iter0_b2_ffwd_compute
issue,npu_id=3,curr_cycle=6371669887877,node_id=1464,node_name=COMP_NODE_BCKWD_iter0_b2_ffwd_compute
callback,npu_id=1,curr_cycle=6371669887877,node_id=659,node_name=COMP_NODE_BCKWD_iter0_b2_attention_compute
callback,npu_id=3,curr_cycle=6371669887877,node_id=1463,node_name=COMP_NODE_BCKWD_iter0_b2_attention_compute
issue,npu_id=0,curr_cycle=6426645464232,node_id=260,node_name=COMP_NODE_BCKWD_iter0_b2_attention_compute
issue,npu_id=2,curr_cycle=6426645464232,node_id=1064,node_name=COMP_NODE_BCKWD_iter0_b2_attention_compute
callback,npu_id=0,curr_cycle=6426645464232,node_id=259,node_name=COMP_NODE_BCKWD_iter0_b2_ffwd_compute
callback,npu_id=2,curr_cycle=6426645464232,node_id=1063,node_name=COMP_NODE_BCKWD_iter0_b2_ffwd_compute
issue,npu_id=1,curr_cycle=6426645469265,node_id=661,node_name=COMP_NODE_BCKWD_iter0_b2_attention_compute
issue,npu_id=3,curr_cycle=6426645469265,node_id=1465,node_name=COMP_NODE_BCKWD_iter0_b2_attention_compute
callback,npu_id=1,curr_cycle=6426645469265,node_id=660,node_name=COMP_NODE_BCKWD_iter0_b2_ffwd_compute
callback,npu_id=3,curr_cycle=6426645469265,node_id=1464,node_name=COMP_NODE_BCKWD_iter0_b2_ffwd_compute
issue,npu_id=0,curr_cycle=6455507644461,node_id=261,node_name=COMP_NODE_BCKWD_iter0_b2_ffwd_compute
issue,npu_id=2,curr_cycle=6455507644461,node_id=1065,node_name=COMP_NODE_BCKWD_iter0_b2_ffwd_compute
callback,npu_id=0,curr_cycle=6455507644461,node_id=260,node_name=COMP_NODE_BCKWD_iter0_b2_attention_compute
callback,npu_id=2,curr_cycle=6455507644461,node_id=1064,node_name=COMP_NODE_BCKWD_iter0_b2_attention_compute
issue,npu_id=1,curr_cycle=6455507649494,node_id=662,node_name=COMP_NODE_BCKWD_iter0_b2_ffwd_compute
issue,npu_id=3,curr_cycle=6455507649494,node_id=1466,node_name=COMP_NODE_BCKWD_iter0_b2_ffwd_compute
callback,npu_id=1,curr_cycle=6455507649494,node_id=661,node_name=COMP_NODE_BCKWD_iter0_b2_attention_compute
callback,npu_id=3,curr_cycle=6455507649494,node_id=1465,node_name=COMP_NODE_BCKWD_iter0_b2_attention_compute
issue,npu_id=0,curr_cycle=6510483225849,node_id=262,node_name=COMP_NODE_BCKWD_iter0_b2_attention_compute
issue,npu_id=2,curr_cycle=6510483225849,node_id=1066,node_name=COMP_NODE_BCKWD_iter0_b2_attention_compute
callback,npu_id=0,curr_cycle=6510483225849,node_id=261,node_name=COMP_NODE_BCKWD_iter0_b2_ffwd_compute
callback,npu_id=2,curr_cycle=6510483225849,node_id=1065,node_name=COMP_NODE_BCKWD_iter0_b2_ffwd_compute
issue,npu_id=1,curr_cycle=6510483230882,node_id=663,node_name=COMP_NODE_BCKWD_iter0_b2_attention_compute
issue,npu_id=3,curr_cycle=6510483230882,node_id=1467,node_name=COMP_NODE_BCKWD_iter0_b2_attention_compute
callback,npu_id=1,curr_cycle=6510483230882,node_id=662,node_name=COMP_NODE_BCKWD_iter0_b2_ffwd_compute
callback,npu_id=3,curr_cycle=6510483230882,node_id=1466,node_name=COMP_NODE_BCKWD_iter0_b2_ffwd_compute
issue,npu_id=0,curr_cycle=6539345406078,node_id=263,node_name=COMP_NODE_BCKWD_iter0_b2_ffwd_compute
issue,npu_id=2,curr_cycle=6539345406078,node_id=1067,node_name=COMP_NODE_BCKWD_iter0_b2_ffwd_compute
callback,npu_id=0,curr_cycle=6539345406078,node_id=262,node_name=COMP_NODE_BCKWD_iter0_b2_attention_compute
callback,npu_id=2,curr_cycle=6539345406078,node_id=1066,node_name=COMP_NODE_BCKWD_iter0_b2_attention_compute
issue,npu_id=1,curr_cycle=6539345411111,node_id=664,node_name=COMP_NODE_BCKWD_iter0_b2_ffwd_compute
issue,npu_id=3,curr_cycle=6539345411111,node_id=1468,node_name=COMP_NODE_BCKWD_iter0_b2_ffwd_compute
callback,npu_id=1,curr_cycle=6539345411111,node_id=663,node_name=COMP_NODE_BCKWD_iter0_b2_attention_compute
callback,npu_id=3,curr_cycle=6539345411111,node_id=1467,node_name=COMP_NODE_BCKWD_iter0_b2_attention_compute
issue,npu_id=0,curr_cycle=6594320987466,node_id=264,node_name=COMP_NODE_BCKWD_iter0_b2_attention_compute
issue,npu_id=2,curr_cycle=6594320987466,node_id=1068,node_name=COMP_NODE_BCKWD_iter0_b2_attention_compute
callback,npu_id=0,curr_cycle=6594320987466,node_id=263,node_name=COMP_NODE_BCKWD_iter0_b2_ffwd_compute
callback,npu_id=2,curr_cycle=6594320987466,node_id=1067,node_name=COMP_NODE_BCKWD_iter0_b2_ffwd_compute
issue,npu_id=1,curr_cycle=6594320992499,node_id=665,node_name=COMP_NODE_BCKWD_iter0_b2_attention_compute
issue,npu_id=3,curr_cycle=6594320992499,node_id=1469,node_name=COMP_NODE_BCKWD_iter0_b2_attention_compute
callback,npu_id=1,curr_cycle=6594320992499,node_id=664,node_name=COMP_NODE_BCKWD_iter0_b2_ffwd_compute
callback,npu_id=3,curr_cycle=6594320992499,node_id=1468,node_name=COMP_NODE_BCKWD_iter0_b2_ffwd_compute
issue,npu_id=0,curr_cycle=6623183167695,node_id=265,node_name=COMP_NODE_BCKWD_iter0_b2_ffwd_compute
issue,npu_id=2,curr_cycle=6623183167695,node_id=1069,node_name=COMP_NODE_BCKWD_iter0_b2_ffwd_compute
callback,npu_id=0,curr_cycle=6623183167695,node_id=264,node_name=COMP_NODE_BCKWD_iter0_b2_attention_compute
callback,npu_id=2,curr_cycle=6623183167695,node_id=1068,node_name=COMP_NODE_BCKWD_iter0_b2_attention_compute
issue,npu_id=1,curr_cycle=6623183172728,node_id=666,node_name=COMP_NODE_BCKWD_iter0_b2_ffwd_compute
issue,npu_id=3,curr_cycle=6623183172728,node_id=1470,node_name=COMP_NODE_BCKWD_iter0_b2_ffwd_compute
callback,npu_id=1,curr_cycle=6623183172728,node_id=665,node_name=COMP_NODE_BCKWD_iter0_b2_attention_compute
callback,npu_id=3,curr_cycle=6623183172728,node_id=1469,node_name=COMP_NODE_BCKWD_iter0_b2_attention_compute
issue,npu_id=0,curr_cycle=6678158749083,node_id=266,node_name=COMP_NODE_BCKWD_iter0_b2_attention_compute
issue,npu_id=2,curr_cycle=6678158749083,node_id=1070,node_name=COMP_NODE_BCKWD_iter0_b2_attention_compute
callback,npu_id=0,curr_cycle=6678158749083,node_id=265,node_name=COMP_NODE_BCKWD_iter0_b2_ffwd_compute
callback,npu_id=2,curr_cycle=6678158749083,node_id=1069,node_name=COMP_NODE_BCKWD_iter0_b2_ffwd_compute
issue,npu_id=1,curr_cycle=6678158754116,node_id=667,node_name=COMP_NODE_BCKWD_iter0_b2_attention_compute
issue,npu_id=3,curr_cycle=6678158754116,node_id=1471,node_name=COMP_NODE_BCKWD_iter0_b2_attention_compute
callback,npu_id=1,curr_cycle=6678158754116,node_id=666,node_name=COMP_NODE_BCKWD_iter0_b2_ffwd_compute
callback,npu_id=3,curr_cycle=6678158754116,node_id=1470,node_name=COMP_NODE_BCKWD_iter0_b2_ffwd_compute
issue,npu_id=0,curr_cycle=6707020929312,node_id=267,node_name=COMP_NODE_BCKWD_iter0_b2_ffwd_compute
issue,npu_id=2,curr_cycle=6707020929312,node_id=1071,node_name=COMP_NODE_BCKWD_iter0_b2_ffwd_compute
callback,npu_id=0,curr_cycle=6707020929312,node_id=266,node_name=COMP_NODE_BCKWD_iter0_b2_attention_compute
callback,npu_id=2,curr_cycle=6707020929312,node_id=1070,node_name=COMP_NODE_BCKWD_iter0_b2_attention_compute
issue,npu_id=1,curr_cycle=6707020934345,node_id=668,node_name=COMP_NODE_BCKWD_iter0_b2_ffwd_compute
issue,npu_id=3,curr_cycle=6707020934345,node_id=1472,node_name=COMP_NODE_BCKWD_iter0_b2_ffwd_compute
callback,npu_id=1,curr_cycle=6707020934345,node_id=667,node_name=COMP_NODE_BCKWD_iter0_b2_attention_compute
callback,npu_id=3,curr_cycle=6707020934345,node_id=1471,node_name=COMP_NODE_BCKWD_iter0_b2_attention_compute
issue,npu_id=0,curr_cycle=6761996510700,node_id=268,node_name=COMP_NODE_BCKWD_iter0_b2_attention_compute
issue,npu_id=2,curr_cycle=6761996510700,node_id=1072,node_name=COMP_NODE_BCKWD_iter0_b2_attention_compute
callback,npu_id=0,curr_cycle=6761996510700,node_id=267,node_name=COMP_NODE_BCKWD_iter0_b2_ffwd_compute
callback,npu_id=2,curr_cycle=6761996510700,node_id=1071,node_name=COMP_NODE_BCKWD_iter0_b2_ffwd_compute
issue,npu_id=1,curr_cycle=6761996515733,node_id=669,node_name=COMP_NODE_BCKWD_iter0_b2_attention_compute
issue,npu_id=3,curr_cycle=6761996515733,node_id=1473,node_name=COMP_NODE_BCKWD_iter0_b2_attention_compute
callback,npu_id=1,curr_cycle=6761996515733,node_id=668,node_name=COMP_NODE_BCKWD_iter0_b2_ffwd_compute
callback,npu_id=3,curr_cycle=6761996515733,node_id=1472,node_name=COMP_NODE_BCKWD_iter0_b2_ffwd_compute
issue,npu_id=0,curr_cycle=6790858690929,node_id=269,node_name=COMP_NODE_BCKWD_iter0_b2_ffwd_compute
issue,npu_id=2,curr_cycle=6790858690929,node_id=1073,node_name=COMP_NODE_BCKWD_iter0_b2_ffwd_compute
callback,npu_id=0,curr_cycle=6790858690929,node_id=268,node_name=COMP_NODE_BCKWD_iter0_b2_attention_compute
callback,npu_id=2,curr_cycle=6790858690929,node_id=1072,node_name=COMP_NODE_BCKWD_iter0_b2_attention_compute
issue,npu_id=1,curr_cycle=6790858695962,node_id=670,node_name=COMP_NODE_BCKWD_iter0_b2_ffwd_compute
issue,npu_id=3,curr_cycle=6790858695962,node_id=1474,node_name=COMP_NODE_BCKWD_iter0_b2_ffwd_compute
callback,npu_id=1,curr_cycle=6790858695962,node_id=669,node_name=COMP_NODE_BCKWD_iter0_b2_attention_compute
callback,npu_id=3,curr_cycle=6790858695962,node_id=1473,node_name=COMP_NODE_BCKWD_iter0_b2_attention_compute
issue,npu_id=0,curr_cycle=6845834272317,node_id=270,node_name=COMP_NODE_BCKWD_iter0_b2_attention_compute
issue,npu_id=2,curr_cycle=6845834272317,node_id=1074,node_name=COMP_NODE_BCKWD_iter0_b2_attention_compute
callback,npu_id=0,curr_cycle=6845834272317,node_id=269,node_name=COMP_NODE_BCKWD_iter0_b2_ffwd_compute
callback,npu_id=2,curr_cycle=6845834272317,node_id=1073,node_name=COMP_NODE_BCKWD_iter0_b2_ffwd_compute
issue,npu_id=1,curr_cycle=6845834277350,node_id=671,node_name=COMP_NODE_BCKWD_iter0_b2_attention_compute
issue,npu_id=3,curr_cycle=6845834277350,node_id=1475,node_name=COMP_NODE_BCKWD_iter0_b2_attention_compute
callback,npu_id=1,curr_cycle=6845834277350,node_id=670,node_name=COMP_NODE_BCKWD_iter0_b2_ffwd_compute
callback,npu_id=3,curr_cycle=6845834277350,node_id=1474,node_name=COMP_NODE_BCKWD_iter0_b2_ffwd_compute
issue,npu_id=0,curr_cycle=6874696452546,node_id=271,node_name=COMP_NODE_BCKWD_iter0_b2_ffwd_compute
issue,npu_id=2,curr_cycle=6874696452546,node_id=1075,node_name=COMP_NODE_BCKWD_iter0_b2_ffwd_compute
callback,npu_id=0,curr_cycle=6874696452546,node_id=270,node_name=COMP_NODE_BCKWD_iter0_b2_attention_compute
callback,npu_id=2,curr_cycle=6874696452546,node_id=1074,node_name=COMP_NODE_BCKWD_iter0_b2_attention_compute
issue,npu_id=1,curr_cycle=6874696457579,node_id=672,node_name=COMP_NODE_BCKWD_iter0_b2_ffwd_compute
issue,npu_id=3,curr_cycle=6874696457579,node_id=1476,node_name=COMP_NODE_BCKWD_iter0_b2_ffwd_compute
callback,npu_id=1,curr_cycle=6874696457579,node_id=671,node_name=COMP_NODE_BCKWD_iter0_b2_attention_compute
callback,npu_id=3,curr_cycle=6874696457579,node_id=1475,node_name=COMP_NODE_BCKWD_iter0_b2_attention_compute
issue,npu_id=0,curr_cycle=6929672033934,node_id=272,node_name=COMP_NODE_BCKWD_iter0_b2_attention_compute
issue,npu_id=2,curr_cycle=6929672033934,node_id=1076,node_name=COMP_NODE_BCKWD_iter0_b2_attention_compute
callback,npu_id=0,curr_cycle=6929672033934,node_id=271,node_name=COMP_NODE_BCKWD_iter0_b2_ffwd_compute
callback,npu_id=2,curr_cycle=6929672033934,node_id=1075,node_name=COMP_NODE_BCKWD_iter0_b2_ffwd_compute
issue,npu_id=1,curr_cycle=6929672038967,node_id=673,node_name=COMP_NODE_BCKWD_iter0_b2_attention_compute
issue,npu_id=3,curr_cycle=6929672038967,node_id=1477,node_name=COMP_NODE_BCKWD_iter0_b2_attention_compute
callback,npu_id=1,curr_cycle=6929672038967,node_id=672,node_name=COMP_NODE_BCKWD_iter0_b2_ffwd_compute
callback,npu_id=3,curr_cycle=6929672038967,node_id=1476,node_name=COMP_NODE_BCKWD_iter0_b2_ffwd_compute
issue,npu_id=0,curr_cycle=6958534214163,node_id=273,node_name=COMP_NODE_BCKWD_iter0_b2_ffwd_compute
issue,npu_id=2,curr_cycle=6958534214163,node_id=1077,node_name=COMP_NODE_BCKWD_iter0_b2_ffwd_compute
callback,npu_id=0,curr_cycle=6958534214163,node_id=272,node_name=COMP_NODE_BCKWD_iter0_b2_attention_compute
callback,npu_id=2,curr_cycle=6958534214163,node_id=1076,node_name=COMP_NODE_BCKWD_iter0_b2_attention_compute
issue,npu_id=1,curr_cycle=6958534219196,node_id=674,node_name=COMP_NODE_BCKWD_iter0_b2_ffwd_compute
issue,npu_id=3,curr_cycle=6958534219196,node_id=1478,node_name=COMP_NODE_BCKWD_iter0_b2_ffwd_compute
callback,npu_id=1,curr_cycle=6958534219196,node_id=673,node_name=COMP_NODE_BCKWD_iter0_b2_attention_compute
callback,npu_id=3,curr_cycle=6958534219196,node_id=1477,node_name=COMP_NODE_BCKWD_iter0_b2_attention_compute
issue,npu_id=0,curr_cycle=7013509795551,node_id=274,node_name=COMP_NODE_BCKWD_iter0_b2_attention_compute
issue,npu_id=2,curr_cycle=7013509795551,node_id=1078,node_name=COMP_NODE_BCKWD_iter0_b2_attention_compute
callback,npu_id=0,curr_cycle=7013509795551,node_id=273,node_name=COMP_NODE_BCKWD_iter0_b2_ffwd_compute
callback,npu_id=2,curr_cycle=7013509795551,node_id=1077,node_name=COMP_NODE_BCKWD_iter0_b2_ffwd_compute
issue,npu_id=1,curr_cycle=7013509800584,node_id=675,node_name=COMP_NODE_BCKWD_iter0_b2_attention_compute
issue,npu_id=3,curr_cycle=7013509800584,node_id=1479,node_name=COMP_NODE_BCKWD_iter0_b2_attention_compute
callback,npu_id=1,curr_cycle=7013509800584,node_id=674,node_name=COMP_NODE_BCKWD_iter0_b2_ffwd_compute
callback,npu_id=3,curr_cycle=7013509800584,node_id=1478,node_name=COMP_NODE_BCKWD_iter0_b2_ffwd_compute
issue,npu_id=0,curr_cycle=7042371975780,node_id=276,node_name=COMP_NODE_BCKWD_iter0_b3_ffwd_compute
issue,npu_id=2,curr_cycle=7042371975780,node_id=1080,node_name=COMP_NODE_BCKWD_iter0_b3_ffwd_compute
callback,npu_id=0,curr_cycle=7042371975780,node_id=274,node_name=COMP_NODE_BCKWD_iter0_b2_attention_compute
callback,npu_id=2,curr_cycle=7042371975780,node_id=1078,node_name=COMP_NODE_BCKWD_iter0_b2_attention_compute
issue,npu_id=1,curr_cycle=7042371980813,node_id=676,node_name=COMM_SEND_NODE_BCKWD_iter0_b2_dp0pp1tp0
issue,npu_id=1,curr_cycle=7042371980813,node_id=677,node_name=COMP_NODE_BCKWD_iter0_b3_ffwd_compute
issue,npu_id=3,curr_cycle=7042371980813,node_id=1480,node_name=COMM_SEND_NODE_BCKWD_iter0_b2_dp1pp1tp0
issue,npu_id=3,curr_cycle=7042371980813,node_id=1481,node_name=COMP_NODE_BCKWD_iter0_b3_ffwd_compute
callback,npu_id=1,curr_cycle=7042371980813,node_id=675,node_name=COMP_NODE_BCKWD_iter0_b2_attention_compute
callback,npu_id=3,curr_cycle=7042371980813,node_id=1479,node_name=COMP_NODE_BCKWD_iter0_b2_attention_compute
callback,npu_id=1,curr_cycle=7042371985846,node_id=676,node_name=COMM_SEND_NODE_BCKWD_iter0_b2_dp0pp1tp0
callback,npu_id=3,curr_cycle=7042371985846,node_id=1480,node_name=COMM_SEND_NODE_BCKWD_iter0_b2_dp1pp1tp0
issue,npu_id=0,curr_cycle=7097347557168,node_id=277,node_name=COMP_NODE_BCKWD_iter0_b3_attention_compute
issue,npu_id=2,curr_cycle=7097347557168,node_id=1081,node_name=COMP_NODE_BCKWD_iter0_b3_attention_compute
callback,npu_id=0,curr_cycle=7097347557168,node_id=276,node_name=COMP_NODE_BCKWD_iter0_b3_ffwd_compute
callback,npu_id=2,curr_cycle=7097347557168,node_id=1080,node_name=COMP_NODE_BCKWD_iter0_b3_ffwd_compute
issue,npu_id=1,curr_cycle=7097347562201,node_id=678,node_name=COMP_NODE_BCKWD_iter0_b3_attention_compute
issue,npu_id=3,curr_cycle=7097347562201,node_id=1482,node_name=COMP_NODE_BCKWD_iter0_b3_attention_compute
callback,npu_id=1,curr_cycle=7097347562201,node_id=677,node_name=COMP_NODE_BCKWD_iter0_b3_ffwd_compute
callback,npu_id=3,curr_cycle=7097347562201,node_id=1481,node_name=COMP_NODE_BCKWD_iter0_b3_ffwd_compute
issue,npu_id=0,curr_cycle=7126209737397,node_id=278,node_name=COMP_NODE_BCKWD_iter0_b3_ffwd_compute
issue,npu_id=2,curr_cycle=7126209737397,node_id=1082,node_name=COMP_NODE_BCKWD_iter0_b3_ffwd_compute
callback,npu_id=0,curr_cycle=7126209737397,node_id=277,node_name=COMP_NODE_BCKWD_iter0_b3_attention_compute
callback,npu_id=2,curr_cycle=7126209737397,node_id=1081,node_name=COMP_NODE_BCKWD_iter0_b3_attention_compute
issue,npu_id=1,curr_cycle=7126209742430,node_id=679,node_name=COMP_NODE_BCKWD_iter0_b3_ffwd_compute
issue,npu_id=3,curr_cycle=7126209742430,node_id=1483,node_name=COMP_NODE_BCKWD_iter0_b3_ffwd_compute
callback,npu_id=1,curr_cycle=7126209742430,node_id=678,node_name=COMP_NODE_BCKWD_iter0_b3_attention_compute
callback,npu_id=3,curr_cycle=7126209742430,node_id=1482,node_name=COMP_NODE_BCKWD_iter0_b3_attention_compute
issue,npu_id=0,curr_cycle=7181185318785,node_id=279,node_name=COMP_NODE_BCKWD_iter0_b3_attention_compute
issue,npu_id=2,curr_cycle=7181185318785,node_id=1083,node_name=COMP_NODE_BCKWD_iter0_b3_attention_compute
callback,npu_id=0,curr_cycle=7181185318785,node_id=278,node_name=COMP_NODE_BCKWD_iter0_b3_ffwd_compute
callback,npu_id=2,curr_cycle=7181185318785,node_id=1082,node_name=COMP_NODE_BCKWD_iter0_b3_ffwd_compute
issue,npu_id=1,curr_cycle=7181185323818,node_id=680,node_name=COMP_NODE_BCKWD_iter0_b3_attention_compute
issue,npu_id=3,curr_cycle=7181185323818,node_id=1484,node_name=COMP_NODE_BCKWD_iter0_b3_attention_compute
callback,npu_id=1,curr_cycle=7181185323818,node_id=679,node_name=COMP_NODE_BCKWD_iter0_b3_ffwd_compute
callback,npu_id=3,curr_cycle=7181185323818,node_id=1483,node_name=COMP_NODE_BCKWD_iter0_b3_ffwd_compute
issue,npu_id=0,curr_cycle=7210047499014,node_id=280,node_name=COMP_NODE_BCKWD_iter0_b3_ffwd_compute
issue,npu_id=2,curr_cycle=7210047499014,node_id=1084,node_name=COMP_NODE_BCKWD_iter0_b3_ffwd_compute
callback,npu_id=0,curr_cycle=7210047499014,node_id=279,node_name=COMP_NODE_BCKWD_iter0_b3_attention_compute
callback,npu_id=2,curr_cycle=7210047499014,node_id=1083,node_name=COMP_NODE_BCKWD_iter0_b3_attention_compute
issue,npu_id=1,curr_cycle=7210047504047,node_id=681,node_name=COMP_NODE_BCKWD_iter0_b3_ffwd_compute
issue,npu_id=3,curr_cycle=7210047504047,node_id=1485,node_name=COMP_NODE_BCKWD_iter0_b3_ffwd_compute
callback,npu_id=1,curr_cycle=7210047504047,node_id=680,node_name=COMP_NODE_BCKWD_iter0_b3_attention_compute
callback,npu_id=3,curr_cycle=7210047504047,node_id=1484,node_name=COMP_NODE_BCKWD_iter0_b3_attention_compute
issue,npu_id=0,curr_cycle=7265023080402,node_id=281,node_name=COMP_NODE_BCKWD_iter0_b3_attention_compute
issue,npu_id=2,curr_cycle=7265023080402,node_id=1085,node_name=COMP_NODE_BCKWD_iter0_b3_attention_compute
callback,npu_id=0,curr_cycle=7265023080402,node_id=280,node_name=COMP_NODE_BCKWD_iter0_b3_ffwd_compute
callback,npu_id=2,curr_cycle=7265023080402,node_id=1084,node_name=COMP_NODE_BCKWD_iter0_b3_ffwd_compute
issue,npu_id=1,curr_cycle=7265023085435,node_id=682,node_name=COMP_NODE_BCKWD_iter0_b3_attention_compute
issue,npu_id=3,curr_cycle=7265023085435,node_id=1486,node_name=COMP_NODE_BCKWD_iter0_b3_attention_compute
callback,npu_id=1,curr_cycle=7265023085435,node_id=681,node_name=COMP_NODE_BCKWD_iter0_b3_ffwd_compute
callback,npu_id=3,curr_cycle=7265023085435,node_id=1485,node_name=COMP_NODE_BCKWD_iter0_b3_ffwd_compute
issue,npu_id=0,curr_cycle=7293885260631,node_id=282,node_name=COMP_NODE_BCKWD_iter0_b3_ffwd_compute
issue,npu_id=2,curr_cycle=7293885260631,node_id=1086,node_name=COMP_NODE_BCKWD_iter0_b3_ffwd_compute
callback,npu_id=0,curr_cycle=7293885260631,node_id=281,node_name=COMP_NODE_BCKWD_iter0_b3_attention_compute
callback,npu_id=2,curr_cycle=7293885260631,node_id=1085,node_name=COMP_NODE_BCKWD_iter0_b3_attention_compute
issue,npu_id=1,curr_cycle=7293885265664,node_id=683,node_name=COMP_NODE_BCKWD_iter0_b3_ffwd_compute
issue,npu_id=3,curr_cycle=7293885265664,node_id=1487,node_name=COMP_NODE_BCKWD_iter0_b3_ffwd_compute
callback,npu_id=1,curr_cycle=7293885265664,node_id=682,node_name=COMP_NODE_BCKWD_iter0_b3_attention_compute
callback,npu_id=3,curr_cycle=7293885265664,node_id=1486,node_name=COMP_NODE_BCKWD_iter0_b3_attention_compute
issue,npu_id=0,curr_cycle=7348860842019,node_id=283,node_name=COMP_NODE_BCKWD_iter0_b3_attention_compute
issue,npu_id=2,curr_cycle=7348860842019,node_id=1087,node_name=COMP_NODE_BCKWD_iter0_b3_attention_compute
callback,npu_id=0,curr_cycle=7348860842019,node_id=282,node_name=COMP_NODE_BCKWD_iter0_b3_ffwd_compute
callback,npu_id=2,curr_cycle=7348860842019,node_id=1086,node_name=COMP_NODE_BCKWD_iter0_b3_ffwd_compute
issue,npu_id=1,curr_cycle=7348860847052,node_id=684,node_name=COMP_NODE_BCKWD_iter0_b3_attention_compute
issue,npu_id=3,curr_cycle=7348860847052,node_id=1488,node_name=COMP_NODE_BCKWD_iter0_b3_attention_compute
callback,npu_id=1,curr_cycle=7348860847052,node_id=683,node_name=COMP_NODE_BCKWD_iter0_b3_ffwd_compute
callback,npu_id=3,curr_cycle=7348860847052,node_id=1487,node_name=COMP_NODE_BCKWD_iter0_b3_ffwd_compute
issue,npu_id=0,curr_cycle=7377723022248,node_id=284,node_name=COMP_NODE_BCKWD_iter0_b3_ffwd_compute
issue,npu_id=2,curr_cycle=7377723022248,node_id=1088,node_name=COMP_NODE_BCKWD_iter0_b3_ffwd_compute
callback,npu_id=0,curr_cycle=7377723022248,node_id=283,node_name=COMP_NODE_BCKWD_iter0_b3_attention_compute
callback,npu_id=2,curr_cycle=7377723022248,node_id=1087,node_name=COMP_NODE_BCKWD_iter0_b3_attention_compute
issue,npu_id=1,curr_cycle=7377723027281,node_id=685,node_name=COMP_NODE_BCKWD_iter0_b3_ffwd_compute
issue,npu_id=3,curr_cycle=7377723027281,node_id=1489,node_name=COMP_NODE_BCKWD_iter0_b3_ffwd_compute
callback,npu_id=1,curr_cycle=7377723027281,node_id=684,node_name=COMP_NODE_BCKWD_iter0_b3_attention_compute
callback,npu_id=3,curr_cycle=7377723027281,node_id=1488,node_name=COMP_NODE_BCKWD_iter0_b3_attention_compute
issue,npu_id=0,curr_cycle=7432698603636,node_id=285,node_name=COMP_NODE_BCKWD_iter0_b3_attention_compute
issue,npu_id=2,curr_cycle=7432698603636,node_id=1089,node_name=COMP_NODE_BCKWD_iter0_b3_attention_compute
callback,npu_id=0,curr_cycle=7432698603636,node_id=284,node_name=COMP_NODE_BCKWD_iter0_b3_ffwd_compute
callback,npu_id=2,curr_cycle=7432698603636,node_id=1088,node_name=COMP_NODE_BCKWD_iter0_b3_ffwd_compute
issue,npu_id=1,curr_cycle=7432698608669,node_id=686,node_name=COMP_NODE_BCKWD_iter0_b3_attention_compute
issue,npu_id=3,curr_cycle=7432698608669,node_id=1490,node_name=COMP_NODE_BCKWD_iter0_b3_attention_compute
callback,npu_id=1,curr_cycle=7432698608669,node_id=685,node_name=COMP_NODE_BCKWD_iter0_b3_ffwd_compute
callback,npu_id=3,curr_cycle=7432698608669,node_id=1489,node_name=COMP_NODE_BCKWD_iter0_b3_ffwd_compute
issue,npu_id=0,curr_cycle=7461560783865,node_id=286,node_name=COMP_NODE_BCKWD_iter0_b3_ffwd_compute
issue,npu_id=2,curr_cycle=7461560783865,node_id=1090,node_name=COMP_NODE_BCKWD_iter0_b3_ffwd_compute
callback,npu_id=0,curr_cycle=7461560783865,node_id=285,node_name=COMP_NODE_BCKWD_iter0_b3_attention_compute
callback,npu_id=2,curr_cycle=7461560783865,node_id=1089,node_name=COMP_NODE_BCKWD_iter0_b3_attention_compute
issue,npu_id=1,curr_cycle=7461560788898,node_id=687,node_name=COMP_NODE_BCKWD_iter0_b3_ffwd_compute
issue,npu_id=3,curr_cycle=7461560788898,node_id=1491,node_name=COMP_NODE_BCKWD_iter0_b3_ffwd_compute
callback,npu_id=1,curr_cycle=7461560788898,node_id=686,node_name=COMP_NODE_BCKWD_iter0_b3_attention_compute
callback,npu_id=3,curr_cycle=7461560788898,node_id=1490,node_name=COMP_NODE_BCKWD_iter0_b3_attention_compute
issue,npu_id=0,curr_cycle=7516536365253,node_id=287,node_name=COMP_NODE_BCKWD_iter0_b3_attention_compute
issue,npu_id=2,curr_cycle=7516536365253,node_id=1091,node_name=COMP_NODE_BCKWD_iter0_b3_attention_compute
callback,npu_id=0,curr_cycle=7516536365253,node_id=286,node_name=COMP_NODE_BCKWD_iter0_b3_ffwd_compute
callback,npu_id=2,curr_cycle=7516536365253,node_id=1090,node_name=COMP_NODE_BCKWD_iter0_b3_ffwd_compute
issue,npu_id=1,curr_cycle=7516536370286,node_id=688,node_name=COMP_NODE_BCKWD_iter0_b3_attention_compute
issue,npu_id=3,curr_cycle=7516536370286,node_id=1492,node_name=COMP_NODE_BCKWD_iter0_b3_attention_compute
callback,npu_id=1,curr_cycle=7516536370286,node_id=687,node_name=COMP_NODE_BCKWD_iter0_b3_ffwd_compute
callback,npu_id=3,curr_cycle=7516536370286,node_id=1491,node_name=COMP_NODE_BCKWD_iter0_b3_ffwd_compute
issue,npu_id=0,curr_cycle=7545398545482,node_id=288,node_name=COMP_NODE_BCKWD_iter0_b3_ffwd_compute
issue,npu_id=2,curr_cycle=7545398545482,node_id=1092,node_name=COMP_NODE_BCKWD_iter0_b3_ffwd_compute
callback,npu_id=0,curr_cycle=7545398545482,node_id=287,node_name=COMP_NODE_BCKWD_iter0_b3_attention_compute
callback,npu_id=2,curr_cycle=7545398545482,node_id=1091,node_name=COMP_NODE_BCKWD_iter0_b3_attention_compute
issue,npu_id=1,curr_cycle=7545398550515,node_id=689,node_name=COMP_NODE_BCKWD_iter0_b3_ffwd_compute
issue,npu_id=3,curr_cycle=7545398550515,node_id=1493,node_name=COMP_NODE_BCKWD_iter0_b3_ffwd_compute
callback,npu_id=1,curr_cycle=7545398550515,node_id=688,node_name=COMP_NODE_BCKWD_iter0_b3_attention_compute
callback,npu_id=3,curr_cycle=7545398550515,node_id=1492,node_name=COMP_NODE_BCKWD_iter0_b3_attention_compute
issue,npu_id=0,curr_cycle=7600374126870,node_id=289,node_name=COMP_NODE_BCKWD_iter0_b3_attention_compute
issue,npu_id=2,curr_cycle=7600374126870,node_id=1093,node_name=COMP_NODE_BCKWD_iter0_b3_attention_compute
callback,npu_id=0,curr_cycle=7600374126870,node_id=288,node_name=COMP_NODE_BCKWD_iter0_b3_ffwd_compute
callback,npu_id=2,curr_cycle=7600374126870,node_id=1092,node_name=COMP_NODE_BCKWD_iter0_b3_ffwd_compute
issue,npu_id=1,curr_cycle=7600374131903,node_id=690,node_name=COMP_NODE_BCKWD_iter0_b3_attention_compute
issue,npu_id=3,curr_cycle=7600374131903,node_id=1494,node_name=COMP_NODE_BCKWD_iter0_b3_attention_compute
callback,npu_id=1,curr_cycle=7600374131903,node_id=689,node_name=COMP_NODE_BCKWD_iter0_b3_ffwd_compute
callback,npu_id=3,curr_cycle=7600374131903,node_id=1493,node_name=COMP_NODE_BCKWD_iter0_b3_ffwd_compute
issue,npu_id=0,curr_cycle=7629236307099,node_id=290,node_name=COMP_NODE_BCKWD_iter0_b3_ffwd_compute
issue,npu_id=2,curr_cycle=7629236307099,node_id=1094,node_name=COMP_NODE_BCKWD_iter0_b3_ffwd_compute
callback,npu_id=0,curr_cycle=7629236307099,node_id=289,node_name=COMP_NODE_BCKWD_iter0_b3_attention_compute
callback,npu_id=2,curr_cycle=7629236307099,node_id=1093,node_name=COMP_NODE_BCKWD_iter0_b3_attention_compute
issue,npu_id=1,curr_cycle=7629236312132,node_id=691,node_name=COMP_NODE_BCKWD_iter0_b3_ffwd_compute
issue,npu_id=3,curr_cycle=7629236312132,node_id=1495,node_name=COMP_NODE_BCKWD_iter0_b3_ffwd_compute
callback,npu_id=1,curr_cycle=7629236312132,node_id=690,node_name=COMP_NODE_BCKWD_iter0_b3_attention_compute
callback,npu_id=3,curr_cycle=7629236312132,node_id=1494,node_name=COMP_NODE_BCKWD_iter0_b3_attention_compute
issue,npu_id=0,curr_cycle=7684211888487,node_id=291,node_name=COMP_NODE_BCKWD_iter0_b3_attention_compute
issue,npu_id=2,curr_cycle=7684211888487,node_id=1095,node_name=COMP_NODE_BCKWD_iter0_b3_attention_compute
callback,npu_id=0,curr_cycle=7684211888487,node_id=290,node_name=COMP_NODE_BCKWD_iter0_b3_ffwd_compute
callback,npu_id=2,curr_cycle=7684211888487,node_id=1094,node_name=COMP_NODE_BCKWD_iter0_b3_ffwd_compute
issue,npu_id=1,curr_cycle=7684211893520,node_id=692,node_name=COMP_NODE_BCKWD_iter0_b3_attention_compute
issue,npu_id=3,curr_cycle=7684211893520,node_id=1496,node_name=COMP_NODE_BCKWD_iter0_b3_attention_compute
callback,npu_id=1,curr_cycle=7684211893520,node_id=691,node_name=COMP_NODE_BCKWD_iter0_b3_ffwd_compute
callback,npu_id=3,curr_cycle=7684211893520,node_id=1495,node_name=COMP_NODE_BCKWD_iter0_b3_ffwd_compute
issue,npu_id=0,curr_cycle=7713074068716,node_id=292,node_name=COMP_NODE_BCKWD_iter0_b3_ffwd_compute
issue,npu_id=2,curr_cycle=7713074068716,node_id=1096,node_name=COMP_NODE_BCKWD_iter0_b3_ffwd_compute
callback,npu_id=0,curr_cycle=7713074068716,node_id=291,node_name=COMP_NODE_BCKWD_iter0_b3_attention_compute
callback,npu_id=2,curr_cycle=7713074068716,node_id=1095,node_name=COMP_NODE_BCKWD_iter0_b3_attention_compute
issue,npu_id=1,curr_cycle=7713074073749,node_id=693,node_name=COMP_NODE_BCKWD_iter0_b3_ffwd_compute
issue,npu_id=3,curr_cycle=7713074073749,node_id=1497,node_name=COMP_NODE_BCKWD_iter0_b3_ffwd_compute
callback,npu_id=1,curr_cycle=7713074073749,node_id=692,node_name=COMP_NODE_BCKWD_iter0_b3_attention_compute
callback,npu_id=3,curr_cycle=7713074073749,node_id=1496,node_name=COMP_NODE_BCKWD_iter0_b3_attention_compute
issue,npu_id=0,curr_cycle=7768049650104,node_id=293,node_name=COMP_NODE_BCKWD_iter0_b3_attention_compute
issue,npu_id=2,curr_cycle=7768049650104,node_id=1097,node_name=COMP_NODE_BCKWD_iter0_b3_attention_compute
callback,npu_id=0,curr_cycle=7768049650104,node_id=292,node_name=COMP_NODE_BCKWD_iter0_b3_ffwd_compute
callback,npu_id=2,curr_cycle=7768049650104,node_id=1096,node_name=COMP_NODE_BCKWD_iter0_b3_ffwd_compute
issue,npu_id=1,curr_cycle=7768049655137,node_id=694,node_name=COMP_NODE_BCKWD_iter0_b3_attention_compute
issue,npu_id=3,curr_cycle=7768049655137,node_id=1498,node_name=COMP_NODE_BCKWD_iter0_b3_attention_compute
callback,npu_id=1,curr_cycle=7768049655137,node_id=693,node_name=COMP_NODE_BCKWD_iter0_b3_ffwd_compute
callback,npu_id=3,curr_cycle=7768049655137,node_id=1497,node_name=COMP_NODE_BCKWD_iter0_b3_ffwd_compute
issue,npu_id=0,curr_cycle=7796911830333,node_id=294,node_name=COMP_NODE_BCKWD_iter0_b3_ffwd_compute
issue,npu_id=2,curr_cycle=7796911830333,node_id=1098,node_name=COMP_NODE_BCKWD_iter0_b3_ffwd_compute
callback,npu_id=0,curr_cycle=7796911830333,node_id=293,node_name=COMP_NODE_BCKWD_iter0_b3_attention_compute
callback,npu_id=2,curr_cycle=7796911830333,node_id=1097,node_name=COMP_NODE_BCKWD_iter0_b3_attention_compute
issue,npu_id=1,curr_cycle=7796911835366,node_id=695,node_name=COMP_NODE_BCKWD_iter0_b3_ffwd_compute
issue,npu_id=3,curr_cycle=7796911835366,node_id=1499,node_name=COMP_NODE_BCKWD_iter0_b3_ffwd_compute
callback,npu_id=1,curr_cycle=7796911835366,node_id=694,node_name=COMP_NODE_BCKWD_iter0_b3_attention_compute
callback,npu_id=3,curr_cycle=7796911835366,node_id=1498,node_name=COMP_NODE_BCKWD_iter0_b3_attention_compute
issue,npu_id=0,curr_cycle=7851887411721,node_id=295,node_name=COMP_NODE_BCKWD_iter0_b3_attention_compute
issue,npu_id=2,curr_cycle=7851887411721,node_id=1099,node_name=COMP_NODE_BCKWD_iter0_b3_attention_compute
callback,npu_id=0,curr_cycle=7851887411721,node_id=294,node_name=COMP_NODE_BCKWD_iter0_b3_ffwd_compute
callback,npu_id=2,curr_cycle=7851887411721,node_id=1098,node_name=COMP_NODE_BCKWD_iter0_b3_ffwd_compute
issue,npu_id=1,curr_cycle=7851887416754,node_id=696,node_name=COMP_NODE_BCKWD_iter0_b3_attention_compute
issue,npu_id=3,curr_cycle=7851887416754,node_id=1500,node_name=COMP_NODE_BCKWD_iter0_b3_attention_compute
callback,npu_id=1,curr_cycle=7851887416754,node_id=695,node_name=COMP_NODE_BCKWD_iter0_b3_ffwd_compute
callback,npu_id=3,curr_cycle=7851887416754,node_id=1499,node_name=COMP_NODE_BCKWD_iter0_b3_ffwd_compute
issue,npu_id=0,curr_cycle=7880749591950,node_id=296,node_name=COMP_NODE_BCKWD_iter0_b3_ffwd_compute
issue,npu_id=2,curr_cycle=7880749591950,node_id=1100,node_name=COMP_NODE_BCKWD_iter0_b3_ffwd_compute
callback,npu_id=0,curr_cycle=7880749591950,node_id=295,node_name=COMP_NODE_BCKWD_iter0_b3_attention_compute
callback,npu_id=2,curr_cycle=7880749591950,node_id=1099,node_name=COMP_NODE_BCKWD_iter0_b3_attention_compute
issue,npu_id=1,curr_cycle=7880749596983,node_id=697,node_name=COMP_NODE_BCKWD_iter0_b3_ffwd_compute
issue,npu_id=3,curr_cycle=7880749596983,node_id=1501,node_name=COMP_NODE_BCKWD_iter0_b3_ffwd_compute
callback,npu_id=1,curr_cycle=7880749596983,node_id=696,node_name=COMP_NODE_BCKWD_iter0_b3_attention_compute
callback,npu_id=3,curr_cycle=7880749596983,node_id=1500,node_name=COMP_NODE_BCKWD_iter0_b3_attention_compute
issue,npu_id=0,curr_cycle=7935725173338,node_id=297,node_name=COMP_NODE_BCKWD_iter0_b3_attention_compute
issue,npu_id=2,curr_cycle=7935725173338,node_id=1101,node_name=COMP_NODE_BCKWD_iter0_b3_attention_compute
callback,npu_id=0,curr_cycle=7935725173338,node_id=296,node_name=COMP_NODE_BCKWD_iter0_b3_ffwd_compute
callback,npu_id=2,curr_cycle=7935725173338,node_id=1100,node_name=COMP_NODE_BCKWD_iter0_b3_ffwd_compute
issue,npu_id=1,curr_cycle=7935725178371,node_id=698,node_name=COMP_NODE_BCKWD_iter0_b3_attention_compute
issue,npu_id=3,curr_cycle=7935725178371,node_id=1502,node_name=COMP_NODE_BCKWD_iter0_b3_attention_compute
callback,npu_id=1,curr_cycle=7935725178371,node_id=697,node_name=COMP_NODE_BCKWD_iter0_b3_ffwd_compute
callback,npu_id=3,curr_cycle=7935725178371,node_id=1501,node_name=COMP_NODE_BCKWD_iter0_b3_ffwd_compute
issue,npu_id=0,curr_cycle=7964587353567,node_id=298,node_name=COMP_NODE_BCKWD_iter0_b3_ffwd_compute
issue,npu_id=2,curr_cycle=7964587353567,node_id=1102,node_name=COMP_NODE_BCKWD_iter0_b3_ffwd_compute
callback,npu_id=0,curr_cycle=7964587353567,node_id=297,node_name=COMP_NODE_BCKWD_iter0_b3_attention_compute
callback,npu_id=2,curr_cycle=7964587353567,node_id=1101,node_name=COMP_NODE_BCKWD_iter0_b3_attention_compute
issue,npu_id=1,curr_cycle=7964587358600,node_id=699,node_name=COMP_NODE_BCKWD_iter0_b3_ffwd_compute
issue,npu_id=3,curr_cycle=7964587358600,node_id=1503,node_name=COMP_NODE_BCKWD_iter0_b3_ffwd_compute
callback,npu_id=1,curr_cycle=7964587358600,node_id=698,node_name=COMP_NODE_BCKWD_iter0_b3_attention_compute
callback,npu_id=3,curr_cycle=7964587358600,node_id=1502,node_name=COMP_NODE_BCKWD_iter0_b3_attention_compute
issue,npu_id=0,curr_cycle=8019562934955,node_id=299,node_name=COMP_NODE_BCKWD_iter0_b3_attention_compute
issue,npu_id=2,curr_cycle=8019562934955,node_id=1103,node_name=COMP_NODE_BCKWD_iter0_b3_attention_compute
callback,npu_id=0,curr_cycle=8019562934955,node_id=298,node_name=COMP_NODE_BCKWD_iter0_b3_ffwd_compute
callback,npu_id=2,curr_cycle=8019562934955,node_id=1102,node_name=COMP_NODE_BCKWD_iter0_b3_ffwd_compute
issue,npu_id=1,curr_cycle=8019562939988,node_id=700,node_name=COMP_NODE_BCKWD_iter0_b3_attention_compute
issue,npu_id=3,curr_cycle=8019562939988,node_id=1504,node_name=COMP_NODE_BCKWD_iter0_b3_attention_compute
callback,npu_id=1,curr_cycle=8019562939988,node_id=699,node_name=COMP_NODE_BCKWD_iter0_b3_ffwd_compute
callback,npu_id=3,curr_cycle=8019562939988,node_id=1503,node_name=COMP_NODE_BCKWD_iter0_b3_ffwd_compute
issue,npu_id=0,curr_cycle=8048425115184,node_id=301,node_name=COMP_NODE_BCKWD_iter0_b4_ffwd_compute
issue,npu_id=2,curr_cycle=8048425115184,node_id=1105,node_name=COMP_NODE_BCKWD_iter0_b4_ffwd_compute
callback,npu_id=0,curr_cycle=8048425115184,node_id=299,node_name=COMP_NODE_BCKWD_iter0_b3_attention_compute
callback,npu_id=2,curr_cycle=8048425115184,node_id=1103,node_name=COMP_NODE_BCKWD_iter0_b3_attention_compute
issue,npu_id=1,curr_cycle=8048425120217,node_id=701,node_name=COMM_SEND_NODE_BCKWD_iter0_b3_dp0pp1tp0
issue,npu_id=1,curr_cycle=8048425120217,node_id=702,node_name=COMP_NODE_BCKWD_iter0_b4_ffwd_compute
issue,npu_id=3,curr_cycle=8048425120217,node_id=1505,node_name=COMM_SEND_NODE_BCKWD_iter0_b3_dp1pp1tp0
issue,npu_id=3,curr_cycle=8048425120217,node_id=1506,node_name=COMP_NODE_BCKWD_iter0_b4_ffwd_compute
callback,npu_id=1,curr_cycle=8048425120217,node_id=700,node_name=COMP_NODE_BCKWD_iter0_b3_attention_compute
callback,npu_id=3,curr_cycle=8048425120217,node_id=1504,node_name=COMP_NODE_BCKWD_iter0_b3_attention_compute
callback,npu_id=1,curr_cycle=8048425125250,node_id=701,node_name=COMM_SEND_NODE_BCKWD_iter0_b3_dp0pp1tp0
callback,npu_id=3,curr_cycle=8048425125250,node_id=1505,node_name=COMM_SEND_NODE_BCKWD_iter0_b3_dp1pp1tp0
issue,npu_id=0,curr_cycle=8103400696572,node_id=302,node_name=COMP_NODE_BCKWD_iter0_b4_attention_compute
issue,npu_id=2,curr_cycle=8103400696572,node_id=1106,node_name=COMP_NODE_BCKWD_iter0_b4_attention_compute
callback,npu_id=0,curr_cycle=8103400696572,node_id=301,node_name=COMP_NODE_BCKWD_iter0_b4_ffwd_compute
callback,npu_id=2,curr_cycle=8103400696572,node_id=1105,node_name=COMP_NODE_BCKWD_iter0_b4_ffwd_compute
issue,npu_id=1,curr_cycle=8103400701605,node_id=703,node_name=COMP_NODE_BCKWD_iter0_b4_attention_compute
issue,npu_id=3,curr_cycle=8103400701605,node_id=1507,node_name=COMP_NODE_BCKWD_iter0_b4_attention_compute
callback,npu_id=1,curr_cycle=8103400701605,node_id=702,node_name=COMP_NODE_BCKWD_iter0_b4_ffwd_compute
callback,npu_id=3,curr_cycle=8103400701605,node_id=1506,node_name=COMP_NODE_BCKWD_iter0_b4_ffwd_compute
issue,npu_id=0,curr_cycle=8132262876801,node_id=303,node_name=COMP_NODE_BCKWD_iter0_b4_ffwd_compute
issue,npu_id=2,curr_cycle=8132262876801,node_id=1107,node_name=COMP_NODE_BCKWD_iter0_b4_ffwd_compute
callback,npu_id=0,curr_cycle=8132262876801,node_id=302,node_name=COMP_NODE_BCKWD_iter0_b4_attention_compute
callback,npu_id=2,curr_cycle=8132262876801,node_id=1106,node_name=COMP_NODE_BCKWD_iter0_b4_attention_compute
issue,npu_id=1,curr_cycle=8132262881834,node_id=704,node_name=COMP_NODE_BCKWD_iter0_b4_ffwd_compute
issue,npu_id=3,curr_cycle=8132262881834,node_id=1508,node_name=COMP_NODE_BCKWD_iter0_b4_ffwd_compute
callback,npu_id=1,curr_cycle=8132262881834,node_id=703,node_name=COMP_NODE_BCKWD_iter0_b4_attention_compute
callback,npu_id=3,curr_cycle=8132262881834,node_id=1507,node_name=COMP_NODE_BCKWD_iter0_b4_attention_compute
issue,npu_id=0,curr_cycle=8187238458189,node_id=304,node_name=COMP_NODE_BCKWD_iter0_b4_attention_compute
issue,npu_id=2,curr_cycle=8187238458189,node_id=1108,node_name=COMP_NODE_BCKWD_iter0_b4_attention_compute
callback,npu_id=0,curr_cycle=8187238458189,node_id=303,node_name=COMP_NODE_BCKWD_iter0_b4_ffwd_compute
callback,npu_id=2,curr_cycle=8187238458189,node_id=1107,node_name=COMP_NODE_BCKWD_iter0_b4_ffwd_compute
issue,npu_id=1,curr_cycle=8187238463222,node_id=705,node_name=COMP_NODE_BCKWD_iter0_b4_attention_compute
issue,npu_id=3,curr_cycle=8187238463222,node_id=1509,node_name=COMP_NODE_BCKWD_iter0_b4_attention_compute
callback,npu_id=1,curr_cycle=8187238463222,node_id=704,node_name=COMP_NODE_BCKWD_iter0_b4_ffwd_compute
callback,npu_id=3,curr_cycle=8187238463222,node_id=1508,node_name=COMP_NODE_BCKWD_iter0_b4_ffwd_compute
issue,npu_id=0,curr_cycle=8216100638418,node_id=305,node_name=COMP_NODE_BCKWD_iter0_b4_ffwd_compute
issue,npu_id=2,curr_cycle=8216100638418,node_id=1109,node_name=COMP_NODE_BCKWD_iter0_b4_ffwd_compute
callback,npu_id=0,curr_cycle=8216100638418,node_id=304,node_name=COMP_NODE_BCKWD_iter0_b4_attention_compute
callback,npu_id=2,curr_cycle=8216100638418,node_id=1108,node_name=COMP_NODE_BCKWD_iter0_b4_attention_compute
issue,npu_id=1,curr_cycle=8216100643451,node_id=706,node_name=COMP_NODE_BCKWD_iter0_b4_ffwd_compute
issue,npu_id=3,curr_cycle=8216100643451,node_id=1510,node_name=COMP_NODE_BCKWD_iter0_b4_ffwd_compute
callback,npu_id=1,curr_cycle=8216100643451,node_id=705,node_name=COMP_NODE_BCKWD_iter0_b4_attention_compute
callback,npu_id=3,curr_cycle=8216100643451,node_id=1509,node_name=COMP_NODE_BCKWD_iter0_b4_attention_compute
issue,npu_id=0,curr_cycle=8271076219806,node_id=306,node_name=COMP_NODE_BCKWD_iter0_b4_attention_compute
issue,npu_id=2,curr_cycle=8271076219806,node_id=1110,node_name=COMP_NODE_BCKWD_iter0_b4_attention_compute
callback,npu_id=0,curr_cycle=8271076219806,node_id=305,node_name=COMP_NODE_BCKWD_iter0_b4_ffwd_compute
callback,npu_id=2,curr_cycle=8271076219806,node_id=1109,node_name=COMP_NODE_BCKWD_iter0_b4_ffwd_compute
issue,npu_id=1,curr_cycle=8271076224839,node_id=707,node_name=COMP_NODE_BCKWD_iter0_b4_attention_compute
issue,npu_id=3,curr_cycle=8271076224839,node_id=1511,node_name=COMP_NODE_BCKWD_iter0_b4_attention_compute
callback,npu_id=1,curr_cycle=8271076224839,node_id=706,node_name=COMP_NODE_BCKWD_iter0_b4_ffwd_compute
callback,npu_id=3,curr_cycle=8271076224839,node_id=1510,node_name=COMP_NODE_BCKWD_iter0_b4_ffwd_compute
issue,npu_id=0,curr_cycle=8299938400035,node_id=307,node_name=COMP_NODE_BCKWD_iter0_b4_ffwd_compute
issue,npu_id=2,curr_cycle=8299938400035,node_id=1111,node_name=COMP_NODE_BCKWD_iter0_b4_ffwd_compute
callback,npu_id=0,curr_cycle=8299938400035,node_id=306,node_name=COMP_NODE_BCKWD_iter0_b4_attention_compute
callback,npu_id=2,curr_cycle=8299938400035,node_id=1110,node_name=COMP_NODE_BCKWD_iter0_b4_attention_compute
issue,npu_id=1,curr_cycle=8299938405068,node_id=708,node_name=COMP_NODE_BCKWD_iter0_b4_ffwd_compute
issue,npu_id=3,curr_cycle=8299938405068,node_id=1512,node_name=COMP_NODE_BCKWD_iter0_b4_ffwd_compute
callback,npu_id=1,curr_cycle=8299938405068,node_id=707,node_name=COMP_NODE_BCKWD_iter0_b4_attention_compute
callback,npu_id=3,curr_cycle=8299938405068,node_id=1511,node_name=COMP_NODE_BCKWD_iter0_b4_attention_compute
issue,npu_id=0,curr_cycle=8354913981423,node_id=308,node_name=COMP_NODE_BCKWD_iter0_b4_attention_compute
issue,npu_id=2,curr_cycle=8354913981423,node_id=1112,node_name=COMP_NODE_BCKWD_iter0_b4_attention_compute
callback,npu_id=0,curr_cycle=8354913981423,node_id=307,node_name=COMP_NODE_BCKWD_iter0_b4_ffwd_compute
callback,npu_id=2,curr_cycle=8354913981423,node_id=1111,node_name=COMP_NODE_BCKWD_iter0_b4_ffwd_compute
issue,npu_id=1,curr_cycle=8354913986456,node_id=709,node_name=COMP_NODE_BCKWD_iter0_b4_attention_compute
issue,npu_id=3,curr_cycle=8354913986456,node_id=1513,node_name=COMP_NODE_BCKWD_iter0_b4_attention_compute
callback,npu_id=1,curr_cycle=8354913986456,node_id=708,node_name=COMP_NODE_BCKWD_iter0_b4_ffwd_compute
callback,npu_id=3,curr_cycle=8354913986456,node_id=1512,node_name=COMP_NODE_BCKWD_iter0_b4_ffwd_compute
issue,npu_id=0,curr_cycle=8383776161652,node_id=309,node_name=COMP_NODE_BCKWD_iter0_b4_ffwd_compute
issue,npu_id=2,curr_cycle=8383776161652,node_id=1113,node_name=COMP_NODE_BCKWD_iter0_b4_ffwd_compute
callback,npu_id=0,curr_cycle=8383776161652,node_id=308,node_name=COMP_NODE_BCKWD_iter0_b4_attention_compute
callback,npu_id=2,curr_cycle=8383776161652,node_id=1112,node_name=COMP_NODE_BCKWD_iter0_b4_attention_compute
issue,npu_id=1,curr_cycle=8383776166685,node_id=710,node_name=COMP_NODE_BCKWD_iter0_b4_ffwd_compute
issue,npu_id=3,curr_cycle=8383776166685,node_id=1514,node_name=COMP_NODE_BCKWD_iter0_b4_ffwd_compute
callback,npu_id=1,curr_cycle=8383776166685,node_id=709,node_name=COMP_NODE_BCKWD_iter0_b4_attention_compute
callback,npu_id=3,curr_cycle=8383776166685,node_id=1513,node_name=COMP_NODE_BCKWD_iter0_b4_attention_compute
issue,npu_id=0,curr_cycle=8438751743040,node_id=310,node_name=COMP_NODE_BCKWD_iter0_b4_attention_compute
issue,npu_id=2,curr_cycle=8438751743040,node_id=1114,node_name=COMP_NODE_BCKWD_iter0_b4_attention_compute
callback,npu_id=0,curr_cycle=8438751743040,node_id=309,node_name=COMP_NODE_BCKWD_iter0_b4_ffwd_compute
callback,npu_id=2,curr_cycle=8438751743040,node_id=1113,node_name=COMP_NODE_BCKWD_iter0_b4_ffwd_compute
issue,npu_id=1,curr_cycle=8438751748073,node_id=711,node_name=COMP_NODE_BCKWD_iter0_b4_attention_compute
issue,npu_id=3,curr_cycle=8438751748073,node_id=1515,node_name=COMP_NODE_BCKWD_iter0_b4_attention_compute
callback,npu_id=1,curr_cycle=8438751748073,node_id=710,node_name=COMP_NODE_BCKWD_iter0_b4_ffwd_compute
callback,npu_id=3,curr_cycle=8438751748073,node_id=1514,node_name=COMP_NODE_BCKWD_iter0_b4_ffwd_compute
issue,npu_id=0,curr_cycle=8467613923269,node_id=311,node_name=COMP_NODE_BCKWD_iter0_b4_ffwd_compute
issue,npu_id=2,curr_cycle=8467613923269,node_id=1115,node_name=COMP_NODE_BCKWD_iter0_b4_ffwd_compute
callback,npu_id=0,curr_cycle=8467613923269,node_id=310,node_name=COMP_NODE_BCKWD_iter0_b4_attention_compute
callback,npu_id=2,curr_cycle=8467613923269,node_id=1114,node_name=COMP_NODE_BCKWD_iter0_b4_attention_compute
issue,npu_id=1,curr_cycle=8467613928302,node_id=712,node_name=COMP_NODE_BCKWD_iter0_b4_ffwd_compute
issue,npu_id=3,curr_cycle=8467613928302,node_id=1516,node_name=COMP_NODE_BCKWD_iter0_b4_ffwd_compute
callback,npu_id=1,curr_cycle=8467613928302,node_id=711,node_name=COMP_NODE_BCKWD_iter0_b4_attention_compute
callback,npu_id=3,curr_cycle=8467613928302,node_id=1515,node_name=COMP_NODE_BCKWD_iter0_b4_attention_compute
issue,npu_id=0,curr_cycle=8522589504657,node_id=312,node_name=COMP_NODE_BCKWD_iter0_b4_attention_compute
issue,npu_id=2,curr_cycle=8522589504657,node_id=1116,node_name=COMP_NODE_BCKWD_iter0_b4_attention_compute
callback,npu_id=0,curr_cycle=8522589504657,node_id=311,node_name=COMP_NODE_BCKWD_iter0_b4_ffwd_compute
callback,npu_id=2,curr_cycle=8522589504657,node_id=1115,node_name=COMP_NODE_BCKWD_iter0_b4_ffwd_compute
issue,npu_id=1,curr_cycle=8522589509690,node_id=713,node_name=COMP_NODE_BCKWD_iter0_b4_attention_compute
issue,npu_id=3,curr_cycle=8522589509690,node_id=1517,node_name=COMP_NODE_BCKWD_iter0_b4_attention_compute
callback,npu_id=1,curr_cycle=8522589509690,node_id=712,node_name=COMP_NODE_BCKWD_iter0_b4_ffwd_compute
callback,npu_id=3,curr_cycle=8522589509690,node_id=1516,node_name=COMP_NODE_BCKWD_iter0_b4_ffwd_compute
issue,npu_id=0,curr_cycle=8551451684886,node_id=313,node_name=COMP_NODE_BCKWD_iter0_b4_ffwd_compute
issue,npu_id=2,curr_cycle=8551451684886,node_id=1117,node_name=COMP_NODE_BCKWD_iter0_b4_ffwd_compute
callback,npu_id=0,curr_cycle=8551451684886,node_id=312,node_name=COMP_NODE_BCKWD_iter0_b4_attention_compute
callback,npu_id=2,curr_cycle=8551451684886,node_id=1116,node_name=COMP_NODE_BCKWD_iter0_b4_attention_compute
issue,npu_id=1,curr_cycle=8551451689919,node_id=714,node_name=COMP_NODE_BCKWD_iter0_b4_ffwd_compute
issue,npu_id=3,curr_cycle=8551451689919,node_id=1518,node_name=COMP_NODE_BCKWD_iter0_b4_ffwd_compute
callback,npu_id=1,curr_cycle=8551451689919,node_id=713,node_name=COMP_NODE_BCKWD_iter0_b4_attention_compute
callback,npu_id=3,curr_cycle=8551451689919,node_id=1517,node_name=COMP_NODE_BCKWD_iter0_b4_attention_compute
issue,npu_id=0,curr_cycle=8606427266274,node_id=314,node_name=COMP_NODE_BCKWD_iter0_b4_attention_compute
issue,npu_id=2,curr_cycle=8606427266274,node_id=1118,node_name=COMP_NODE_BCKWD_iter0_b4_attention_compute
callback,npu_id=0,curr_cycle=8606427266274,node_id=313,node_name=COMP_NODE_BCKWD_iter0_b4_ffwd_compute
callback,npu_id=2,curr_cycle=8606427266274,node_id=1117,node_name=COMP_NODE_BCKWD_iter0_b4_ffwd_compute
issue,npu_id=1,curr_cycle=8606427271307,node_id=715,node_name=COMP_NODE_BCKWD_iter0_b4_attention_compute
issue,npu_id=3,curr_cycle=8606427271307,node_id=1519,node_name=COMP_NODE_BCKWD_iter0_b4_attention_compute
callback,npu_id=1,curr_cycle=8606427271307,node_id=714,node_name=COMP_NODE_BCKWD_iter0_b4_ffwd_compute
callback,npu_id=3,curr_cycle=8606427271307,node_id=1518,node_name=COMP_NODE_BCKWD_iter0_b4_ffwd_compute
issue,npu_id=0,curr_cycle=8635289446503,node_id=315,node_name=COMP_NODE_BCKWD_iter0_b4_ffwd_compute
issue,npu_id=2,curr_cycle=8635289446503,node_id=1119,node_name=COMP_NODE_BCKWD_iter0_b4_ffwd_compute
callback,npu_id=0,curr_cycle=8635289446503,node_id=314,node_name=COMP_NODE_BCKWD_iter0_b4_attention_compute
callback,npu_id=2,curr_cycle=8635289446503,node_id=1118,node_name=COMP_NODE_BCKWD_iter0_b4_attention_compute
issue,npu_id=1,curr_cycle=8635289451536,node_id=716,node_name=COMP_NODE_BCKWD_iter0_b4_ffwd_compute
issue,npu_id=3,curr_cycle=8635289451536,node_id=1520,node_name=COMP_NODE_BCKWD_iter0_b4_ffwd_compute
callback,npu_id=1,curr_cycle=8635289451536,node_id=715,node_name=COMP_NODE_BCKWD_iter0_b4_attention_compute
callback,npu_id=3,curr_cycle=8635289451536,node_id=1519,node_name=COMP_NODE_BCKWD_iter0_b4_attention_compute
issue,npu_id=0,curr_cycle=8690265027891,node_id=316,node_name=COMP_NODE_BCKWD_iter0_b4_attention_compute
issue,npu_id=2,curr_cycle=8690265027891,node_id=1120,node_name=COMP_NODE_BCKWD_iter0_b4_attention_compute
callback,npu_id=0,curr_cycle=8690265027891,node_id=315,node_name=COMP_NODE_BCKWD_iter0_b4_ffwd_compute
callback,npu_id=2,curr_cycle=8690265027891,node_id=1119,node_name=COMP_NODE_BCKWD_iter0_b4_ffwd_compute
issue,npu_id=1,curr_cycle=8690265032924,node_id=717,node_name=COMP_NODE_BCKWD_iter0_b4_attention_compute
issue,npu_id=3,curr_cycle=8690265032924,node_id=1521,node_name=COMP_NODE_BCKWD_iter0_b4_attention_compute
callback,npu_id=1,curr_cycle=8690265032924,node_id=716,node_name=COMP_NODE_BCKWD_iter0_b4_ffwd_compute
callback,npu_id=3,curr_cycle=8690265032924,node_id=1520,node_name=COMP_NODE_BCKWD_iter0_b4_ffwd_compute
issue,npu_id=0,curr_cycle=8719127208120,node_id=317,node_name=COMP_NODE_BCKWD_iter0_b4_ffwd_compute
issue,npu_id=2,curr_cycle=8719127208120,node_id=1121,node_name=COMP_NODE_BCKWD_iter0_b4_ffwd_compute
callback,npu_id=0,curr_cycle=8719127208120,node_id=316,node_name=COMP_NODE_BCKWD_iter0_b4_attention_compute
callback,npu_id=2,curr_cycle=8719127208120,node_id=1120,node_name=COMP_NODE_BCKWD_iter0_b4_attention_compute
issue,npu_id=1,curr_cycle=8719127213153,node_id=718,node_name=COMP_NODE_BCKWD_iter0_b4_ffwd_compute
issue,npu_id=3,curr_cycle=8719127213153,node_id=1522,node_name=COMP_NODE_BCKWD_iter0_b4_ffwd_compute
callback,npu_id=1,curr_cycle=8719127213153,node_id=717,node_name=COMP_NODE_BCKWD_iter0_b4_attention_compute
callback,npu_id=3,curr_cycle=8719127213153,node_id=1521,node_name=COMP_NODE_BCKWD_iter0_b4_attention_compute
issue,npu_id=0,curr_cycle=8774102789508,node_id=318,node_name=COMP_NODE_BCKWD_iter0_b4_attention_compute
issue,npu_id=2,curr_cycle=8774102789508,node_id=1122,node_name=COMP_NODE_BCKWD_iter0_b4_attention_compute
callback,npu_id=0,curr_cycle=8774102789508,node_id=317,node_name=COMP_NODE_BCKWD_iter0_b4_ffwd_compute
callback,npu_id=2,curr_cycle=8774102789508,node_id=1121,node_name=COMP_NODE_BCKWD_iter0_b4_ffwd_compute
issue,npu_id=1,curr_cycle=8774102794541,node_id=719,node_name=COMP_NODE_BCKWD_iter0_b4_attention_compute
issue,npu_id=3,curr_cycle=8774102794541,node_id=1523,node_name=COMP_NODE_BCKWD_iter0_b4_attention_compute
callback,npu_id=1,curr_cycle=8774102794541,node_id=718,node_name=COMP_NODE_BCKWD_iter0_b4_ffwd_compute
callback,npu_id=3,curr_cycle=8774102794541,node_id=1522,node_name=COMP_NODE_BCKWD_iter0_b4_ffwd_compute
issue,npu_id=0,curr_cycle=8802964969737,node_id=319,node_name=COMP_NODE_BCKWD_iter0_b4_ffwd_compute
issue,npu_id=2,curr_cycle=8802964969737,node_id=1123,node_name=COMP_NODE_BCKWD_iter0_b4_ffwd_compute
callback,npu_id=0,curr_cycle=8802964969737,node_id=318,node_name=COMP_NODE_BCKWD_iter0_b4_attention_compute
callback,npu_id=2,curr_cycle=8802964969737,node_id=1122,node_name=COMP_NODE_BCKWD_iter0_b4_attention_compute
issue,npu_id=1,curr_cycle=8802964974770,node_id=720,node_name=COMP_NODE_BCKWD_iter0_b4_ffwd_compute
issue,npu_id=3,curr_cycle=8802964974770,node_id=1524,node_name=COMP_NODE_BCKWD_iter0_b4_ffwd_compute
callback,npu_id=1,curr_cycle=8802964974770,node_id=719,node_name=COMP_NODE_BCKWD_iter0_b4_attention_compute
callback,npu_id=3,curr_cycle=8802964974770,node_id=1523,node_name=COMP_NODE_BCKWD_iter0_b4_attention_compute
issue,npu_id=0,curr_cycle=8857940551125,node_id=320,node_name=COMP_NODE_BCKWD_iter0_b4_attention_compute
issue,npu_id=2,curr_cycle=8857940551125,node_id=1124,node_name=COMP_NODE_BCKWD_iter0_b4_attention_compute
callback,npu_id=0,curr_cycle=8857940551125,node_id=319,node_name=COMP_NODE_BCKWD_iter0_b4_ffwd_compute
callback,npu_id=2,curr_cycle=8857940551125,node_id=1123,node_name=COMP_NODE_BCKWD_iter0_b4_ffwd_compute
issue,npu_id=1,curr_cycle=8857940556158,node_id=721,node_name=COMP_NODE_BCKWD_iter0_b4_attention_compute
issue,npu_id=3,curr_cycle=8857940556158,node_id=1525,node_name=COMP_NODE_BCKWD_iter0_b4_attention_compute
callback,npu_id=1,curr_cycle=8857940556158,node_id=720,node_name=COMP_NODE_BCKWD_iter0_b4_ffwd_compute
callback,npu_id=3,curr_cycle=8857940556158,node_id=1524,node_name=COMP_NODE_BCKWD_iter0_b4_ffwd_compute
issue,npu_id=0,curr_cycle=8886802731354,node_id=321,node_name=COMP_NODE_BCKWD_iter0_b4_ffwd_compute
issue,npu_id=2,curr_cycle=8886802731354,node_id=1125,node_name=COMP_NODE_BCKWD_iter0_b4_ffwd_compute
callback,npu_id=0,curr_cycle=8886802731354,node_id=320,node_name=COMP_NODE_BCKWD_iter0_b4_attention_compute
callback,npu_id=2,curr_cycle=8886802731354,node_id=1124,node_name=COMP_NODE_BCKWD_iter0_b4_attention_compute
issue,npu_id=1,curr_cycle=8886802736387,node_id=722,node_name=COMP_NODE_BCKWD_iter0_b4_ffwd_compute
issue,npu_id=3,curr_cycle=8886802736387,node_id=1526,node_name=COMP_NODE_BCKWD_iter0_b4_ffwd_compute
callback,npu_id=1,curr_cycle=8886802736387,node_id=721,node_name=COMP_NODE_BCKWD_iter0_b4_attention_compute
callback,npu_id=3,curr_cycle=8886802736387,node_id=1525,node_name=COMP_NODE_BCKWD_iter0_b4_attention_compute
issue,npu_id=0,curr_cycle=8941778312742,node_id=322,node_name=COMP_NODE_BCKWD_iter0_b4_attention_compute
issue,npu_id=2,curr_cycle=8941778312742,node_id=1126,node_name=COMP_NODE_BCKWD_iter0_b4_attention_compute
callback,npu_id=0,curr_cycle=8941778312742,node_id=321,node_name=COMP_NODE_BCKWD_iter0_b4_ffwd_compute
callback,npu_id=2,curr_cycle=8941778312742,node_id=1125,node_name=COMP_NODE_BCKWD_iter0_b4_ffwd_compute
issue,npu_id=1,curr_cycle=8941778317775,node_id=723,node_name=COMP_NODE_BCKWD_iter0_b4_attention_compute
issue,npu_id=3,curr_cycle=8941778317775,node_id=1527,node_name=COMP_NODE_BCKWD_iter0_b4_attention_compute
callback,npu_id=1,curr_cycle=8941778317775,node_id=722,node_name=COMP_NODE_BCKWD_iter0_b4_ffwd_compute
callback,npu_id=3,curr_cycle=8941778317775,node_id=1526,node_name=COMP_NODE_BCKWD_iter0_b4_ffwd_compute
issue,npu_id=0,curr_cycle=8970640492971,node_id=323,node_name=COMP_NODE_BCKWD_iter0_b4_ffwd_compute
issue,npu_id=2,curr_cycle=8970640492971,node_id=1127,node_name=COMP_NODE_BCKWD_iter0_b4_ffwd_compute
callback,npu_id=0,curr_cycle=8970640492971,node_id=322,node_name=COMP_NODE_BCKWD_iter0_b4_attention_compute
callback,npu_id=2,curr_cycle=8970640492971,node_id=1126,node_name=COMP_NODE_BCKWD_iter0_b4_attention_compute
issue,npu_id=1,curr_cycle=8970640498004,node_id=724,node_name=COMP_NODE_BCKWD_iter0_b4_ffwd_compute
issue,npu_id=3,curr_cycle=8970640498004,node_id=1528,node_name=COMP_NODE_BCKWD_iter0_b4_ffwd_compute
callback,npu_id=1,curr_cycle=8970640498004,node_id=723,node_name=COMP_NODE_BCKWD_iter0_b4_attention_compute
callback,npu_id=3,curr_cycle=8970640498004,node_id=1527,node_name=COMP_NODE_BCKWD_iter0_b4_attention_compute
issue,npu_id=0,curr_cycle=9025616074359,node_id=324,node_name=COMP_NODE_BCKWD_iter0_b4_attention_compute
issue,npu_id=2,curr_cycle=9025616074359,node_id=1128,node_name=COMP_NODE_BCKWD_iter0_b4_attention_compute
callback,npu_id=0,curr_cycle=9025616074359,node_id=323,node_name=COMP_NODE_BCKWD_iter0_b4_ffwd_compute
callback,npu_id=2,curr_cycle=9025616074359,node_id=1127,node_name=COMP_NODE_BCKWD_iter0_b4_ffwd_compute
issue,npu_id=1,curr_cycle=9025616079392,node_id=725,node_name=COMP_NODE_BCKWD_iter0_b4_attention_compute
issue,npu_id=3,curr_cycle=9025616079392,node_id=1529,node_name=COMP_NODE_BCKWD_iter0_b4_attention_compute
callback,npu_id=1,curr_cycle=9025616079392,node_id=724,node_name=COMP_NODE_BCKWD_iter0_b4_ffwd_compute
callback,npu_id=3,curr_cycle=9025616079392,node_id=1528,node_name=COMP_NODE_BCKWD_iter0_b4_ffwd_compute
issue,npu_id=0,curr_cycle=9054478254588,node_id=326,node_name=COMP_NODE_BCKWD_iter0_b5_ffwd_compute
issue,npu_id=2,curr_cycle=9054478254588,node_id=1130,node_name=COMP_NODE_BCKWD_iter0_b5_ffwd_compute
callback,npu_id=0,curr_cycle=9054478254588,node_id=324,node_name=COMP_NODE_BCKWD_iter0_b4_attention_compute
callback,npu_id=2,curr_cycle=9054478254588,node_id=1128,node_name=COMP_NODE_BCKWD_iter0_b4_attention_compute
issue,npu_id=1,curr_cycle=9054478259621,node_id=726,node_name=COMM_SEND_NODE_BCKWD_iter0_b4_dp0pp1tp0
issue,npu_id=1,curr_cycle=9054478259621,node_id=727,node_name=COMP_NODE_BCKWD_iter0_b5_ffwd_compute
issue,npu_id=3,curr_cycle=9054478259621,node_id=1530,node_name=COMM_SEND_NODE_BCKWD_iter0_b4_dp1pp1tp0
issue,npu_id=3,curr_cycle=9054478259621,node_id=1531,node_name=COMP_NODE_BCKWD_iter0_b5_ffwd_compute
callback,npu_id=1,curr_cycle=9054478259621,node_id=725,node_name=COMP_NODE_BCKWD_iter0_b4_attention_compute
callback,npu_id=3,curr_cycle=9054478259621,node_id=1529,node_name=COMP_NODE_BCKWD_iter0_b4_attention_compute
callback,npu_id=1,curr_cycle=9054478264654,node_id=726,node_name=COMM_SEND_NODE_BCKWD_iter0_b4_dp0pp1tp0
callback,npu_id=3,curr_cycle=9054478264654,node_id=1530,node_name=COMM_SEND_NODE_BCKWD_iter0_b4_dp1pp1tp0
issue,npu_id=0,curr_cycle=9109453835976,node_id=327,node_name=COMP_NODE_BCKWD_iter0_b5_attention_compute
issue,npu_id=2,curr_cycle=9109453835976,node_id=1131,node_name=COMP_NODE_BCKWD_iter0_b5_attention_compute
callback,npu_id=0,curr_cycle=9109453835976,node_id=326,node_name=COMP_NODE_BCKWD_iter0_b5_ffwd_compute
callback,npu_id=2,curr_cycle=9109453835976,node_id=1130,node_name=COMP_NODE_BCKWD_iter0_b5_ffwd_compute
issue,npu_id=1,curr_cycle=9109453841009,node_id=728,node_name=COMP_NODE_BCKWD_iter0_b5_attention_compute
issue,npu_id=3,curr_cycle=9109453841009,node_id=1532,node_name=COMP_NODE_BCKWD_iter0_b5_attention_compute
callback,npu_id=1,curr_cycle=9109453841009,node_id=727,node_name=COMP_NODE_BCKWD_iter0_b5_ffwd_compute
callback,npu_id=3,curr_cycle=9109453841009,node_id=1531,node_name=COMP_NODE_BCKWD_iter0_b5_ffwd_compute
issue,npu_id=0,curr_cycle=9138316016205,node_id=328,node_name=COMP_NODE_BCKWD_iter0_b5_ffwd_compute
issue,npu_id=2,curr_cycle=9138316016205,node_id=1132,node_name=COMP_NODE_BCKWD_iter0_b5_ffwd_compute
callback,npu_id=0,curr_cycle=9138316016205,node_id=327,node_name=COMP_NODE_BCKWD_iter0_b5_attention_compute
callback,npu_id=2,curr_cycle=9138316016205,node_id=1131,node_name=COMP_NODE_BCKWD_iter0_b5_attention_compute
issue,npu_id=1,curr_cycle=9138316021238,node_id=729,node_name=COMP_NODE_BCKWD_iter0_b5_ffwd_compute
issue,npu_id=3,curr_cycle=9138316021238,node_id=1533,node_name=COMP_NODE_BCKWD_iter0_b5_ffwd_compute
callback,npu_id=1,curr_cycle=9138316021238,node_id=728,node_name=COMP_NODE_BCKWD_iter0_b5_attention_compute
callback,npu_id=3,curr_cycle=9138316021238,node_id=1532,node_name=COMP_NODE_BCKWD_iter0_b5_attention_compute
issue,npu_id=0,curr_cycle=9193291597593,node_id=329,node_name=COMP_NODE_BCKWD_iter0_b5_attention_compute
issue,npu_id=2,curr_cycle=9193291597593,node_id=1133,node_name=COMP_NODE_BCKWD_iter0_b5_attention_compute
callback,npu_id=0,curr_cycle=9193291597593,node_id=328,node_name=COMP_NODE_BCKWD_iter0_b5_ffwd_compute
callback,npu_id=2,curr_cycle=9193291597593,node_id=1132,node_name=COMP_NODE_BCKWD_iter0_b5_ffwd_compute
issue,npu_id=1,curr_cycle=9193291602626,node_id=730,node_name=COMP_NODE_BCKWD_iter0_b5_attention_compute
issue,npu_id=3,curr_cycle=9193291602626,node_id=1534,node_name=COMP_NODE_BCKWD_iter0_b5_attention_compute
callback,npu_id=1,curr_cycle=9193291602626,node_id=729,node_name=COMP_NODE_BCKWD_iter0_b5_ffwd_compute
callback,npu_id=3,curr_cycle=9193291602626,node_id=1533,node_name=COMP_NODE_BCKWD_iter0_b5_ffwd_compute
issue,npu_id=0,curr_cycle=9222153777822,node_id=330,node_name=COMP_NODE_BCKWD_iter0_b5_ffwd_compute
issue,npu_id=2,curr_cycle=9222153777822,node_id=1134,node_name=COMP_NODE_BCKWD_iter0_b5_ffwd_compute
callback,npu_id=0,curr_cycle=9222153777822,node_id=329,node_name=COMP_NODE_BCKWD_iter0_b5_attention_compute
callback,npu_id=2,curr_cycle=9222153777822,node_id=1133,node_name=COMP_NODE_BCKWD_iter0_b5_attention_compute
issue,npu_id=1,curr_cycle=9222153782855,node_id=731,node_name=COMP_NODE_BCKWD_iter0_b5_ffwd_compute
issue,npu_id=3,curr_cycle=9222153782855,node_id=1535,node_name=COMP_NODE_BCKWD_iter0_b5_ffwd_compute
callback,npu_id=1,curr_cycle=9222153782855,node_id=730,node_name=COMP_NODE_BCKWD_iter0_b5_attention_compute
callback,npu_id=3,curr_cycle=9222153782855,node_id=1534,node_name=COMP_NODE_BCKWD_iter0_b5_attention_compute
issue,npu_id=0,curr_cycle=9277129359210,node_id=331,node_name=COMP_NODE_BCKWD_iter0_b5_attention_compute
issue,npu_id=2,curr_cycle=9277129359210,node_id=1135,node_name=COMP_NODE_BCKWD_iter0_b5_attention_compute
callback,npu_id=0,curr_cycle=9277129359210,node_id=330,node_name=COMP_NODE_BCKWD_iter0_b5_ffwd_compute
callback,npu_id=2,curr_cycle=9277129359210,node_id=1134,node_name=COMP_NODE_BCKWD_iter0_b5_ffwd_compute
issue,npu_id=1,curr_cycle=9277129364243,node_id=732,node_name=COMP_NODE_BCKWD_iter0_b5_attention_compute
issue,npu_id=3,curr_cycle=9277129364243,node_id=1536,node_name=COMP_NODE_BCKWD_iter0_b5_attention_compute
callback,npu_id=1,curr_cycle=9277129364243,node_id=731,node_name=COMP_NODE_BCKWD_iter0_b5_ffwd_compute
callback,npu_id=3,curr_cycle=9277129364243,node_id=1535,node_name=COMP_NODE_BCKWD_iter0_b5_ffwd_compute
issue,npu_id=0,curr_cycle=9305991539439,node_id=332,node_name=COMP_NODE_BCKWD_iter0_b5_ffwd_compute
issue,npu_id=2,curr_cycle=9305991539439,node_id=1136,node_name=COMP_NODE_BCKWD_iter0_b5_ffwd_compute
callback,npu_id=0,curr_cycle=9305991539439,node_id=331,node_name=COMP_NODE_BCKWD_iter0_b5_attention_compute
callback,npu_id=2,curr_cycle=9305991539439,node_id=1135,node_name=COMP_NODE_BCKWD_iter0_b5_attention_compute
issue,npu_id=1,curr_cycle=9305991544472,node_id=733,node_name=COMP_NODE_BCKWD_iter0_b5_ffwd_compute
issue,npu_id=3,curr_cycle=9305991544472,node_id=1537,node_name=COMP_NODE_BCKWD_iter0_b5_ffwd_compute
callback,npu_id=1,curr_cycle=9305991544472,node_id=732,node_name=COMP_NODE_BCKWD_iter0_b5_attention_compute
callback,npu_id=3,curr_cycle=9305991544472,node_id=1536,node_name=COMP_NODE_BCKWD_iter0_b5_attention_compute
issue,npu_id=0,curr_cycle=9360967120827,node_id=333,node_name=COMP_NODE_BCKWD_iter0_b5_attention_compute
issue,npu_id=2,curr_cycle=9360967120827,node_id=1137,node_name=COMP_NODE_BCKWD_iter0_b5_attention_compute
callback,npu_id=0,curr_cycle=9360967120827,node_id=332,node_name=COMP_NODE_BCKWD_iter0_b5_ffwd_compute
callback,npu_id=2,curr_cycle=9360967120827,node_id=1136,node_name=COMP_NODE_BCKWD_iter0_b5_ffwd_compute
issue,npu_id=1,curr_cycle=9360967125860,node_id=734,node_name=COMP_NODE_BCKWD_iter0_b5_attention_compute
issue,npu_id=3,curr_cycle=9360967125860,node_id=1538,node_name=COMP_NODE_BCKWD_iter0_b5_attention_compute
callback,npu_id=1,curr_cycle=9360967125860,node_id=733,node_name=COMP_NODE_BCKWD_iter0_b5_ffwd_compute
callback,npu_id=3,curr_cycle=9360967125860,node_id=1537,node_name=COMP_NODE_BCKWD_iter0_b5_ffwd_compute
issue,npu_id=0,curr_cycle=9389829301056,node_id=334,node_name=COMP_NODE_BCKWD_iter0_b5_ffwd_compute
issue,npu_id=2,curr_cycle=9389829301056,node_id=1138,node_name=COMP_NODE_BCKWD_iter0_b5_ffwd_compute
callback,npu_id=0,curr_cycle=9389829301056,node_id=333,node_name=COMP_NODE_BCKWD_iter0_b5_attention_compute
callback,npu_id=2,curr_cycle=9389829301056,node_id=1137,node_name=COMP_NODE_BCKWD_iter0_b5_attention_compute
issue,npu_id=1,curr_cycle=9389829306089,node_id=735,node_name=COMP_NODE_BCKWD_iter0_b5_ffwd_compute
issue,npu_id=3,curr_cycle=9389829306089,node_id=1539,node_name=COMP_NODE_BCKWD_iter0_b5_ffwd_compute
callback,npu_id=1,curr_cycle=9389829306089,node_id=734,node_name=COMP_NODE_BCKWD_iter0_b5_attention_compute
callback,npu_id=3,curr_cycle=9389829306089,node_id=1538,node_name=COMP_NODE_BCKWD_iter0_b5_attention_compute
issue,npu_id=0,curr_cycle=9444804882444,node_id=335,node_name=COMP_NODE_BCKWD_iter0_b5_attention_compute
issue,npu_id=2,curr_cycle=9444804882444,node_id=1139,node_name=COMP_NODE_BCKWD_iter0_b5_attention_compute
callback,npu_id=0,curr_cycle=9444804882444,node_id=334,node_name=COMP_NODE_BCKWD_iter0_b5_ffwd_compute
callback,npu_id=2,curr_cycle=9444804882444,node_id=1138,node_name=COMP_NODE_BCKWD_iter0_b5_ffwd_compute
issue,npu_id=1,curr_cycle=9444804887477,node_id=736,node_name=COMP_NODE_BCKWD_iter0_b5_attention_compute
issue,npu_id=3,curr_cycle=9444804887477,node_id=1540,node_name=COMP_NODE_BCKWD_iter0_b5_attention_compute
callback,npu_id=1,curr_cycle=9444804887477,node_id=735,node_name=COMP_NODE_BCKWD_iter0_b5_ffwd_compute
callback,npu_id=3,curr_cycle=9444804887477,node_id=1539,node_name=COMP_NODE_BCKWD_iter0_b5_ffwd_compute
issue,npu_id=0,curr_cycle=9473667062673,node_id=336,node_name=COMP_NODE_BCKWD_iter0_b5_ffwd_compute
issue,npu_id=2,curr_cycle=9473667062673,node_id=1140,node_name=COMP_NODE_BCKWD_iter0_b5_ffwd_compute
callback,npu_id=0,curr_cycle=9473667062673,node_id=335,node_name=COMP_NODE_BCKWD_iter0_b5_attention_compute
callback,npu_id=2,curr_cycle=9473667062673,node_id=1139,node_name=COMP_NODE_BCKWD_iter0_b5_attention_compute
issue,npu_id=1,curr_cycle=9473667067706,node_id=737,node_name=COMP_NODE_BCKWD_iter0_b5_ffwd_compute
issue,npu_id=3,curr_cycle=9473667067706,node_id=1541,node_name=COMP_NODE_BCKWD_iter0_b5_ffwd_compute
callback,npu_id=1,curr_cycle=9473667067706,node_id=736,node_name=COMP_NODE_BCKWD_iter0_b5_attention_compute
callback,npu_id=3,curr_cycle=9473667067706,node_id=1540,node_name=COMP_NODE_BCKWD_iter0_b5_attention_compute
issue,npu_id=0,curr_cycle=9528642644061,node_id=337,node_name=COMP_NODE_BCKWD_iter0_b5_attention_compute
issue,npu_id=2,curr_cycle=9528642644061,node_id=1141,node_name=COMP_NODE_BCKWD_iter0_b5_attention_compute
callback,npu_id=0,curr_cycle=9528642644061,node_id=336,node_name=COMP_NODE_BCKWD_iter0_b5_ffwd_compute
callback,npu_id=2,curr_cycle=9528642644061,node_id=1140,node_name=COMP_NODE_BCKWD_iter0_b5_ffwd_compute
issue,npu_id=1,curr_cycle=9528642649094,node_id=738,node_name=COMP_NODE_BCKWD_iter0_b5_attention_compute
issue,npu_id=3,curr_cycle=9528642649094,node_id=1542,node_name=COMP_NODE_BCKWD_iter0_b5_attention_compute
callback,npu_id=1,curr_cycle=9528642649094,node_id=737,node_name=COMP_NODE_BCKWD_iter0_b5_ffwd_compute
callback,npu_id=3,curr_cycle=9528642649094,node_id=1541,node_name=COMP_NODE_BCKWD_iter0_b5_ffwd_compute
issue,npu_id=0,curr_cycle=9557504824290,node_id=338,node_name=COMP_NODE_BCKWD_iter0_b5_ffwd_compute
issue,npu_id=2,curr_cycle=9557504824290,node_id=1142,node_name=COMP_NODE_BCKWD_iter0_b5_ffwd_compute
callback,npu_id=0,curr_cycle=9557504824290,node_id=337,node_name=COMP_NODE_BCKWD_iter0_b5_attention_compute
callback,npu_id=2,curr_cycle=9557504824290,node_id=1141,node_name=COMP_NODE_BCKWD_iter0_b5_attention_compute
issue,npu_id=1,curr_cycle=9557504829323,node_id=739,node_name=COMP_NODE_BCKWD_iter0_b5_ffwd_compute
issue,npu_id=3,curr_cycle=9557504829323,node_id=1543,node_name=COMP_NODE_BCKWD_iter0_b5_ffwd_compute
callback,npu_id=1,curr_cycle=9557504829323,node_id=738,node_name=COMP_NODE_BCKWD_iter0_b5_attention_compute
callback,npu_id=3,curr_cycle=9557504829323,node_id=1542,node_name=COMP_NODE_BCKWD_iter0_b5_attention_compute
issue,npu_id=0,curr_cycle=9612480405678,node_id=339,node_name=COMP_NODE_BCKWD_iter0_b5_attention_compute
issue,npu_id=2,curr_cycle=9612480405678,node_id=1143,node_name=COMP_NODE_BCKWD_iter0_b5_attention_compute
callback,npu_id=0,curr_cycle=9612480405678,node_id=338,node_name=COMP_NODE_BCKWD_iter0_b5_ffwd_compute
callback,npu_id=2,curr_cycle=9612480405678,node_id=1142,node_name=COMP_NODE_BCKWD_iter0_b5_ffwd_compute
issue,npu_id=1,curr_cycle=9612480410711,node_id=740,node_name=COMP_NODE_BCKWD_iter0_b5_attention_compute
issue,npu_id=3,curr_cycle=9612480410711,node_id=1544,node_name=COMP_NODE_BCKWD_iter0_b5_attention_compute
callback,npu_id=1,curr_cycle=9612480410711,node_id=739,node_name=COMP_NODE_BCKWD_iter0_b5_ffwd_compute
callback,npu_id=3,curr_cycle=9612480410711,node_id=1543,node_name=COMP_NODE_BCKWD_iter0_b5_ffwd_compute
issue,npu_id=0,curr_cycle=9641342585907,node_id=340,node_name=COMP_NODE_BCKWD_iter0_b5_ffwd_compute
issue,npu_id=2,curr_cycle=9641342585907,node_id=1144,node_name=COMP_NODE_BCKWD_iter0_b5_ffwd_compute
callback,npu_id=0,curr_cycle=9641342585907,node_id=339,node_name=COMP_NODE_BCKWD_iter0_b5_attention_compute
callback,npu_id=2,curr_cycle=9641342585907,node_id=1143,node_name=COMP_NODE_BCKWD_iter0_b5_attention_compute
issue,npu_id=1,curr_cycle=9641342590940,node_id=741,node_name=COMP_NODE_BCKWD_iter0_b5_ffwd_compute
issue,npu_id=3,curr_cycle=9641342590940,node_id=1545,node_name=COMP_NODE_BCKWD_iter0_b5_ffwd_compute
callback,npu_id=1,curr_cycle=9641342590940,node_id=740,node_name=COMP_NODE_BCKWD_iter0_b5_attention_compute
callback,npu_id=3,curr_cycle=9641342590940,node_id=1544,node_name=COMP_NODE_BCKWD_iter0_b5_attention_compute
issue,npu_id=0,curr_cycle=9696318167295,node_id=341,node_name=COMP_NODE_BCKWD_iter0_b5_attention_compute
issue,npu_id=2,curr_cycle=9696318167295,node_id=1145,node_name=COMP_NODE_BCKWD_iter0_b5_attention_compute
callback,npu_id=0,curr_cycle=9696318167295,node_id=340,node_name=COMP_NODE_BCKWD_iter0_b5_ffwd_compute
callback,npu_id=2,curr_cycle=9696318167295,node_id=1144,node_name=COMP_NODE_BCKWD_iter0_b5_ffwd_compute
issue,npu_id=1,curr_cycle=9696318172328,node_id=742,node_name=COMP_NODE_BCKWD_iter0_b5_attention_compute
issue,npu_id=3,curr_cycle=9696318172328,node_id=1546,node_name=COMP_NODE_BCKWD_iter0_b5_attention_compute
callback,npu_id=1,curr_cycle=9696318172328,node_id=741,node_name=COMP_NODE_BCKWD_iter0_b5_ffwd_compute
callback,npu_id=3,curr_cycle=9696318172328,node_id=1545,node_name=COMP_NODE_BCKWD_iter0_b5_ffwd_compute
issue,npu_id=0,curr_cycle=9725180347524,node_id=342,node_name=COMP_NODE_BCKWD_iter0_b5_ffwd_compute
issue,npu_id=2,curr_cycle=9725180347524,node_id=1146,node_name=COMP_NODE_BCKWD_iter0_b5_ffwd_compute
callback,npu_id=0,curr_cycle=9725180347524,node_id=341,node_name=COMP_NODE_BCKWD_iter0_b5_attention_compute
callback,npu_id=2,curr_cycle=9725180347524,node_id=1145,node_name=COMP_NODE_BCKWD_iter0_b5_attention_compute
issue,npu_id=1,curr_cycle=9725180352557,node_id=743,node_name=COMP_NODE_BCKWD_iter0_b5_ffwd_compute
issue,npu_id=3,curr_cycle=9725180352557,node_id=1547,node_name=COMP_NODE_BCKWD_iter0_b5_ffwd_compute
callback,npu_id=1,curr_cycle=9725180352557,node_id=742,node_name=COMP_NODE_BCKWD_iter0_b5_attention_compute
callback,npu_id=3,curr_cycle=9725180352557,node_id=1546,node_name=COMP_NODE_BCKWD_iter0_b5_attention_compute
issue,npu_id=0,curr_cycle=9780155928912,node_id=343,node_name=COMP_NODE_BCKWD_iter0_b5_attention_compute
issue,npu_id=2,curr_cycle=9780155928912,node_id=1147,node_name=COMP_NODE_BCKWD_iter0_b5_attention_compute
callback,npu_id=0,curr_cycle=9780155928912,node_id=342,node_name=COMP_NODE_BCKWD_iter0_b5_ffwd_compute
callback,npu_id=2,curr_cycle=9780155928912,node_id=1146,node_name=COMP_NODE_BCKWD_iter0_b5_ffwd_compute
issue,npu_id=1,curr_cycle=9780155933945,node_id=744,node_name=COMP_NODE_BCKWD_iter0_b5_attention_compute
issue,npu_id=3,curr_cycle=9780155933945,node_id=1548,node_name=COMP_NODE_BCKWD_iter0_b5_attention_compute
callback,npu_id=1,curr_cycle=9780155933945,node_id=743,node_name=COMP_NODE_BCKWD_iter0_b5_ffwd_compute
callback,npu_id=3,curr_cycle=9780155933945,node_id=1547,node_name=COMP_NODE_BCKWD_iter0_b5_ffwd_compute
issue,npu_id=0,curr_cycle=9809018109141,node_id=344,node_name=COMP_NODE_BCKWD_iter0_b5_ffwd_compute
issue,npu_id=2,curr_cycle=9809018109141,node_id=1148,node_name=COMP_NODE_BCKWD_iter0_b5_ffwd_compute
callback,npu_id=0,curr_cycle=9809018109141,node_id=343,node_name=COMP_NODE_BCKWD_iter0_b5_attention_compute
callback,npu_id=2,curr_cycle=9809018109141,node_id=1147,node_name=COMP_NODE_BCKWD_iter0_b5_attention_compute
issue,npu_id=1,curr_cycle=9809018114174,node_id=745,node_name=COMP_NODE_BCKWD_iter0_b5_ffwd_compute
issue,npu_id=3,curr_cycle=9809018114174,node_id=1549,node_name=COMP_NODE_BCKWD_iter0_b5_ffwd_compute
callback,npu_id=1,curr_cycle=9809018114174,node_id=744,node_name=COMP_NODE_BCKWD_iter0_b5_attention_compute
callback,npu_id=3,curr_cycle=9809018114174,node_id=1548,node_name=COMP_NODE_BCKWD_iter0_b5_attention_compute
issue,npu_id=0,curr_cycle=9863993690529,node_id=345,node_name=COMP_NODE_BCKWD_iter0_b5_attention_compute
issue,npu_id=2,curr_cycle=9863993690529,node_id=1149,node_name=COMP_NODE_BCKWD_iter0_b5_attention_compute
callback,npu_id=0,curr_cycle=9863993690529,node_id=344,node_name=COMP_NODE_BCKWD_iter0_b5_ffwd_compute
callback,npu_id=2,curr_cycle=9863993690529,node_id=1148,node_name=COMP_NODE_BCKWD_iter0_b5_ffwd_compute
issue,npu_id=1,curr_cycle=9863993695562,node_id=746,node_name=COMP_NODE_BCKWD_iter0_b5_attention_compute
issue,npu_id=3,curr_cycle=9863993695562,node_id=1550,node_name=COMP_NODE_BCKWD_iter0_b5_attention_compute
callback,npu_id=1,curr_cycle=9863993695562,node_id=745,node_name=COMP_NODE_BCKWD_iter0_b5_ffwd_compute
callback,npu_id=3,curr_cycle=9863993695562,node_id=1549,node_name=COMP_NODE_BCKWD_iter0_b5_ffwd_compute
issue,npu_id=0,curr_cycle=9892855870758,node_id=346,node_name=COMP_NODE_BCKWD_iter0_b5_ffwd_compute
issue,npu_id=2,curr_cycle=9892855870758,node_id=1150,node_name=COMP_NODE_BCKWD_iter0_b5_ffwd_compute
callback,npu_id=0,curr_cycle=9892855870758,node_id=345,node_name=COMP_NODE_BCKWD_iter0_b5_attention_compute
callback,npu_id=2,curr_cycle=9892855870758,node_id=1149,node_name=COMP_NODE_BCKWD_iter0_b5_attention_compute
issue,npu_id=1,curr_cycle=9892855875791,node_id=747,node_name=COMP_NODE_BCKWD_iter0_b5_ffwd_compute
issue,npu_id=3,curr_cycle=9892855875791,node_id=1551,node_name=COMP_NODE_BCKWD_iter0_b5_ffwd_compute
callback,npu_id=1,curr_cycle=9892855875791,node_id=746,node_name=COMP_NODE_BCKWD_iter0_b5_attention_compute
callback,npu_id=3,curr_cycle=9892855875791,node_id=1550,node_name=COMP_NODE_BCKWD_iter0_b5_attention_compute
issue,npu_id=0,curr_cycle=9947831452146,node_id=347,node_name=COMP_NODE_BCKWD_iter0_b5_attention_compute
issue,npu_id=2,curr_cycle=9947831452146,node_id=1151,node_name=COMP_NODE_BCKWD_iter0_b5_attention_compute
callback,npu_id=0,curr_cycle=9947831452146,node_id=346,node_name=COMP_NODE_BCKWD_iter0_b5_ffwd_compute
callback,npu_id=2,curr_cycle=9947831452146,node_id=1150,node_name=COMP_NODE_BCKWD_iter0_b5_ffwd_compute
issue,npu_id=1,curr_cycle=9947831457179,node_id=748,node_name=COMP_NODE_BCKWD_iter0_b5_attention_compute
issue,npu_id=3,curr_cycle=9947831457179,node_id=1552,node_name=COMP_NODE_BCKWD_iter0_b5_attention_compute
callback,npu_id=1,curr_cycle=9947831457179,node_id=747,node_name=COMP_NODE_BCKWD_iter0_b5_ffwd_compute
callback,npu_id=3,curr_cycle=9947831457179,node_id=1551,node_name=COMP_NODE_BCKWD_iter0_b5_ffwd_compute
issue,npu_id=0,curr_cycle=9976693632375,node_id=348,node_name=COMP_NODE_BCKWD_iter0_b5_ffwd_compute
issue,npu_id=2,curr_cycle=9976693632375,node_id=1152,node_name=COMP_NODE_BCKWD_iter0_b5_ffwd_compute
callback,npu_id=0,curr_cycle=9976693632375,node_id=347,node_name=COMP_NODE_BCKWD_iter0_b5_attention_compute
callback,npu_id=2,curr_cycle=9976693632375,node_id=1151,node_name=COMP_NODE_BCKWD_iter0_b5_attention_compute
issue,npu_id=1,curr_cycle=9976693637408,node_id=749,node_name=COMP_NODE_BCKWD_iter0_b5_ffwd_compute
issue,npu_id=3,curr_cycle=9976693637408,node_id=1553,node_name=COMP_NODE_BCKWD_iter0_b5_ffwd_compute
callback,npu_id=1,curr_cycle=9976693637408,node_id=748,node_name=COMP_NODE_BCKWD_iter0_b5_attention_compute
callback,npu_id=3,curr_cycle=9976693637408,node_id=1552,node_name=COMP_NODE_BCKWD_iter0_b5_attention_compute
issue,npu_id=0,curr_cycle=10031669213763,node_id=349,node_name=COMP_NODE_BCKWD_iter0_b5_attention_compute
issue,npu_id=2,curr_cycle=10031669213763,node_id=1153,node_name=COMP_NODE_BCKWD_iter0_b5_attention_compute
callback,npu_id=0,curr_cycle=10031669213763,node_id=348,node_name=COMP_NODE_BCKWD_iter0_b5_ffwd_compute
callback,npu_id=2,curr_cycle=10031669213763,node_id=1152,node_name=COMP_NODE_BCKWD_iter0_b5_ffwd_compute
issue,npu_id=1,curr_cycle=10031669218796,node_id=750,node_name=COMP_NODE_BCKWD_iter0_b5_attention_compute
issue,npu_id=3,curr_cycle=10031669218796,node_id=1554,node_name=COMP_NODE_BCKWD_iter0_b5_attention_compute
callback,npu_id=1,curr_cycle=10031669218796,node_id=749,node_name=COMP_NODE_BCKWD_iter0_b5_ffwd_compute
callback,npu_id=3,curr_cycle=10031669218796,node_id=1553,node_name=COMP_NODE_BCKWD_iter0_b5_ffwd_compute
issue,npu_id=0,curr_cycle=10060531393992,node_id=351,node_name=COMP_NODE_BCKWD_iter0_b6_ffwd_compute
issue,npu_id=2,curr_cycle=10060531393992,node_id=1155,node_name=COMP_NODE_BCKWD_iter0_b6_ffwd_compute
callback,npu_id=0,curr_cycle=10060531393992,node_id=349,node_name=COMP_NODE_BCKWD_iter0_b5_attention_compute
callback,npu_id=2,curr_cycle=10060531393992,node_id=1153,node_name=COMP_NODE_BCKWD_iter0_b5_attention_compute
issue,npu_id=1,curr_cycle=10060531399025,node_id=751,node_name=COMM_SEND_NODE_BCKWD_iter0_b5_dp0pp1tp0
issue,npu_id=1,curr_cycle=10060531399025,node_id=752,node_name=COMP_NODE_BCKWD_iter0_b6_ffwd_compute
issue,npu_id=3,curr_cycle=10060531399025,node_id=1555,node_name=COMM_SEND_NODE_BCKWD_iter0_b5_dp1pp1tp0
issue,npu_id=3,curr_cycle=10060531399025,node_id=1556,node_name=COMP_NODE_BCKWD_iter0_b6_ffwd_compute
callback,npu_id=1,curr_cycle=10060531399025,node_id=750,node_name=COMP_NODE_BCKWD_iter0_b5_attention_compute
callback,npu_id=3,curr_cycle=10060531399025,node_id=1554,node_name=COMP_NODE_BCKWD_iter0_b5_attention_compute
callback,npu_id=1,curr_cycle=10060531404058,node_id=751,node_name=COMM_SEND_NODE_BCKWD_iter0_b5_dp0pp1tp0
callback,npu_id=3,curr_cycle=10060531404058,node_id=1555,node_name=COMM_SEND_NODE_BCKWD_iter0_b5_dp1pp1tp0
issue,npu_id=0,curr_cycle=10115506975380,node_id=352,node_name=COMP_NODE_BCKWD_iter0_b6_attention_compute
issue,npu_id=2,curr_cycle=10115506975380,node_id=1156,node_name=COMP_NODE_BCKWD_iter0_b6_attention_compute
callback,npu_id=0,curr_cycle=10115506975380,node_id=351,node_name=COMP_NODE_BCKWD_iter0_b6_ffwd_compute
callback,npu_id=2,curr_cycle=10115506975380,node_id=1155,node_name=COMP_NODE_BCKWD_iter0_b6_ffwd_compute
issue,npu_id=1,curr_cycle=10115506980413,node_id=753,node_name=COMP_NODE_BCKWD_iter0_b6_attention_compute
issue,npu_id=3,curr_cycle=10115506980413,node_id=1557,node_name=COMP_NODE_BCKWD_iter0_b6_attention_compute
callback,npu_id=1,curr_cycle=10115506980413,node_id=752,node_name=COMP_NODE_BCKWD_iter0_b6_ffwd_compute
callback,npu_id=3,curr_cycle=10115506980413,node_id=1556,node_name=COMP_NODE_BCKWD_iter0_b6_ffwd_compute
issue,npu_id=0,curr_cycle=10144369155609,node_id=353,node_name=COMP_NODE_BCKWD_iter0_b6_ffwd_compute
issue,npu_id=2,curr_cycle=10144369155609,node_id=1157,node_name=COMP_NODE_BCKWD_iter0_b6_ffwd_compute
callback,npu_id=0,curr_cycle=10144369155609,node_id=352,node_name=COMP_NODE_BCKWD_iter0_b6_attention_compute
callback,npu_id=2,curr_cycle=10144369155609,node_id=1156,node_name=COMP_NODE_BCKWD_iter0_b6_attention_compute
issue,npu_id=1,curr_cycle=10144369160642,node_id=754,node_name=COMP_NODE_BCKWD_iter0_b6_ffwd_compute
issue,npu_id=3,curr_cycle=10144369160642,node_id=1558,node_name=COMP_NODE_BCKWD_iter0_b6_ffwd_compute
callback,npu_id=1,curr_cycle=10144369160642,node_id=753,node_name=COMP_NODE_BCKWD_iter0_b6_attention_compute
callback,npu_id=3,curr_cycle=10144369160642,node_id=1557,node_name=COMP_NODE_BCKWD_iter0_b6_attention_compute
issue,npu_id=0,curr_cycle=10199344736997,node_id=354,node_name=COMP_NODE_BCKWD_iter0_b6_attention_compute
issue,npu_id=2,curr_cycle=10199344736997,node_id=1158,node_name=COMP_NODE_BCKWD_iter0_b6_attention_compute
callback,npu_id=0,curr_cycle=10199344736997,node_id=353,node_name=COMP_NODE_BCKWD_iter0_b6_ffwd_compute
callback,npu_id=2,curr_cycle=10199344736997,node_id=1157,node_name=COMP_NODE_BCKWD_iter0_b6_ffwd_compute
issue,npu_id=1,curr_cycle=10199344742030,node_id=755,node_name=COMP_NODE_BCKWD_iter0_b6_attention_compute
issue,npu_id=3,curr_cycle=10199344742030,node_id=1559,node_name=COMP_NODE_BCKWD_iter0_b6_attention_compute
callback,npu_id=1,curr_cycle=10199344742030,node_id=754,node_name=COMP_NODE_BCKWD_iter0_b6_ffwd_compute
callback,npu_id=3,curr_cycle=10199344742030,node_id=1558,node_name=COMP_NODE_BCKWD_iter0_b6_ffwd_compute
issue,npu_id=0,curr_cycle=10228206917226,node_id=355,node_name=COMP_NODE_BCKWD_iter0_b6_ffwd_compute
issue,npu_id=2,curr_cycle=10228206917226,node_id=1159,node_name=COMP_NODE_BCKWD_iter0_b6_ffwd_compute
callback,npu_id=0,curr_cycle=10228206917226,node_id=354,node_name=COMP_NODE_BCKWD_iter0_b6_attention_compute
callback,npu_id=2,curr_cycle=10228206917226,node_id=1158,node_name=COMP_NODE_BCKWD_iter0_b6_attention_compute
issue,npu_id=1,curr_cycle=10228206922259,node_id=756,node_name=COMP_NODE_BCKWD_iter0_b6_ffwd_compute
issue,npu_id=3,curr_cycle=10228206922259,node_id=1560,node_name=COMP_NODE_BCKWD_iter0_b6_ffwd_compute
callback,npu_id=1,curr_cycle=10228206922259,node_id=755,node_name=COMP_NODE_BCKWD_iter0_b6_attention_compute
callback,npu_id=3,curr_cycle=10228206922259,node_id=1559,node_name=COMP_NODE_BCKWD_iter0_b6_attention_compute
issue,npu_id=0,curr_cycle=10283182498614,node_id=356,node_name=COMP_NODE_BCKWD_iter0_b6_attention_compute
issue,npu_id=2,curr_cycle=10283182498614,node_id=1160,node_name=COMP_NODE_BCKWD_iter0_b6_attention_compute
callback,npu_id=0,curr_cycle=10283182498614,node_id=355,node_name=COMP_NODE_BCKWD_iter0_b6_ffwd_compute
callback,npu_id=2,curr_cycle=10283182498614,node_id=1159,node_name=COMP_NODE_BCKWD_iter0_b6_ffwd_compute
issue,npu_id=1,curr_cycle=10283182503647,node_id=757,node_name=COMP_NODE_BCKWD_iter0_b6_attention_compute
issue,npu_id=3,curr_cycle=10283182503647,node_id=1561,node_name=COMP_NODE_BCKWD_iter0_b6_attention_compute
callback,npu_id=1,curr_cycle=10283182503647,node_id=756,node_name=COMP_NODE_BCKWD_iter0_b6_ffwd_compute
callback,npu_id=3,curr_cycle=10283182503647,node_id=1560,node_name=COMP_NODE_BCKWD_iter0_b6_ffwd_compute
issue,npu_id=0,curr_cycle=10312044678843,node_id=357,node_name=COMP_NODE_BCKWD_iter0_b6_ffwd_compute
issue,npu_id=2,curr_cycle=10312044678843,node_id=1161,node_name=COMP_NODE_BCKWD_iter0_b6_ffwd_compute
callback,npu_id=0,curr_cycle=10312044678843,node_id=356,node_name=COMP_NODE_BCKWD_iter0_b6_attention_compute
callback,npu_id=2,curr_cycle=10312044678843,node_id=1160,node_name=COMP_NODE_BCKWD_iter0_b6_attention_compute
issue,npu_id=1,curr_cycle=10312044683876,node_id=758,node_name=COMP_NODE_BCKWD_iter0_b6_ffwd_compute
issue,npu_id=3,curr_cycle=10312044683876,node_id=1562,node_name=COMP_NODE_BCKWD_iter0_b6_ffwd_compute
callback,npu_id=1,curr_cycle=10312044683876,node_id=757,node_name=COMP_NODE_BCKWD_iter0_b6_attention_compute
callback,npu_id=3,curr_cycle=10312044683876,node_id=1561,node_name=COMP_NODE_BCKWD_iter0_b6_attention_compute
issue,npu_id=0,curr_cycle=10367020260231,node_id=358,node_name=COMP_NODE_BCKWD_iter0_b6_attention_compute
issue,npu_id=2,curr_cycle=10367020260231,node_id=1162,node_name=COMP_NODE_BCKWD_iter0_b6_attention_compute
callback,npu_id=0,curr_cycle=10367020260231,node_id=357,node_name=COMP_NODE_BCKWD_iter0_b6_ffwd_compute
callback,npu_id=2,curr_cycle=10367020260231,node_id=1161,node_name=COMP_NODE_BCKWD_iter0_b6_ffwd_compute
issue,npu_id=1,curr_cycle=10367020265264,node_id=759,node_name=COMP_NODE_BCKWD_iter0_b6_attention_compute
issue,npu_id=3,curr_cycle=10367020265264,node_id=1563,node_name=COMP_NODE_BCKWD_iter0_b6_attention_compute
callback,npu_id=1,curr_cycle=10367020265264,node_id=758,node_name=COMP_NODE_BCKWD_iter0_b6_ffwd_compute
callback,npu_id=3,curr_cycle=10367020265264,node_id=1562,node_name=COMP_NODE_BCKWD_iter0_b6_ffwd_compute
issue,npu_id=0,curr_cycle=10395882440460,node_id=359,node_name=COMP_NODE_BCKWD_iter0_b6_ffwd_compute
issue,npu_id=2,curr_cycle=10395882440460,node_id=1163,node_name=COMP_NODE_BCKWD_iter0_b6_ffwd_compute
callback,npu_id=0,curr_cycle=10395882440460,node_id=358,node_name=COMP_NODE_BCKWD_iter0_b6_attention_compute
callback,npu_id=2,curr_cycle=10395882440460,node_id=1162,node_name=COMP_NODE_BCKWD_iter0_b6_attention_compute
issue,npu_id=1,curr_cycle=10395882445493,node_id=760,node_name=COMP_NODE_BCKWD_iter0_b6_ffwd_compute
issue,npu_id=3,curr_cycle=10395882445493,node_id=1564,node_name=COMP_NODE_BCKWD_iter0_b6_ffwd_compute
callback,npu_id=1,curr_cycle=10395882445493,node_id=759,node_name=COMP_NODE_BCKWD_iter0_b6_attention_compute
callback,npu_id=3,curr_cycle=10395882445493,node_id=1563,node_name=COMP_NODE_BCKWD_iter0_b6_attention_compute
issue,npu_id=0,curr_cycle=10450858021848,node_id=360,node_name=COMP_NODE_BCKWD_iter0_b6_attention_compute
issue,npu_id=2,curr_cycle=10450858021848,node_id=1164,node_name=COMP_NODE_BCKWD_iter0_b6_attention_compute
callback,npu_id=0,curr_cycle=10450858021848,node_id=359,node_name=COMP_NODE_BCKWD_iter0_b6_ffwd_compute
callback,npu_id=2,curr_cycle=10450858021848,node_id=1163,node_name=COMP_NODE_BCKWD_iter0_b6_ffwd_compute
issue,npu_id=1,curr_cycle=10450858026881,node_id=761,node_name=COMP_NODE_BCKWD_iter0_b6_attention_compute
issue,npu_id=3,curr_cycle=10450858026881,node_id=1565,node_name=COMP_NODE_BCKWD_iter0_b6_attention_compute
callback,npu_id=1,curr_cycle=10450858026881,node_id=760,node_name=COMP_NODE_BCKWD_iter0_b6_ffwd_compute
callback,npu_id=3,curr_cycle=10450858026881,node_id=1564,node_name=COMP_NODE_BCKWD_iter0_b6_ffwd_compute
issue,npu_id=0,curr_cycle=10479720202077,node_id=361,node_name=COMP_NODE_BCKWD_iter0_b6_ffwd_compute
issue,npu_id=2,curr_cycle=10479720202077,node_id=1165,node_name=COMP_NODE_BCKWD_iter0_b6_ffwd_compute
callback,npu_id=0,curr_cycle=10479720202077,node_id=360,node_name=COMP_NODE_BCKWD_iter0_b6_attention_compute
callback,npu_id=2,curr_cycle=10479720202077,node_id=1164,node_name=COMP_NODE_BCKWD_iter0_b6_attention_compute
issue,npu_id=1,curr_cycle=10479720207110,node_id=762,node_name=COMP_NODE_BCKWD_iter0_b6_ffwd_compute
issue,npu_id=3,curr_cycle=10479720207110,node_id=1566,node_name=COMP_NODE_BCKWD_iter0_b6_ffwd_compute
callback,npu_id=1,curr_cycle=10479720207110,node_id=761,node_name=COMP_NODE_BCKWD_iter0_b6_attention_compute
callback,npu_id=3,curr_cycle=10479720207110,node_id=1565,node_name=COMP_NODE_BCKWD_iter0_b6_attention_compute
issue,npu_id=0,curr_cycle=10534695783465,node_id=362,node_name=COMP_NODE_BCKWD_iter0_b6_attention_compute
issue,npu_id=2,curr_cycle=10534695783465,node_id=1166,node_name=COMP_NODE_BCKWD_iter0_b6_attention_compute
callback,npu_id=0,curr_cycle=10534695783465,node_id=361,node_name=COMP_NODE_BCKWD_iter0_b6_ffwd_compute
callback,npu_id=2,curr_cycle=10534695783465,node_id=1165,node_name=COMP_NODE_BCKWD_iter0_b6_ffwd_compute
issue,npu_id=1,curr_cycle=10534695788498,node_id=763,node_name=COMP_NODE_BCKWD_iter0_b6_attention_compute
issue,npu_id=3,curr_cycle=10534695788498,node_id=1567,node_name=COMP_NODE_BCKWD_iter0_b6_attention_compute
callback,npu_id=1,curr_cycle=10534695788498,node_id=762,node_name=COMP_NODE_BCKWD_iter0_b6_ffwd_compute
callback,npu_id=3,curr_cycle=10534695788498,node_id=1566,node_name=COMP_NODE_BCKWD_iter0_b6_ffwd_compute
issue,npu_id=0,curr_cycle=10563557963694,node_id=363,node_name=COMP_NODE_BCKWD_iter0_b6_ffwd_compute
issue,npu_id=2,curr_cycle=10563557963694,node_id=1167,node_name=COMP_NODE_BCKWD_iter0_b6_ffwd_compute
callback,npu_id=0,curr_cycle=10563557963694,node_id=362,node_name=COMP_NODE_BCKWD_iter0_b6_attention_compute
callback,npu_id=2,curr_cycle=10563557963694,node_id=1166,node_name=COMP_NODE_BCKWD_iter0_b6_attention_compute
issue,npu_id=1,curr_cycle=10563557968727,node_id=764,node_name=COMP_NODE_BCKWD_iter0_b6_ffwd_compute
issue,npu_id=3,curr_cycle=10563557968727,node_id=1568,node_name=COMP_NODE_BCKWD_iter0_b6_ffwd_compute
callback,npu_id=1,curr_cycle=10563557968727,node_id=763,node_name=COMP_NODE_BCKWD_iter0_b6_attention_compute
callback,npu_id=3,curr_cycle=10563557968727,node_id=1567,node_name=COMP_NODE_BCKWD_iter0_b6_attention_compute
issue,npu_id=0,curr_cycle=10618533545082,node_id=364,node_name=COMP_NODE_BCKWD_iter0_b6_attention_compute
issue,npu_id=2,curr_cycle=10618533545082,node_id=1168,node_name=COMP_NODE_BCKWD_iter0_b6_attention_compute
callback,npu_id=0,curr_cycle=10618533545082,node_id=363,node_name=COMP_NODE_BCKWD_iter0_b6_ffwd_compute
callback,npu_id=2,curr_cycle=10618533545082,node_id=1167,node_name=COMP_NODE_BCKWD_iter0_b6_ffwd_compute
issue,npu_id=1,curr_cycle=10618533550115,node_id=765,node_name=COMP_NODE_BCKWD_iter0_b6_attention_compute
issue,npu_id=3,curr_cycle=10618533550115,node_id=1569,node_name=COMP_NODE_BCKWD_iter0_b6_attention_compute
callback,npu_id=1,curr_cycle=10618533550115,node_id=764,node_name=COMP_NODE_BCKWD_iter0_b6_ffwd_compute
callback,npu_id=3,curr_cycle=10618533550115,node_id=1568,node_name=COMP_NODE_BCKWD_iter0_b6_ffwd_compute
issue,npu_id=0,curr_cycle=10647395725311,node_id=365,node_name=COMP_NODE_BCKWD_iter0_b6_ffwd_compute
issue,npu_id=2,curr_cycle=10647395725311,node_id=1169,node_name=COMP_NODE_BCKWD_iter0_b6_ffwd_compute
callback,npu_id=0,curr_cycle=10647395725311,node_id=364,node_name=COMP_NODE_BCKWD_iter0_b6_attention_compute
callback,npu_id=2,curr_cycle=10647395725311,node_id=1168,node_name=COMP_NODE_BCKWD_iter0_b6_attention_compute
issue,npu_id=1,curr_cycle=10647395730344,node_id=766,node_name=COMP_NODE_BCKWD_iter0_b6_ffwd_compute
issue,npu_id=3,curr_cycle=10647395730344,node_id=1570,node_name=COMP_NODE_BCKWD_iter0_b6_ffwd_compute
callback,npu_id=1,curr_cycle=10647395730344,node_id=765,node_name=COMP_NODE_BCKWD_iter0_b6_attention_compute
callback,npu_id=3,curr_cycle=10647395730344,node_id=1569,node_name=COMP_NODE_BCKWD_iter0_b6_attention_compute
issue,npu_id=0,curr_cycle=10702371306699,node_id=366,node_name=COMP_NODE_BCKWD_iter0_b6_attention_compute
issue,npu_id=2,curr_cycle=10702371306699,node_id=1170,node_name=COMP_NODE_BCKWD_iter0_b6_attention_compute
callback,npu_id=0,curr_cycle=10702371306699,node_id=365,node_name=COMP_NODE_BCKWD_iter0_b6_ffwd_compute
callback,npu_id=2,curr_cycle=10702371306699,node_id=1169,node_name=COMP_NODE_BCKWD_iter0_b6_ffwd_compute
issue,npu_id=1,curr_cycle=10702371311732,node_id=767,node_name=COMP_NODE_BCKWD_iter0_b6_attention_compute
issue,npu_id=3,curr_cycle=10702371311732,node_id=1571,node_name=COMP_NODE_BCKWD_iter0_b6_attention_compute
callback,npu_id=1,curr_cycle=10702371311732,node_id=766,node_name=COMP_NODE_BCKWD_iter0_b6_ffwd_compute
callback,npu_id=3,curr_cycle=10702371311732,node_id=1570,node_name=COMP_NODE_BCKWD_iter0_b6_ffwd_compute
issue,npu_id=0,curr_cycle=10731233486928,node_id=367,node_name=COMP_NODE_BCKWD_iter0_b6_ffwd_compute
issue,npu_id=2,curr_cycle=10731233486928,node_id=1171,node_name=COMP_NODE_BCKWD_iter0_b6_ffwd_compute
callback,npu_id=0,curr_cycle=10731233486928,node_id=366,node_name=COMP_NODE_BCKWD_iter0_b6_attention_compute
callback,npu_id=2,curr_cycle=10731233486928,node_id=1170,node_name=COMP_NODE_BCKWD_iter0_b6_attention_compute
issue,npu_id=1,curr_cycle=10731233491961,node_id=768,node_name=COMP_NODE_BCKWD_iter0_b6_ffwd_compute
issue,npu_id=3,curr_cycle=10731233491961,node_id=1572,node_name=COMP_NODE_BCKWD_iter0_b6_ffwd_compute
callback,npu_id=1,curr_cycle=10731233491961,node_id=767,node_name=COMP_NODE_BCKWD_iter0_b6_attention_compute
callback,npu_id=3,curr_cycle=10731233491961,node_id=1571,node_name=COMP_NODE_BCKWD_iter0_b6_attention_compute
issue,npu_id=0,curr_cycle=10786209068316,node_id=368,node_name=COMP_NODE_BCKWD_iter0_b6_attention_compute
issue,npu_id=2,curr_cycle=10786209068316,node_id=1172,node_name=COMP_NODE_BCKWD_iter0_b6_attention_compute
callback,npu_id=0,curr_cycle=10786209068316,node_id=367,node_name=COMP_NODE_BCKWD_iter0_b6_ffwd_compute
callback,npu_id=2,curr_cycle=10786209068316,node_id=1171,node_name=COMP_NODE_BCKWD_iter0_b6_ffwd_compute
issue,npu_id=1,curr_cycle=10786209073349,node_id=769,node_name=COMP_NODE_BCKWD_iter0_b6_attention_compute
issue,npu_id=3,curr_cycle=10786209073349,node_id=1573,node_name=COMP_NODE_BCKWD_iter0_b6_attention_compute
callback,npu_id=1,curr_cycle=10786209073349,node_id=768,node_name=COMP_NODE_BCKWD_iter0_b6_ffwd_compute
callback,npu_id=3,curr_cycle=10786209073349,node_id=1572,node_name=COMP_NODE_BCKWD_iter0_b6_ffwd_compute
issue,npu_id=0,curr_cycle=10815071248545,node_id=369,node_name=COMP_NODE_BCKWD_iter0_b6_ffwd_compute
issue,npu_id=2,curr_cycle=10815071248545,node_id=1173,node_name=COMP_NODE_BCKWD_iter0_b6_ffwd_compute
callback,npu_id=0,curr_cycle=10815071248545,node_id=368,node_name=COMP_NODE_BCKWD_iter0_b6_attention_compute
callback,npu_id=2,curr_cycle=10815071248545,node_id=1172,node_name=COMP_NODE_BCKWD_iter0_b6_attention_compute
issue,npu_id=1,curr_cycle=10815071253578,node_id=770,node_name=COMP_NODE_BCKWD_iter0_b6_ffwd_compute
issue,npu_id=3,curr_cycle=10815071253578,node_id=1574,node_name=COMP_NODE_BCKWD_iter0_b6_ffwd_compute
callback,npu_id=1,curr_cycle=10815071253578,node_id=769,node_name=COMP_NODE_BCKWD_iter0_b6_attention_compute
callback,npu_id=3,curr_cycle=10815071253578,node_id=1573,node_name=COMP_NODE_BCKWD_iter0_b6_attention_compute
issue,npu_id=0,curr_cycle=10870046829933,node_id=370,node_name=COMP_NODE_BCKWD_iter0_b6_attention_compute
issue,npu_id=2,curr_cycle=10870046829933,node_id=1174,node_name=COMP_NODE_BCKWD_iter0_b6_attention_compute
callback,npu_id=0,curr_cycle=10870046829933,node_id=369,node_name=COMP_NODE_BCKWD_iter0_b6_ffwd_compute
callback,npu_id=2,curr_cycle=10870046829933,node_id=1173,node_name=COMP_NODE_BCKWD_iter0_b6_ffwd_compute
issue,npu_id=1,curr_cycle=10870046834966,node_id=771,node_name=COMP_NODE_BCKWD_iter0_b6_attention_compute
issue,npu_id=3,curr_cycle=10870046834966,node_id=1575,node_name=COMP_NODE_BCKWD_iter0_b6_attention_compute
callback,npu_id=1,curr_cycle=10870046834966,node_id=770,node_name=COMP_NODE_BCKWD_iter0_b6_ffwd_compute
callback,npu_id=3,curr_cycle=10870046834966,node_id=1574,node_name=COMP_NODE_BCKWD_iter0_b6_ffwd_compute
issue,npu_id=0,curr_cycle=10898909010162,node_id=371,node_name=COMP_NODE_BCKWD_iter0_b6_ffwd_compute
issue,npu_id=2,curr_cycle=10898909010162,node_id=1175,node_name=COMP_NODE_BCKWD_iter0_b6_ffwd_compute
callback,npu_id=0,curr_cycle=10898909010162,node_id=370,node_name=COMP_NODE_BCKWD_iter0_b6_attention_compute
callback,npu_id=2,curr_cycle=10898909010162,node_id=1174,node_name=COMP_NODE_BCKWD_iter0_b6_attention_compute
issue,npu_id=1,curr_cycle=10898909015195,node_id=772,node_name=COMP_NODE_BCKWD_iter0_b6_ffwd_compute
issue,npu_id=3,curr_cycle=10898909015195,node_id=1576,node_name=COMP_NODE_BCKWD_iter0_b6_ffwd_compute
callback,npu_id=1,curr_cycle=10898909015195,node_id=771,node_name=COMP_NODE_BCKWD_iter0_b6_attention_compute
callback,npu_id=3,curr_cycle=10898909015195,node_id=1575,node_name=COMP_NODE_BCKWD_iter0_b6_attention_compute
issue,npu_id=0,curr_cycle=10953884591550,node_id=372,node_name=COMP_NODE_BCKWD_iter0_b6_attention_compute
issue,npu_id=2,curr_cycle=10953884591550,node_id=1176,node_name=COMP_NODE_BCKWD_iter0_b6_attention_compute
callback,npu_id=0,curr_cycle=10953884591550,node_id=371,node_name=COMP_NODE_BCKWD_iter0_b6_ffwd_compute
callback,npu_id=2,curr_cycle=10953884591550,node_id=1175,node_name=COMP_NODE_BCKWD_iter0_b6_ffwd_compute
issue,npu_id=1,curr_cycle=10953884596583,node_id=773,node_name=COMP_NODE_BCKWD_iter0_b6_attention_compute
issue,npu_id=3,curr_cycle=10953884596583,node_id=1577,node_name=COMP_NODE_BCKWD_iter0_b6_attention_compute
callback,npu_id=1,curr_cycle=10953884596583,node_id=772,node_name=COMP_NODE_BCKWD_iter0_b6_ffwd_compute
callback,npu_id=3,curr_cycle=10953884596583,node_id=1576,node_name=COMP_NODE_BCKWD_iter0_b6_ffwd_compute
issue,npu_id=0,curr_cycle=10982746771779,node_id=373,node_name=COMP_NODE_BCKWD_iter0_b6_ffwd_compute
issue,npu_id=2,curr_cycle=10982746771779,node_id=1177,node_name=COMP_NODE_BCKWD_iter0_b6_ffwd_compute
callback,npu_id=0,curr_cycle=10982746771779,node_id=372,node_name=COMP_NODE_BCKWD_iter0_b6_attention_compute
callback,npu_id=2,curr_cycle=10982746771779,node_id=1176,node_name=COMP_NODE_BCKWD_iter0_b6_attention_compute
issue,npu_id=1,curr_cycle=10982746776812,node_id=774,node_name=COMP_NODE_BCKWD_iter0_b6_ffwd_compute
issue,npu_id=3,curr_cycle=10982746776812,node_id=1578,node_name=COMP_NODE_BCKWD_iter0_b6_ffwd_compute
callback,npu_id=1,curr_cycle=10982746776812,node_id=773,node_name=COMP_NODE_BCKWD_iter0_b6_attention_compute
callback,npu_id=3,curr_cycle=10982746776812,node_id=1577,node_name=COMP_NODE_BCKWD_iter0_b6_attention_compute
issue,npu_id=0,curr_cycle=11037722353167,node_id=374,node_name=COMP_NODE_BCKWD_iter0_b6_attention_compute
issue,npu_id=2,curr_cycle=11037722353167,node_id=1178,node_name=COMP_NODE_BCKWD_iter0_b6_attention_compute
callback,npu_id=0,curr_cycle=11037722353167,node_id=373,node_name=COMP_NODE_BCKWD_iter0_b6_ffwd_compute
callback,npu_id=2,curr_cycle=11037722353167,node_id=1177,node_name=COMP_NODE_BCKWD_iter0_b6_ffwd_compute
issue,npu_id=1,curr_cycle=11037722358200,node_id=775,node_name=COMP_NODE_BCKWD_iter0_b6_attention_compute
issue,npu_id=3,curr_cycle=11037722358200,node_id=1579,node_name=COMP_NODE_BCKWD_iter0_b6_attention_compute
callback,npu_id=1,curr_cycle=11037722358200,node_id=774,node_name=COMP_NODE_BCKWD_iter0_b6_ffwd_compute
callback,npu_id=3,curr_cycle=11037722358200,node_id=1578,node_name=COMP_NODE_BCKWD_iter0_b6_ffwd_compute
issue,npu_id=0,curr_cycle=11066584533396,node_id=376,node_name=COMP_NODE_BCKWD_iter0_b7_ffwd_compute
issue,npu_id=2,curr_cycle=11066584533396,node_id=1180,node_name=COMP_NODE_BCKWD_iter0_b7_ffwd_compute
callback,npu_id=0,curr_cycle=11066584533396,node_id=374,node_name=COMP_NODE_BCKWD_iter0_b6_attention_compute
callback,npu_id=2,curr_cycle=11066584533396,node_id=1178,node_name=COMP_NODE_BCKWD_iter0_b6_attention_compute
issue,npu_id=1,curr_cycle=11066584538429,node_id=776,node_name=COMM_SEND_NODE_BCKWD_iter0_b6_dp0pp1tp0
issue,npu_id=1,curr_cycle=11066584538429,node_id=777,node_name=COMP_NODE_BCKWD_iter0_b7_ffwd_compute
issue,npu_id=3,curr_cycle=11066584538429,node_id=1580,node_name=COMM_SEND_NODE_BCKWD_iter0_b6_dp1pp1tp0
issue,npu_id=3,curr_cycle=11066584538429,node_id=1581,node_name=COMP_NODE_BCKWD_iter0_b7_ffwd_compute
callback,npu_id=1,curr_cycle=11066584538429,node_id=775,node_name=COMP_NODE_BCKWD_iter0_b6_attention_compute
callback,npu_id=3,curr_cycle=11066584538429,node_id=1579,node_name=COMP_NODE_BCKWD_iter0_b6_attention_compute
callback,npu_id=1,curr_cycle=11066584543462,node_id=776,node_name=COMM_SEND_NODE_BCKWD_iter0_b6_dp0pp1tp0
callback,npu_id=3,curr_cycle=11066584543462,node_id=1580,node_name=COMM_SEND_NODE_BCKWD_iter0_b6_dp1pp1tp0
issue,npu_id=0,curr_cycle=11121560114784,node_id=377,node_name=COMP_NODE_BCKWD_iter0_b7_attention_compute
issue,npu_id=2,curr_cycle=11121560114784,node_id=1181,node_name=COMP_NODE_BCKWD_iter0_b7_attention_compute
callback,npu_id=0,curr_cycle=11121560114784,node_id=376,node_name=COMP_NODE_BCKWD_iter0_b7_ffwd_compute
callback,npu_id=2,curr_cycle=11121560114784,node_id=1180,node_name=COMP_NODE_BCKWD_iter0_b7_ffwd_compute
issue,npu_id=1,curr_cycle=11121560119817,node_id=778,node_name=COMP_NODE_BCKWD_iter0_b7_attention_compute
issue,npu_id=3,curr_cycle=11121560119817,node_id=1582,node_name=COMP_NODE_BCKWD_iter0_b7_attention_compute
callback,npu_id=1,curr_cycle=11121560119817,node_id=777,node_name=COMP_NODE_BCKWD_iter0_b7_ffwd_compute
callback,npu_id=3,curr_cycle=11121560119817,node_id=1581,node_name=COMP_NODE_BCKWD_iter0_b7_ffwd_compute
issue,npu_id=0,curr_cycle=11150422295013,node_id=378,node_name=COMP_NODE_BCKWD_iter0_b7_ffwd_compute
issue,npu_id=2,curr_cycle=11150422295013,node_id=1182,node_name=COMP_NODE_BCKWD_iter0_b7_ffwd_compute
callback,npu_id=0,curr_cycle=11150422295013,node_id=377,node_name=COMP_NODE_BCKWD_iter0_b7_attention_compute
callback,npu_id=2,curr_cycle=11150422295013,node_id=1181,node_name=COMP_NODE_BCKWD_iter0_b7_attention_compute
issue,npu_id=1,curr_cycle=11150422300046,node_id=779,node_name=COMP_NODE_BCKWD_iter0_b7_ffwd_compute
issue,npu_id=3,curr_cycle=11150422300046,node_id=1583,node_name=COMP_NODE_BCKWD_iter0_b7_ffwd_compute
callback,npu_id=1,curr_cycle=11150422300046,node_id=778,node_name=COMP_NODE_BCKWD_iter0_b7_attention_compute
callback,npu_id=3,curr_cycle=11150422300046,node_id=1582,node_name=COMP_NODE_BCKWD_iter0_b7_attention_compute
issue,npu_id=0,curr_cycle=11205397876401,node_id=379,node_name=COMP_NODE_BCKWD_iter0_b7_attention_compute
issue,npu_id=2,curr_cycle=11205397876401,node_id=1183,node_name=COMP_NODE_BCKWD_iter0_b7_attention_compute
callback,npu_id=0,curr_cycle=11205397876401,node_id=378,node_name=COMP_NODE_BCKWD_iter0_b7_ffwd_compute
callback,npu_id=2,curr_cycle=11205397876401,node_id=1182,node_name=COMP_NODE_BCKWD_iter0_b7_ffwd_compute
issue,npu_id=1,curr_cycle=11205397881434,node_id=780,node_name=COMP_NODE_BCKWD_iter0_b7_attention_compute
issue,npu_id=3,curr_cycle=11205397881434,node_id=1584,node_name=COMP_NODE_BCKWD_iter0_b7_attention_compute
callback,npu_id=1,curr_cycle=11205397881434,node_id=779,node_name=COMP_NODE_BCKWD_iter0_b7_ffwd_compute
callback,npu_id=3,curr_cycle=11205397881434,node_id=1583,node_name=COMP_NODE_BCKWD_iter0_b7_ffwd_compute
issue,npu_id=0,curr_cycle=11234260056630,node_id=380,node_name=COMP_NODE_BCKWD_iter0_b7_ffwd_compute
issue,npu_id=2,curr_cycle=11234260056630,node_id=1184,node_name=COMP_NODE_BCKWD_iter0_b7_ffwd_compute
callback,npu_id=0,curr_cycle=11234260056630,node_id=379,node_name=COMP_NODE_BCKWD_iter0_b7_attention_compute
callback,npu_id=2,curr_cycle=11234260056630,node_id=1183,node_name=COMP_NODE_BCKWD_iter0_b7_attention_compute
issue,npu_id=1,curr_cycle=11234260061663,node_id=781,node_name=COMP_NODE_BCKWD_iter0_b7_ffwd_compute
issue,npu_id=3,curr_cycle=11234260061663,node_id=1585,node_name=COMP_NODE_BCKWD_iter0_b7_ffwd_compute
callback,npu_id=1,curr_cycle=11234260061663,node_id=780,node_name=COMP_NODE_BCKWD_iter0_b7_attention_compute
callback,npu_id=3,curr_cycle=11234260061663,node_id=1584,node_name=COMP_NODE_BCKWD_iter0_b7_attention_compute
issue,npu_id=0,curr_cycle=11289235638018,node_id=381,node_name=COMP_NODE_BCKWD_iter0_b7_attention_compute
issue,npu_id=2,curr_cycle=11289235638018,node_id=1185,node_name=COMP_NODE_BCKWD_iter0_b7_attention_compute
callback,npu_id=0,curr_cycle=11289235638018,node_id=380,node_name=COMP_NODE_BCKWD_iter0_b7_ffwd_compute
callback,npu_id=2,curr_cycle=11289235638018,node_id=1184,node_name=COMP_NODE_BCKWD_iter0_b7_ffwd_compute
issue,npu_id=1,curr_cycle=11289235643051,node_id=782,node_name=COMP_NODE_BCKWD_iter0_b7_attention_compute
issue,npu_id=3,curr_cycle=11289235643051,node_id=1586,node_name=COMP_NODE_BCKWD_iter0_b7_attention_compute
callback,npu_id=1,curr_cycle=11289235643051,node_id=781,node_name=COMP_NODE_BCKWD_iter0_b7_ffwd_compute
callback,npu_id=3,curr_cycle=11289235643051,node_id=1585,node_name=COMP_NODE_BCKWD_iter0_b7_ffwd_compute
issue,npu_id=0,curr_cycle=11318097818247,node_id=382,node_name=COMP_NODE_BCKWD_iter0_b7_ffwd_compute
issue,npu_id=2,curr_cycle=11318097818247,node_id=1186,node_name=COMP_NODE_BCKWD_iter0_b7_ffwd_compute
callback,npu_id=0,curr_cycle=11318097818247,node_id=381,node_name=COMP_NODE_BCKWD_iter0_b7_attention_compute
callback,npu_id=2,curr_cycle=11318097818247,node_id=1185,node_name=COMP_NODE_BCKWD_iter0_b7_attention_compute
issue,npu_id=1,curr_cycle=11318097823280,node_id=783,node_name=COMP_NODE_BCKWD_iter0_b7_ffwd_compute
issue,npu_id=3,curr_cycle=11318097823280,node_id=1587,node_name=COMP_NODE_BCKWD_iter0_b7_ffwd_compute
callback,npu_id=1,curr_cycle=11318097823280,node_id=782,node_name=COMP_NODE_BCKWD_iter0_b7_attention_compute
callback,npu_id=3,curr_cycle=11318097823280,node_id=1586,node_name=COMP_NODE_BCKWD_iter0_b7_attention_compute
issue,npu_id=0,curr_cycle=11373073399635,node_id=383,node_name=COMP_NODE_BCKWD_iter0_b7_attention_compute
issue,npu_id=2,curr_cycle=11373073399635,node_id=1187,node_name=COMP_NODE_BCKWD_iter0_b7_attention_compute
callback,npu_id=0,curr_cycle=11373073399635,node_id=382,node_name=COMP_NODE_BCKWD_iter0_b7_ffwd_compute
callback,npu_id=2,curr_cycle=11373073399635,node_id=1186,node_name=COMP_NODE_BCKWD_iter0_b7_ffwd_compute
issue,npu_id=1,curr_cycle=11373073404668,node_id=784,node_name=COMP_NODE_BCKWD_iter0_b7_attention_compute
issue,npu_id=3,curr_cycle=11373073404668,node_id=1588,node_name=COMP_NODE_BCKWD_iter0_b7_attention_compute
callback,npu_id=1,curr_cycle=11373073404668,node_id=783,node_name=COMP_NODE_BCKWD_iter0_b7_ffwd_compute
callback,npu_id=3,curr_cycle=11373073404668,node_id=1587,node_name=COMP_NODE_BCKWD_iter0_b7_ffwd_compute
issue,npu_id=0,curr_cycle=11401935579864,node_id=384,node_name=COMP_NODE_BCKWD_iter0_b7_ffwd_compute
issue,npu_id=2,curr_cycle=11401935579864,node_id=1188,node_name=COMP_NODE_BCKWD_iter0_b7_ffwd_compute
callback,npu_id=0,curr_cycle=11401935579864,node_id=383,node_name=COMP_NODE_BCKWD_iter0_b7_attention_compute
callback,npu_id=2,curr_cycle=11401935579864,node_id=1187,node_name=COMP_NODE_BCKWD_iter0_b7_attention_compute
issue,npu_id=1,curr_cycle=11401935584897,node_id=785,node_name=COMP_NODE_BCKWD_iter0_b7_ffwd_compute
issue,npu_id=3,curr_cycle=11401935584897,node_id=1589,node_name=COMP_NODE_BCKWD_iter0_b7_ffwd_compute
callback,npu_id=1,curr_cycle=11401935584897,node_id=784,node_name=COMP_NODE_BCKWD_iter0_b7_attention_compute
callback,npu_id=3,curr_cycle=11401935584897,node_id=1588,node_name=COMP_NODE_BCKWD_iter0_b7_attention_compute
issue,npu_id=0,curr_cycle=11456911161252,node_id=385,node_name=COMP_NODE_BCKWD_iter0_b7_attention_compute
issue,npu_id=2,curr_cycle=11456911161252,node_id=1189,node_name=COMP_NODE_BCKWD_iter0_b7_attention_compute
callback,npu_id=0,curr_cycle=11456911161252,node_id=384,node_name=COMP_NODE_BCKWD_iter0_b7_ffwd_compute
callback,npu_id=2,curr_cycle=11456911161252,node_id=1188,node_name=COMP_NODE_BCKWD_iter0_b7_ffwd_compute
issue,npu_id=1,curr_cycle=11456911166285,node_id=786,node_name=COMP_NODE_BCKWD_iter0_b7_attention_compute
issue,npu_id=3,curr_cycle=11456911166285,node_id=1590,node_name=COMP_NODE_BCKWD_iter0_b7_attention_compute
callback,npu_id=1,curr_cycle=11456911166285,node_id=785,node_name=COMP_NODE_BCKWD_iter0_b7_ffwd_compute
callback,npu_id=3,curr_cycle=11456911166285,node_id=1589,node_name=COMP_NODE_BCKWD_iter0_b7_ffwd_compute
issue,npu_id=0,curr_cycle=11485773341481,node_id=386,node_name=COMP_NODE_BCKWD_iter0_b7_ffwd_compute
issue,npu_id=2,curr_cycle=11485773341481,node_id=1190,node_name=COMP_NODE_BCKWD_iter0_b7_ffwd_compute
callback,npu_id=0,curr_cycle=11485773341481,node_id=385,node_name=COMP_NODE_BCKWD_iter0_b7_attention_compute
callback,npu_id=2,curr_cycle=11485773341481,node_id=1189,node_name=COMP_NODE_BCKWD_iter0_b7_attention_compute
issue,npu_id=1,curr_cycle=11485773346514,node_id=787,node_name=COMP_NODE_BCKWD_iter0_b7_ffwd_compute
issue,npu_id=3,curr_cycle=11485773346514,node_id=1591,node_name=COMP_NODE_BCKWD_iter0_b7_ffwd_compute
callback,npu_id=1,curr_cycle=11485773346514,node_id=786,node_name=COMP_NODE_BCKWD_iter0_b7_attention_compute
callback,npu_id=3,curr_cycle=11485773346514,node_id=1590,node_name=COMP_NODE_BCKWD_iter0_b7_attention_compute
issue,npu_id=0,curr_cycle=11540748922869,node_id=387,node_name=COMP_NODE_BCKWD_iter0_b7_attention_compute
issue,npu_id=2,curr_cycle=11540748922869,node_id=1191,node_name=COMP_NODE_BCKWD_iter0_b7_attention_compute
callback,npu_id=0,curr_cycle=11540748922869,node_id=386,node_name=COMP_NODE_BCKWD_iter0_b7_ffwd_compute
callback,npu_id=2,curr_cycle=11540748922869,node_id=1190,node_name=COMP_NODE_BCKWD_iter0_b7_ffwd_compute
issue,npu_id=1,curr_cycle=11540748927902,node_id=788,node_name=COMP_NODE_BCKWD_iter0_b7_attention_compute
issue,npu_id=3,curr_cycle=11540748927902,node_id=1592,node_name=COMP_NODE_BCKWD_iter0_b7_attention_compute
callback,npu_id=1,curr_cycle=11540748927902,node_id=787,node_name=COMP_NODE_BCKWD_iter0_b7_ffwd_compute
callback,npu_id=3,curr_cycle=11540748927902,node_id=1591,node_name=COMP_NODE_BCKWD_iter0_b7_ffwd_compute
issue,npu_id=0,curr_cycle=11569611103098,node_id=388,node_name=COMP_NODE_BCKWD_iter0_b7_ffwd_compute
issue,npu_id=2,curr_cycle=11569611103098,node_id=1192,node_name=COMP_NODE_BCKWD_iter0_b7_ffwd_compute
callback,npu_id=0,curr_cycle=11569611103098,node_id=387,node_name=COMP_NODE_BCKWD_iter0_b7_attention_compute
callback,npu_id=2,curr_cycle=11569611103098,node_id=1191,node_name=COMP_NODE_BCKWD_iter0_b7_attention_compute
issue,npu_id=1,curr_cycle=11569611108131,node_id=789,node_name=COMP_NODE_BCKWD_iter0_b7_ffwd_compute
issue,npu_id=3,curr_cycle=11569611108131,node_id=1593,node_name=COMP_NODE_BCKWD_iter0_b7_ffwd_compute
callback,npu_id=1,curr_cycle=11569611108131,node_id=788,node_name=COMP_NODE_BCKWD_iter0_b7_attention_compute
callback,npu_id=3,curr_cycle=11569611108131,node_id=1592,node_name=COMP_NODE_BCKWD_iter0_b7_attention_compute
issue,npu_id=0,curr_cycle=11624586684486,node_id=389,node_name=COMP_NODE_BCKWD_iter0_b7_attention_compute
issue,npu_id=2,curr_cycle=11624586684486,node_id=1193,node_name=COMP_NODE_BCKWD_iter0_b7_attention_compute
callback,npu_id=0,curr_cycle=11624586684486,node_id=388,node_name=COMP_NODE_BCKWD_iter0_b7_ffwd_compute
callback,npu_id=2,curr_cycle=11624586684486,node_id=1192,node_name=COMP_NODE_BCKWD_iter0_b7_ffwd_compute
issue,npu_id=1,curr_cycle=11624586689519,node_id=790,node_name=COMP_NODE_BCKWD_iter0_b7_attention_compute
issue,npu_id=3,curr_cycle=11624586689519,node_id=1594,node_name=COMP_NODE_BCKWD_iter0_b7_attention_compute
callback,npu_id=1,curr_cycle=11624586689519,node_id=789,node_name=COMP_NODE_BCKWD_iter0_b7_ffwd_compute
callback,npu_id=3,curr_cycle=11624586689519,node_id=1593,node_name=COMP_NODE_BCKWD_iter0_b7_ffwd_compute
issue,npu_id=0,curr_cycle=11653448864715,node_id=390,node_name=COMP_NODE_BCKWD_iter0_b7_ffwd_compute
issue,npu_id=2,curr_cycle=11653448864715,node_id=1194,node_name=COMP_NODE_BCKWD_iter0_b7_ffwd_compute
callback,npu_id=0,curr_cycle=11653448864715,node_id=389,node_name=COMP_NODE_BCKWD_iter0_b7_attention_compute
callback,npu_id=2,curr_cycle=11653448864715,node_id=1193,node_name=COMP_NODE_BCKWD_iter0_b7_attention_compute
issue,npu_id=1,curr_cycle=11653448869748,node_id=791,node_name=COMP_NODE_BCKWD_iter0_b7_ffwd_compute
issue,npu_id=3,curr_cycle=11653448869748,node_id=1595,node_name=COMP_NODE_BCKWD_iter0_b7_ffwd_compute
callback,npu_id=1,curr_cycle=11653448869748,node_id=790,node_name=COMP_NODE_BCKWD_iter0_b7_attention_compute
callback,npu_id=3,curr_cycle=11653448869748,node_id=1594,node_name=COMP_NODE_BCKWD_iter0_b7_attention_compute
issue,npu_id=0,curr_cycle=11708424446103,node_id=391,node_name=COMP_NODE_BCKWD_iter0_b7_attention_compute
issue,npu_id=2,curr_cycle=11708424446103,node_id=1195,node_name=COMP_NODE_BCKWD_iter0_b7_attention_compute
callback,npu_id=0,curr_cycle=11708424446103,node_id=390,node_name=COMP_NODE_BCKWD_iter0_b7_ffwd_compute
callback,npu_id=2,curr_cycle=11708424446103,node_id=1194,node_name=COMP_NODE_BCKWD_iter0_b7_ffwd_compute
issue,npu_id=1,curr_cycle=11708424451136,node_id=792,node_name=COMP_NODE_BCKWD_iter0_b7_attention_compute
issue,npu_id=3,curr_cycle=11708424451136,node_id=1596,node_name=COMP_NODE_BCKWD_iter0_b7_attention_compute
callback,npu_id=1,curr_cycle=11708424451136,node_id=791,node_name=COMP_NODE_BCKWD_iter0_b7_ffwd_compute
callback,npu_id=3,curr_cycle=11708424451136,node_id=1595,node_name=COMP_NODE_BCKWD_iter0_b7_ffwd_compute
issue,npu_id=0,curr_cycle=11737286626332,node_id=392,node_name=COMP_NODE_BCKWD_iter0_b7_ffwd_compute
issue,npu_id=2,curr_cycle=11737286626332,node_id=1196,node_name=COMP_NODE_BCKWD_iter0_b7_ffwd_compute
callback,npu_id=0,curr_cycle=11737286626332,node_id=391,node_name=COMP_NODE_BCKWD_iter0_b7_attention_compute
callback,npu_id=2,curr_cycle=11737286626332,node_id=1195,node_name=COMP_NODE_BCKWD_iter0_b7_attention_compute
issue,npu_id=1,curr_cycle=11737286631365,node_id=793,node_name=COMP_NODE_BCKWD_iter0_b7_ffwd_compute
issue,npu_id=3,curr_cycle=11737286631365,node_id=1597,node_name=COMP_NODE_BCKWD_iter0_b7_ffwd_compute
callback,npu_id=1,curr_cycle=11737286631365,node_id=792,node_name=COMP_NODE_BCKWD_iter0_b7_attention_compute
callback,npu_id=3,curr_cycle=11737286631365,node_id=1596,node_name=COMP_NODE_BCKWD_iter0_b7_attention_compute
issue,npu_id=0,curr_cycle=11792262207720,node_id=393,node_name=COMP_NODE_BCKWD_iter0_b7_attention_compute
issue,npu_id=2,curr_cycle=11792262207720,node_id=1197,node_name=COMP_NODE_BCKWD_iter0_b7_attention_compute
callback,npu_id=0,curr_cycle=11792262207720,node_id=392,node_name=COMP_NODE_BCKWD_iter0_b7_ffwd_compute
callback,npu_id=2,curr_cycle=11792262207720,node_id=1196,node_name=COMP_NODE_BCKWD_iter0_b7_ffwd_compute
issue,npu_id=1,curr_cycle=11792262212753,node_id=794,node_name=COMP_NODE_BCKWD_iter0_b7_attention_compute
issue,npu_id=3,curr_cycle=11792262212753,node_id=1598,node_name=COMP_NODE_BCKWD_iter0_b7_attention_compute
callback,npu_id=1,curr_cycle=11792262212753,node_id=793,node_name=COMP_NODE_BCKWD_iter0_b7_ffwd_compute
callback,npu_id=3,curr_cycle=11792262212753,node_id=1597,node_name=COMP_NODE_BCKWD_iter0_b7_ffwd_compute
issue,npu_id=0,curr_cycle=11821124387949,node_id=394,node_name=COMP_NODE_BCKWD_iter0_b7_ffwd_compute
issue,npu_id=2,curr_cycle=11821124387949,node_id=1198,node_name=COMP_NODE_BCKWD_iter0_b7_ffwd_compute
callback,npu_id=0,curr_cycle=11821124387949,node_id=393,node_name=COMP_NODE_BCKWD_iter0_b7_attention_compute
callback,npu_id=2,curr_cycle=11821124387949,node_id=1197,node_name=COMP_NODE_BCKWD_iter0_b7_attention_compute
issue,npu_id=1,curr_cycle=11821124392982,node_id=795,node_name=COMP_NODE_BCKWD_iter0_b7_ffwd_compute
issue,npu_id=3,curr_cycle=11821124392982,node_id=1599,node_name=COMP_NODE_BCKWD_iter0_b7_ffwd_compute
callback,npu_id=1,curr_cycle=11821124392982,node_id=794,node_name=COMP_NODE_BCKWD_iter0_b7_attention_compute
callback,npu_id=3,curr_cycle=11821124392982,node_id=1598,node_name=COMP_NODE_BCKWD_iter0_b7_attention_compute
issue,npu_id=0,curr_cycle=11876099969337,node_id=395,node_name=COMP_NODE_BCKWD_iter0_b7_attention_compute
issue,npu_id=2,curr_cycle=11876099969337,node_id=1199,node_name=COMP_NODE_BCKWD_iter0_b7_attention_compute
callback,npu_id=0,curr_cycle=11876099969337,node_id=394,node_name=COMP_NODE_BCKWD_iter0_b7_ffwd_compute
callback,npu_id=2,curr_cycle=11876099969337,node_id=1198,node_name=COMP_NODE_BCKWD_iter0_b7_ffwd_compute
issue,npu_id=1,curr_cycle=11876099974370,node_id=796,node_name=COMP_NODE_BCKWD_iter0_b7_attention_compute
issue,npu_id=3,curr_cycle=11876099974370,node_id=1600,node_name=COMP_NODE_BCKWD_iter0_b7_attention_compute
callback,npu_id=1,curr_cycle=11876099974370,node_id=795,node_name=COMP_NODE_BCKWD_iter0_b7_ffwd_compute
callback,npu_id=3,curr_cycle=11876099974370,node_id=1599,node_name=COMP_NODE_BCKWD_iter0_b7_ffwd_compute
issue,npu_id=0,curr_cycle=11904962149566,node_id=396,node_name=COMP_NODE_BCKWD_iter0_b7_ffwd_compute
issue,npu_id=2,curr_cycle=11904962149566,node_id=1200,node_name=COMP_NODE_BCKWD_iter0_b7_ffwd_compute
callback,npu_id=0,curr_cycle=11904962149566,node_id=395,node_name=COMP_NODE_BCKWD_iter0_b7_attention_compute
callback,npu_id=2,curr_cycle=11904962149566,node_id=1199,node_name=COMP_NODE_BCKWD_iter0_b7_attention_compute
issue,npu_id=1,curr_cycle=11904962154599,node_id=797,node_name=COMP_NODE_BCKWD_iter0_b7_ffwd_compute
issue,npu_id=3,curr_cycle=11904962154599,node_id=1601,node_name=COMP_NODE_BCKWD_iter0_b7_ffwd_compute
callback,npu_id=1,curr_cycle=11904962154599,node_id=796,node_name=COMP_NODE_BCKWD_iter0_b7_attention_compute
callback,npu_id=3,curr_cycle=11904962154599,node_id=1600,node_name=COMP_NODE_BCKWD_iter0_b7_attention_compute
issue,npu_id=0,curr_cycle=11959937730954,node_id=397,node_name=COMP_NODE_BCKWD_iter0_b7_attention_compute
issue,npu_id=2,curr_cycle=11959937730954,node_id=1201,node_name=COMP_NODE_BCKWD_iter0_b7_attention_compute
callback,npu_id=0,curr_cycle=11959937730954,node_id=396,node_name=COMP_NODE_BCKWD_iter0_b7_ffwd_compute
callback,npu_id=2,curr_cycle=11959937730954,node_id=1200,node_name=COMP_NODE_BCKWD_iter0_b7_ffwd_compute
issue,npu_id=1,curr_cycle=11959937735987,node_id=798,node_name=COMP_NODE_BCKWD_iter0_b7_attention_compute
issue,npu_id=3,curr_cycle=11959937735987,node_id=1602,node_name=COMP_NODE_BCKWD_iter0_b7_attention_compute
callback,npu_id=1,curr_cycle=11959937735987,node_id=797,node_name=COMP_NODE_BCKWD_iter0_b7_ffwd_compute
callback,npu_id=3,curr_cycle=11959937735987,node_id=1601,node_name=COMP_NODE_BCKWD_iter0_b7_ffwd_compute
issue,npu_id=0,curr_cycle=11988799911183,node_id=398,node_name=COMP_NODE_BCKWD_iter0_b7_ffwd_compute
issue,npu_id=2,curr_cycle=11988799911183,node_id=1202,node_name=COMP_NODE_BCKWD_iter0_b7_ffwd_compute
callback,npu_id=0,curr_cycle=11988799911183,node_id=397,node_name=COMP_NODE_BCKWD_iter0_b7_attention_compute
callback,npu_id=2,curr_cycle=11988799911183,node_id=1201,node_name=COMP_NODE_BCKWD_iter0_b7_attention_compute
issue,npu_id=1,curr_cycle=11988799916216,node_id=799,node_name=COMP_NODE_BCKWD_iter0_b7_ffwd_compute
issue,npu_id=3,curr_cycle=11988799916216,node_id=1603,node_name=COMP_NODE_BCKWD_iter0_b7_ffwd_compute
callback,npu_id=1,curr_cycle=11988799916216,node_id=798,node_name=COMP_NODE_BCKWD_iter0_b7_attention_compute
callback,npu_id=3,curr_cycle=11988799916216,node_id=1602,node_name=COMP_NODE_BCKWD_iter0_b7_attention_compute
issue,npu_id=0,curr_cycle=12043775492571,node_id=399,node_name=COMP_NODE_BCKWD_iter0_b7_attention_compute
issue,npu_id=2,curr_cycle=12043775492571,node_id=1203,node_name=COMP_NODE_BCKWD_iter0_b7_attention_compute
callback,npu_id=0,curr_cycle=12043775492571,node_id=398,node_name=COMP_NODE_BCKWD_iter0_b7_ffwd_compute
callback,npu_id=2,curr_cycle=12043775492571,node_id=1202,node_name=COMP_NODE_BCKWD_iter0_b7_ffwd_compute
issue,npu_id=1,curr_cycle=12043775497604,node_id=800,node_name=COMP_NODE_BCKWD_iter0_b7_attention_compute
issue,npu_id=3,curr_cycle=12043775497604,node_id=1604,node_name=COMP_NODE_BCKWD_iter0_b7_attention_compute
callback,npu_id=1,curr_cycle=12043775497604,node_id=799,node_name=COMP_NODE_BCKWD_iter0_b7_ffwd_compute
callback,npu_id=3,curr_cycle=12043775497604,node_id=1603,node_name=COMP_NODE_BCKWD_iter0_b7_ffwd_compute
issue,npu_id=0,curr_cycle=12072637672800,node_id=400,node_name=COMM_COLL_NODE_DP_All-Reduce_iter0_dp0pp0tp0
issue,npu_id=2,curr_cycle=12072637672800,node_id=1204,node_name=COMM_COLL_NODE_DP_All-Reduce_iter0_dp1pp0tp0
callback,npu_id=0,curr_cycle=12072637672800,node_id=399,node_name=COMP_NODE_BCKWD_iter0_b7_attention_compute
callback,npu_id=2,curr_cycle=12072637672800,node_id=1203,node_name=COMP_NODE_BCKWD_iter0_b7_attention_compute
issue,npu_id=1,curr_cycle=12072637677833,node_id=801,node_name=COMM_SEND_NODE_BCKWD_iter0_b7_dp0pp1tp0
issue,npu_id=1,curr_cycle=12072637677833,node_id=802,node_name=COMM_COLL_NODE_DP_All-Reduce_iter0_dp0pp1tp0
issue,npu_id=3,curr_cycle=12072637677833,node_id=1605,node_name=COMM_SEND_NODE_BCKWD_iter0_b7_dp1pp1tp0
issue,npu_id=3,curr_cycle=12072637677833,node_id=1606,node_name=COMM_COLL_NODE_DP_All-Reduce_iter0_dp1pp1tp0
callback,npu_id=1,curr_cycle=12072637677833,node_id=800,node_name=COMP_NODE_BCKWD_iter0_b7_attention_compute
callback,npu_id=3,curr_cycle=12072637677833,node_id=1604,node_name=COMP_NODE_BCKWD_iter0_b7_attention_compute
callback,npu_id=1,curr_cycle=12072637682866,node_id=801,node_name=COMM_SEND_NODE_BCKWD_iter0_b7_dp0pp1tp0
callback,npu_id=3,curr_cycle=12072637682866,node_id=1605,node_name=COMM_SEND_NODE_BCKWD_iter0_b7_dp1pp1tp0
issue,npu_id=0,curr_cycle=12072639501101,node_id=401,node_name=COMP_NODE_CHECKPOINT_SAVE_iter0_npu0
issue,npu_id=2,curr_cycle=12072639501101,node_id=1205,node_name=COMP_NODE_CHECKPOINT_SAVE_iter0_npu2
callback,npu_id=0,curr_cycle=12072639501101,node_id=400,node_name=COMM_COLL_NODE_DP_All-Reduce_iter0_dp0pp0tp0
callback,npu_id=2,curr_cycle=12072639501101,node_id=1204,node_name=COMM_COLL_NODE_DP_All-Reduce_iter0_dp1pp0tp0
issue,npu_id=1,curr_cycle=12072639506134,node_id=803,node_name=COMP_NODE_CHECKPOINT_SAVE_iter0_npu1
issue,npu_id=3,curr_cycle=12072639506134,node_id=1607,node_name=COMP_NODE_CHECKPOINT_SAVE_iter0_npu3
callback,npu_id=1,curr_cycle=12072639506134,node_id=802,node_name=COMM_COLL_NODE_DP_All-Reduce_iter0_dp0pp1tp0
callback,npu_id=3,curr_cycle=12072639506134,node_id=1606,node_name=COMM_COLL_NODE_DP_All-Reduce_iter0_dp1pp1tp0
callback,npu_id=0,curr_cycle=12074139501101,node_id=401,node_name=COMP_NODE_CHECKPOINT_SAVE_iter0_npu0
callback,npu_id=2,curr_cycle=12074139501101,node_id=1205,node_name=COMP_NODE_CHECKPOINT_SAVE_iter0_npu2
callback,npu_id=1,curr_cycle=12074139506134,node_id=803,node_name=COMP_NODE_CHECKPOINT_SAVE_iter0_npu1
callback,npu_id=3,curr_cycle=12074139506134,node_id=1607,node_name=COMP_NODE_CHECKPOINT_SAVE_iter0_npu3
